order_id,date,product,category,region,quantity,unit_price,sales,profit
ORD005764,2025-01-01,Shoes,Clothing,North,1,819.72,819.72,335.74
ORD007110,2025-01-01,Yoga Mat,Sports,East,2,4123.45,8246.9,2042.79
ORD005413,2025-01-01,Laptop,Electronics,West,2,58217.21,116434.42,16387.88
ORD001399,2025-01-01,Running Shoes,Sports,South,1,1559.68,1559.68,428.08
ORD010477,2025-01-01,Rice,Groceries,Central,3,1610.3,4830.9,545.44
ORD009048,2025-01-01,Smartphone,Electronics,East,3,47386.82,142160.46,20463.47
ORD005805,2025-01-01,Cycle,Sports,West,1,984.2,984.2,223.55
ORD005387,2025-01-01,Smartphone,Electronics,South,1,39226.18,39226.18,4090.22
ORD000273,2025-01-01,Bookshelf,Furniture,West,3,19307.59,57922.77,8904.14
ORD010046,2025-01-01,Spices Pack,Groceries,North,3,1443.11,4329.33,538.89
ORD008379,2025-01-01,Sofa,Furniture,West,3,13962.92,41888.76,9839.88
ORD007042,2025-01-01,Smartwatch,Electronics,South,1,77995.27,77995.27,8249.65
ORD008145,2025-01-01,Bookshelf,Furniture,South,1,3001.69,3001.69,307.96
ORD007100,2025-01-01,Smartwatch,Electronics,North,3,60127.67,180383.01,26660.99
ORD005063,2025-01-01,Rice,Groceries,South,2,238.64,477.28,63.05
ORD009054,2025-01-01,Jeans,Clothing,North,2,825.65,1651.3,459.61
ORD002150,2025-01-01,Jacket,Clothing,Central,3,2334.03,7002.09,2443.17
ORD012013,2025-01-01,Dress,Clothing,Central,4,2208.02,8832.08,2946.36
ORD006187,2025-01-01,Dumbbell Set,Sports,North,1,5865.05,5865.05,1213.83
ORD000779,2025-01-01,Wardrobe,Furniture,Central,5,19107.47,95537.35,15444.02
ORD000146,2025-01-01,Headphones,Electronics,Central,3,10196.02,30588.06,2584.13
ORD007790,2025-01-01,Jeans,Clothing,East,4,4034.75,57392.01,22258.16
ORD007921,2025-01-01,Dumbbell Set,Sports,East,2,8858.67,17717.34,5966.82
ORD009180,2025-01-01,Wardrobe,Furniture,Central,1,6360.91,6360.91,758.3
ORD008306,2025-01-01,Snacks,Groceries,North,1,757.75,757.75,77.74
ORD009339,2025-01-01,Running Shoes,Sports,South,3,14507.18,209743.49,71188.26
ORD009337,2025-01-01,Headphones,Electronics,North,1,40794.43,40794.43,7433.58
ORD008211,2025-01-01,Snacks,Groceries,North,3,1372.9,4118.7,312.11
ORD008936,2025-01-01,Chair,Furniture,North,3,3254.86,9764.58,2378.88
ORD001698,2025-01-01,Wardrobe,Furniture,North,3,27226.91,81680.73,20373.11
ORD009671,2025-01-01,Dress,Clothing,South,8,4276.01,34208.08,12353.61
ORD001574,2025-01-02,Cycle,Sports,South,8,13482.52,107860.16,30555.99
ORD005473,2025-01-02,Dumbbell Set,Sports,North,5,5422.66,27113.3,7755.26
ORD001262,2025-01-02,Sofa,Furniture,South,2,10383.08,20766.16,3193.99
ORD011254,2025-01-02,Snacks,Groceries,West,4,1365.33,5461.32,700.05
ORD000491,2025-01-02,Spices Pack,Groceries,Central,5,735.06,3675.3,467.1
ORD009834,2025-01-02,Shoes,Clothing,Central,3,2539.29,7617.87,1761.41
ORD003365,2025-01-02,Dress,Clothing,South,3,4819.26,14457.78,5809.36
ORD004206,2025-01-02,Bookshelf,Furniture,Central,4,14557.59,58230.36,14388.56
ORD006876,2025-01-02,Chair,Furniture,East,1,4205.9,4205.9,595.28
ORD009570,2025-01-02,T-Shirt,Clothing,East,2,4587.04,9174.08,3860.46
ORD008400,2025-01-02,Rice,Groceries,East,3,186.59,2460.08,344.94
ORD008053,2025-01-02,Badminton Kit,Sports,West,5,11788.76,58943.8,12711.96
ORD007395,2025-01-02,Cooking Oil,Groceries,East,4,265.92,1063.68,151.69
ORD001723,2025-01-02,Jacket,Clothing,North,5,4911.25,24556.25,8898.63
ORD008049,2025-01-02,Wardrobe,Furniture,East,1,15825.55,15825.55,2509.87
ORD000663,2025-01-02,Spices Pack,Groceries,South,1,1954.14,1954.14,163.54
ORD011474,2025-01-02,Jacket,Clothing,West,3,3279.25,9837.75,2497.06
ORD011333,2025-01-02,T-Shirt,Clothing,West,1,4294.58,4294.58,1090.53
ORD000155,2025-01-02,Shoes,Clothing,East,1,4037.38,4037.38,1080.84
ORD002855,2025-01-02,Smartwatch,Electronics,North,3,55272.51,165817.53,31312.69
ORD004122,2025-01-02,Headphones,Electronics,West,1,9758.74,36473.19,4719.99
ORD011686,2025-01-02,Cycle,Sports,South,5,816.56,4082.8,1423.78
ORD008991,2025-01-02,Dress,Clothing,West,8,2471.02,19768.16,4688.51
ORD011343,2025-01-02,Cycle,Sports,Central,6,6696.38,218410.09,72138.39
ORD001874,2025-01-02,Shoes,Clothing,East,1,3418.56,3418.56,1035.14
ORD000591,2025-01-02,Chair,Furniture,East,2,28963.78,57927.56,8763.33
ORD007888,2025-01-02,Yoga Mat,Sports,North,2,14705.53,29411.06,8221.33
ORD006916,2025-01-02,Dairy Bundle,Groceries,Central,1,857.45,857.45,54.61
ORD008962,2025-01-02,Snacks,Groceries,West,2,1165.42,2330.84,270.09
ORD010653,2025-01-02,Jeans,Clothing,East,5,775.29,3876.45,1550.27
ORD001447,2025-01-02,Headphones,Electronics,South,3,63520.84,190562.52,30215.23
ORD010804,2025-01-02,Desk,Furniture,Central,5,15710.36,78551.8,17453.5
ORD009928,2025-01-02,Jacket,Clothing,West,4,1584.6,6338.4,2529.08
ORD011127,2025-01-02,Bookshelf,Furniture,South,8,19206.52,153652.16,31346.29
ORD003929,2025-01-02,Cycle,Sports,East,2,6452.58,12905.16,2532.89
ORD008164,2025-01-02,Dress,Clothing,West,5,1228.63,6143.15,1238.59
ORD010665,2025-01-03,Bookshelf,Furniture,North,2,16336.02,32672.04,7705.76
ORD011070,2025-01-03,Snacks,Groceries,South,5,1316.77,6583.85,934.51
ORD008805,2025-01-03,Tablet,Electronics,West,3,38361.08,115083.24,15343.61
ORD006672,2025-01-03,Yoga Mat,Sports,East,4,4972.11,19888.44,5685.74
ORD005301,2025-01-03,Headphones,Electronics,West,4,21946.42,87785.68,9218.03
ORD006475,2025-01-03,Yoga Mat,Sports,North,1,13324.83,13324.83,2226.23
ORD000802,2025-01-03,Dairy Bundle,Groceries,Central,1,530.65,530.65,45.37
ORD006418,2025-01-03,Smartphone,Electronics,South,1,29642.56,29642.56,4707.08
ORD007622,2025-01-03,T-Shirt,Clothing,South,3,2526.06,7578.18,3324.2
ORD008902,2025-01-03,Wardrobe,Furniture,North,1,9447.51,9447.51,1265.5
ORD005652,2025-01-03,Spices Pack,Groceries,Central,4,1142.12,4568.48,281.44
ORD002910,2025-01-03,Bookshelf,Furniture,Central,4,28005.38,112021.52,19549.05
ORD004445,2025-01-03,T-Shirt,Clothing,South,8,1761.57,14092.56,3169.64
ORD008423,2025-01-03,Laptop,Electronics,West,3,53607.11,160821.33,25962.23
ORD005292,2025-01-03,Spices Pack,Groceries,North,4,997.33,13976.54,1472.9
ORD011207,2025-01-03,Cooking Oil,Groceries,South,1,1790.5,1790.5,193.07
ORD010096,2025-01-03,Jeans,Clothing,West,1,541.4,541.4,190.59
ORD009116,2025-01-03,Tablet,Electronics,Central,2,21862.51,43725.02,6593.8
ORD001361,2025-01-03,Spices Pack,Groceries,Central,2,1807.27,3614.54,463.82
ORD001115,2025-01-03,Dumbbell Set,Sports,Central,2,4809.95,9619.9,2020.02
ORD009642,2025-01-03,Smartphone,Electronics,North,2,51142.19,102284.38,15984.81
ORD007653,2025-01-03,Rice,Groceries,East,1,1342.29,1342.29,77.33
ORD003334,2025-01-03,Tablet,Electronics,South,3,31904.05,95712.15,16207.23
ORD009751,2025-01-03,Headphones,Electronics,South,3,19919.83,59759.49,7899.74
ORD000644,2025-01-03,Bookshelf,Furniture,North,2,4460.26,8920.52,1361.22
ORD010681,2025-01-03,Wardrobe,Furniture,South,2,17614.81,35229.62,5272.61
ORD009854,2025-01-03,T-Shirt,Clothing,North,6,2141.15,12846.9,4060.48
ORD004840,2025-01-03,Badminton Kit,Sports,South,1,7857.21,7857.21,1695.46
ORD002177,2025-01-03,Bookshelf,Furniture,East,2,13595.95,115374.54,28115.84
ORD001940,2025-01-03,Chair,Furniture,South,2,17597.13,35194.26,4740.92
ORD001291,2025-01-03,Dumbbell Set,Sports,Central,2,2282.35,4564.7,1496.0
ORD010047,2025-01-03,Laptop,Electronics,North,5,60400.99,302004.95,39003.05
ORD011029,2025-01-04,Yoga Mat,Sports,Central,1,4619.31,4619.31,1543.26
ORD009414,2025-01-04,Badminton Kit,Sports,South,4,10730.67,42922.68,13553.46
ORD007331,2025-01-04,Desk,Furniture,North,1,25566.91,25566.91,5582.55
ORD002536,2025-01-04,Wardrobe,Furniture,West,2,17478.82,34957.64,7379.54
ORD003732,2025-01-04,Dairy Bundle,Groceries,South,1,1836.25,1836.25,159.44
ORD002482,2025-01-04,Cooking Oil,Groceries,Central,1,654.63,654.63,81.74
ORD011093,2025-01-04,Laptop,Electronics,South,1,71132.44,71132.44,8854.97
ORD002029,2025-01-04,Badminton Kit,Sports,South,2,12366.52,24733.04,3908.51
ORD009709,2025-01-04,Yoga Mat,Sports,East,1,4621.27,4621.27,1528.82
ORD006563,2025-01-04,Jeans,Clothing,North,3,793.21,2379.63,489.22
ORD006444,2025-01-04,Dairy Bundle,Groceries,West,1,745.17,745.17,60.42
ORD011630,2025-01-04,Dumbbell Set,Sports,South,1,2469.2,2469.2,695.88
ORD005960,2025-01-04,Headphones,Electronics,Central,2,25617.41,51234.82,9277.09
ORD009714,2025-01-04,Snacks,Groceries,Central,1,115.43,115.43,10.89
ORD003004,2025-01-04,Jacket,Clothing,South,1,2736.32,2736.32,597.13
ORD008978,2025-01-04,T-Shirt,Clothing,South,3,4459.09,13377.27,5201.2
ORD012237,2025-01-04,Cooking Oil,Groceries,North,3,1701.73,5105.19,344.69
ORD001558,2025-01-04,Sofa,Furniture,East,8,7579.57,60636.56,14044.67
ORD005768,2025-01-04,Shoes,Clothing,East,1,2146.91,2146.91,886.37
ORD005359,2025-01-04,T-Shirt,Clothing,Central,1,1640.13,1640.13,408.16
ORD005675,2025-01-04,Laptop,Electronics,South,5,20766.41,103832.05,19055.35
ORD004458,2025-01-04,Badminton Kit,Sports,South,4,1715.16,6860.64,1691.69
ORD000813,2025-01-04,Headphones,Electronics,Central,4,20621.81,82487.24,13428.97
ORD002764,2025-01-04,Jacket,Clothing,West,7,3303.13,23121.91,5095.19
ORD001801,2025-01-04,Dairy Bundle,Groceries,West,6,368.32,2209.92,236.66
ORD005570,2025-01-04,Smartphone,Electronics,South,2,57548.56,115097.12,22825.71
ORD004231,2025-01-04,Dairy Bundle,Groceries,South,1,1928.15,1928.15,270.23
ORD011381,2025-01-04,Chair,Furniture,South,6,22691.2,136147.2,32358.66
ORD000092,2025-01-04,Cycle,Sports,West,6,13908.06,83448.36,27159.76
ORD004814,2025-01-04,Jeans,Clothing,East,3,3098.17,9294.51,3885.58
ORD003180,2025-01-04,Headphones,Electronics,West,1,76041.23,76041.23,12229.95
ORD011714,2025-01-04,Cycle,Sports,West,7,1246.27,8723.89,2228.35
ORD000505,2025-01-05,Smartwatch,Electronics,Central,3,25976.1,77928.3,10811.07
ORD008788,2025-01-05,Jacket,Clothing,West,1,2457.91,2457.91,975.55
ORD007029,2025-01-05,Snacks,Groceries,South,3,1034.69,3104.07,410.52
ORD004981,2025-01-05,Cycle,Sports,South,5,9027.25,45136.25,11922.2
ORD008719,2025-01-05,Smartphone,Electronics,West,4,37244.38,148977.52,22755.02
ORD011961,2025-01-05,Snacks,Groceries,North,3,1492.54,4477.62,233.28
ORD000175,2025-01-05,Headphones,Electronics,East,3,34972.11,104916.33,16272.86
ORD003379,2025-01-05,Cycle,Sports,East,2,12634.52,25269.04,6682.73
ORD003801,2025-01-05,Dress,Clothing,North,1,3439.69,3439.69,839.87
ORD002475,2025-01-05,Chair,Furniture,North,3,24542.72,73628.16,16695.62
ORD003488,2025-01-05,Desk,Furniture,North,8,17305.22,138441.76,22899.24
ORD001770,2025-01-05,Smartphone,Electronics,Central,1,56527.58,56527.58,4946.6
ORD003341,2025-01-05,Sofa,Furniture,South,5,20352.21,101761.05,13735.52
ORD005647,2025-01-05,Tablet,Electronics,Central,4,47875.83,191503.32,32112.2
ORD006060,2025-01-05,Bookshelf,Furniture,South,2,24090.63,48181.26,10310.77
ORD004151,2025-01-05,Headphones,Electronics,East,3,64755.81,194267.43,21580.05
ORD003300,2025-01-05,Wardrobe,Furniture,South,3,27781.18,83343.54,15605.1
ORD010471,2025-01-05,Wardrobe,Furniture,West,4,24829.42,99317.68,21144.14
ORD008051,2025-01-05,Snacks,Groceries,Central,2,1326.39,2652.78,144.52
ORD001891,2025-01-05,Jacket,Clothing,North,2,2177.74,4355.48,1226.93
ORD004680,2025-01-05,Dairy Bundle,Groceries,South,1,1723.26,1723.26,204.51
ORD003972,2025-01-05,Desk,Furniture,East,4,27235.26,108941.04,13572.75
ORD011775,2025-01-05,Running Shoes,Sports,Central,1,14747.13,14747.13,3538.79
ORD003328,2025-01-05,Bookshelf,Furniture,East,1,8702.36,8702.36,1415.83
ORD008273,2025-01-05,Laptop,Electronics,Central,2,54906.28,109812.56,15593.51
ORD000049,2025-01-05,Spices Pack,Groceries,North,2,1093.19,2186.38,202.8
ORD001667,2025-01-05,Dress,Clothing,Central,2,1098.44,2196.88,546.46
ORD003637,2025-01-05,Chair,Furniture,Central,2,19964.23,39928.46,4133.19
ORD012406,2025-01-05,Tablet,Electronics,North,5,12028.25,269855.77,40742.17
ORD009606,2025-01-05,Snacks,Groceries,South,5,167.3,836.5,104.22
ORD000849,2025-01-05,Dairy Bundle,Groceries,East,4,149.04,596.16,37.87
ORD000325,2025-01-05,Spices Pack,Groceries,Central,4,1599.43,6397.72,638.78
ORD006654,2025-01-05,Headphones,Electronics,East,2,46954.18,93908.36,17962.03
ORD009120,2025-01-05,Rice,Groceries,North,3,380.67,1142.01,93.06
ORD004740,2025-01-05,Cooking Oil,Groceries,West,1,631.88,631.88,38.29
ORD007135,2025-01-05,Dumbbell Set,Sports,West,1,13525.06,13525.06,2852.28
ORD004744,2025-01-05,Laptop,Electronics,West,2,8405.45,16810.9,1720.73
ORD005280,2025-01-05,Yoga Mat,Sports,East,6,4991.59,29949.54,10310.41
ORD010121,2025-01-05,Dumbbell Set,Sports,West,4,4635.33,18541.32,5721.35
ORD012282,2025-01-05,Dress,Clothing,East,1,1751.45,1751.45,657.1
ORD002291,2025-01-05,Desk,Furniture,Central,1,28167.23,28167.23,4098.55
ORD001656,2025-01-05,Sofa,Furniture,East,1,22236.66,22236.66,4414.19
ORD009806,2025-01-05,Desk,Furniture,West,1,3483.41,3483.41,389.3
ORD011334,2025-01-05,Rice,Groceries,South,2,1532.27,3064.54,423.32
ORD004777,2025-01-05,Badminton Kit,Sports,North,2,11133.74,22267.48,6179.22
ORD007164,2025-01-05,Smartwatch,Electronics,East,2,37580.71,75161.42,9364.38
ORD011540,2025-01-05,Shoes,Clothing,Central,2,3875.36,7750.72,2726.91
ORD003080,2025-01-05,Dumbbell Set,Sports,East,3,2472.82,7418.46,2353.25
ORD010427,2025-01-05,Yoga Mat,Sports,West,4,1092.09,4368.36,1502.24
ORD008277,2025-01-06,Chair,Furniture,South,2,6355.12,12710.24,3108.33
ORD003517,2025-01-06,Dairy Bundle,Groceries,East,2,1212.98,2425.96,263.65
ORD008482,2025-01-06,Snacks,Groceries,North,2,1505.87,3011.74,349.91
ORD005584,2025-01-06,Dress,Clothing,Central,1,589.9,589.9,148.76
ORD010203,2025-01-06,Cooking Oil,Groceries,South,4,901.42,3605.68,334.05
ORD011289,2025-01-06,Dumbbell Set,Sports,Central,2,5364.2,10728.4,3108.52
ORD000580,2025-01-06,Tablet,Electronics,West,1,70772.73,70772.73,5910.21
ORD003151,2025-01-06,Chair,Furniture,West,1,23921.86,23921.86,3980.56
ORD000679,2025-01-06,Badminton Kit,Sports,North,3,13560.18,40680.54,9533.25
ORD006600,2025-01-06,Dumbbell Set,Sports,South,2,5505.46,11010.92,2061.03
ORD010237,2025-01-06,Wardrobe,Furniture,South,6,7606.05,230271.66,24824.32
ORD003986,2025-01-06,Wardrobe,Furniture,East,1,29514.27,29514.27,5771.73
ORD005632,2025-01-06,Headphones,Electronics,North,5,52086.56,260432.8,34533.37
ORD001057,2025-01-06,Bookshelf,Furniture,Central,3,7158.3,21474.9,5027.24
ORD010037,2025-01-06,Desk,Furniture,East,6,15143.95,90863.7,18503.27
ORD004063,2025-01-06,Laptop,Electronics,South,4,28397.35,113589.4,9090.46
ORD010608,2025-01-06,Yoga Mat,Sports,North,2,9352.79,18705.58,3220.65
ORD008858,2025-01-06,Rice,Groceries,West,2,649.19,1298.38,110.53
ORD003810,2025-01-06,Shoes,Clothing,East,2,4864.73,9729.46,3011.35
ORD000453,2025-01-06,Dress,Clothing,North,1,2280.7,2280.7,965.12
ORD011560,2025-01-06,Shoes,Clothing,West,2,3640.09,7280.18,2627.9
ORD010621,2025-01-06,Smartwatch,Electronics,North,1,68137.78,68137.78,8643.1
ORD007842,2025-01-06,Yoga Mat,Sports,North,1,552.88,552.88,166.94
ORD003515,2025-01-06,Smartphone,Electronics,South,1,35610.64,35610.64,3499.36
ORD005807,2025-01-06,Cooking Oil,Groceries,Central,1,492.38,492.38,72.37
ORD007505,2025-01-06,Running Shoes,Sports,South,3,7807.5,23422.5,4465.08
ORD010756,2025-01-06,Spices Pack,Groceries,East,1,212.87,212.87,28.31
ORD006575,2025-01-06,Smartwatch,Electronics,West,1,59541.2,59541.2,10207.53
ORD002846,2025-01-06,T-Shirt,Clothing,North,4,1394.53,5578.12,1334.23
ORD002388,2025-01-07,Chair,Furniture,Central,1,11445.26,11445.26,2565.21
ORD009670,2025-01-07,Tablet,Electronics,North,3,49494.24,148482.72,20507.13
ORD004547,2025-01-07,Dairy Bundle,Groceries,West,2,1026.97,2053.94,246.92
ORD011735,2025-01-07,Laptop,Electronics,South,6,71675.8,430054.8,47418.07
ORD000605,2025-01-07,Shoes,Clothing,West,4,1586.05,6344.2,2850.33
ORD006374,2025-01-07,T-Shirt,Clothing,North,1,729.15,3152.16,1221.47
ORD004947,2025-01-07,Desk,Furniture,East,2,24732.13,49464.26,10280.46
ORD001156,2025-01-07,Dress,Clothing,East,1,2684.84,2684.84,1123.75
ORD003322,2025-01-07,Snacks,Groceries,Central,3,1039.73,3119.19,435.05
ORD001520,2025-01-07,Headphones,Electronics,East,2,12860.18,25720.36,3658.57
ORD005905,2025-01-07,Spices Pack,Groceries,West,1,157.36,157.36,9.53
ORD006819,2025-01-07,Shoes,Clothing,West,1,3833.58,3833.58,1197.7
ORD011096,2025-01-07,Smartwatch,Electronics,East,4,25830.52,103322.08,10559.51
ORD003976,2025-01-07,Wardrobe,Furniture,North,3,28605.91,85817.73,9396.13
ORD003989,2025-01-07,Sofa,Furniture,North,3,27808.35,83425.05,17821.29
ORD011951,2025-01-07,Dress,Clothing,East,4,3548.12,14192.48,6143.64
ORD005150,2025-01-07,Dumbbell Set,Sports,South,3,1159.55,3478.65,1110.13
ORD003217,2025-01-07,Jeans,Clothing,East,1,4443.69,4443.69,1461.08
ORD012195,2025-01-07,Cooking Oil,Groceries,East,3,1966.37,5899.11,853.53
ORD004146,2025-01-07,Tablet,Electronics,South,1,77799.64,77799.64,12695.75
ORD010021,2025-01-07,Bookshelf,Furniture,West,2,7650.95,15301.9,3256.35
ORD006650,2025-01-07,Tablet,Electronics,West,2,33175.04,66350.08,6047.24
ORD007856,2025-01-07,Bookshelf,Furniture,North,2,4186.92,8373.84,2022.07
ORD007181,2025-01-07,Tablet,Electronics,Central,2,76548.21,153096.42,26763.27
ORD005251,2025-01-07,Headphones,Electronics,South,1,10682.28,10682.28,888.36
ORD010935,2025-01-07,Sofa,Furniture,South,1,15173.2,15173.2,1932.3
ORD003624,2025-01-07,Sofa,Furniture,East,1,20719.31,20719.31,4753.33
ORD011623,2025-01-07,Smartphone,Electronics,South,2,55636.03,111272.06,20985.85
ORD007627,2025-01-07,Jeans,Clothing,South,2,1224.43,2448.86,953.74
ORD011701,2025-01-07,Dairy Bundle,Groceries,East,2,959.69,1919.38,194.01
ORD000710,2025-01-07,Shoes,Clothing,North,4,2425.34,9701.36,4205.24
ORD005442,2025-01-07,Running Shoes,Sports,East,1,6115.72,6115.72,1651.49
ORD006846,2025-01-07,Smartphone,Electronics,West,2,43314.45,86628.9,7344.11
ORD004452,2025-01-07,Dumbbell Set,Sports,East,2,11817.57,23635.14,7116.24
ORD004702,2025-01-08,Dairy Bundle,Groceries,South,3,1163.8,3491.4,279.63
ORD005718,2025-01-08,Chair,Furniture,North,1,24889.95,24889.95,4384.8
ORD010859,2025-01-08,Cycle,Sports,South,6,4648.75,27892.5,6935.27
ORD003234,2025-01-08,Laptop,Electronics,North,1,46744.71,46744.71,4135.32
ORD010186,2025-01-08,Badminton Kit,Sports,Central,1,2117.75,2117.75,493.94
ORD004353,2025-01-08,Cooking Oil,Groceries,North,2,599.0,1198.0,120.33
ORD008120,2025-01-08,Jeans,Clothing,East,6,2425.88,14555.28,5583.58
ORD010182,2025-01-08,Running Shoes,Sports,East,2,5194.0,10388.0,3614.39
ORD002496,2025-01-08,Sofa,Furniture,East,2,29311.49,58622.98,10905.9
ORD001786,2025-01-08,Bookshelf,Furniture,East,1,10788.51,10788.51,1949.52
ORD004958,2025-01-08,Smartwatch,Electronics,Central,1,40507.71,161537.17,31114.67
ORD010110,2025-01-08,Desk,Furniture,East,5,23976.31,119881.55,29543.7
ORD004348,2025-01-08,Chair,Furniture,East,3,16530.25,49590.75,9465.09
ORD012489,2025-01-08,Shoes,Clothing,South,2,606.73,1213.46,413.49
ORD000858,2025-01-08,Chair,Furniture,South,2,3628.59,7257.18,1808.71
ORD009158,2025-01-08,Wardrobe,Furniture,South,1,28168.95,28168.95,6182.8
ORD012116,2025-01-08,Laptop,Electronics,Central,1,22389.0,22389.0,2865.19
ORD002224,2025-01-08,Sofa,Furniture,West,3,7064.97,21194.91,4660.2
ORD001646,2025-01-08,Yoga Mat,Sports,West,3,1471.12,4413.36,1436.42
ORD011600,2025-01-08,Running Shoes,Sports,North,1,9359.63,9359.63,1555.91
ORD000123,2025-01-08,Jeans,Clothing,East,3,372.65,1117.95,483.04
ORD001963,2025-01-08,Badminton Kit,Sports,North,5,14859.82,74299.1,11527.8
ORD002972,2025-01-08,Headphones,Electronics,East,4,9414.91,37659.64,6986.89
ORD008576,2025-01-08,Jacket,Clothing,East,1,2677.1,2677.1,840.43
ORD011985,2025-01-08,Chair,Furniture,Central,2,20920.68,41841.36,5531.29
ORD003946,2025-01-08,Jeans,Clothing,North,2,1007.33,2014.66,656.56
ORD007588,2025-01-08,Headphones,Electronics,West,1,76507.96,76507.96,12678.76
ORD009468,2025-01-08,Dress,Clothing,East,2,1328.68,2657.36,1037.02
ORD003680,2025-01-08,Rice,Groceries,West,6,474.5,2847.0,391.57
ORD009190,2025-01-08,Jacket,Clothing,South,1,3413.15,3413.15,1236.27
ORD006310,2025-01-08,Cycle,Sports,West,1,2757.3,2757.3,761.25
ORD006717,2025-01-08,Cooking Oil,Groceries,West,2,652.91,1305.82,133.27
ORD000917,2025-01-08,Dumbbell Set,Sports,East,2,8945.13,17890.26,5360.18
ORD003373,2025-01-08,Headphones,Electronics,West,2,42351.91,84703.82,16885.51
ORD006484,2025-01-08,Yoga Mat,Sports,East,1,6678.45,6678.45,1977.58
ORD006675,2025-01-08,Cycle,Sports,West,5,6745.39,33726.95,8443.22
ORD008714,2025-01-08,Smartphone,Electronics,East,5,18630.33,93151.65,7746.55
ORD000412,2025-01-09,Cycle,Sports,West,1,5335.74,5335.74,1225.27
ORD011759,2025-01-09,Rice,Groceries,South,5,1213.22,6066.1,448.84
ORD005861,2025-01-09,Jacket,Clothing,West,2,869.08,1738.16,723.36
ORD000514,2025-01-09,Sofa,Furniture,North,3,26137.19,285984.94,64827.76
ORD003626,2025-01-09,Running Shoes,Sports,South,5,12874.24,64371.2,21427.12
ORD006670,2025-01-09,Dairy Bundle,Groceries,West,2,846.23,1692.46,144.97
ORD008926,2025-01-09,Cooking Oil,Groceries,East,3,1518.2,4554.6,679.62
ORD007199,2025-01-09,Dress,Clothing,South,2,4655.55,9311.1,1935.81
ORD012204,2025-01-09,Yoga Mat,Sports,West,3,14964.44,44893.32,15499.6
ORD003436,2025-01-09,Desk,Furniture,Central,3,16086.03,48258.09,5426.0
ORD006888,2025-01-09,Cooking Oil,Groceries,South,5,1770.71,8853.55,1272.86
ORD000404,2025-01-09,Dumbbell Set,Sports,South,1,14048.32,14048.32,4707.78
ORD011607,2025-01-09,Badminton Kit,Sports,South,2,8998.55,17997.1,3847.88
ORD003514,2025-01-09,Chair,Furniture,South,1,3121.93,3121.93,773.14
ORD004991,2025-01-09,Jacket,Clothing,West,2,1963.36,3926.72,1377.62
ORD011627,2025-01-09,Sofa,Furniture,Central,1,27274.79,27274.79,4548.94
ORD002577,2025-01-09,Smartphone,Electronics,North,1,73435.51,73435.51,12575.68
ORD003671,2025-01-09,Cooking Oil,Groceries,Central,2,1893.68,3787.36,339.45
ORD006588,2025-01-09,Dairy Bundle,Groceries,South,1,516.8,516.8,63.78
ORD004718,2025-01-09,Laptop,Electronics,East,2,29419.47,58838.94,6799.53
ORD007975,2025-01-09,Smartwatch,Electronics,North,2,43387.37,86774.74,14980.68
ORD008067,2025-01-09,Jacket,Clothing,West,2,4565.61,9131.22,1956.26
ORD012145,2025-01-09,Spices Pack,Groceries,North,1,757.32,757.32,69.4
ORD009134,2025-01-09,Laptop,Electronics,North,7,55401.71,387811.97,54957.03
ORD006806,2025-01-09,Sofa,Furniture,South,1,17605.66,17605.66,4107.2
ORD010727,2025-01-09,Chair,Furniture,West,2,4916.78,9833.56,2209.9
ORD006796,2025-01-09,Spices Pack,Groceries,East,4,546.55,2186.2,201.57
ORD011997,2025-01-09,Cooking Oil,Groceries,East,4,471.45,1885.8,275.81
ORD006834,2025-01-09,Smartphone,Electronics,East,3,39953.23,119859.69,13686.66
ORD011510,2025-01-09,Tablet,Electronics,East,3,22510.73,67532.19,10679.21
ORD008637,2025-01-09,Dress,Clothing,Central,1,2759.0,2759.0,801.81
ORD002067,2025-01-09,Dumbbell Set,Sports,West,8,10096.6,80772.8,22353.25
ORD006367,2025-01-09,Yoga Mat,Sports,North,2,9613.18,19226.36,3547.87
ORD011284,2025-01-09,Dress,Clothing,South,1,480.24,480.24,99.3
ORD010651,2025-01-09,Chair,Furniture,East,1,16104.82,16104.82,3578.12
ORD012330,2025-01-09,T-Shirt,Clothing,South,2,756.23,1512.46,348.08
ORD003873,2025-01-09,Laptop,Electronics,East,4,41364.15,165456.6,25138.1
ORD003003,2025-01-09,Snacks,Groceries,East,3,398.69,1196.07,174.91
ORD006185,2025-01-09,Laptop,Electronics,North,1,28271.88,28271.88,5114.57
ORD011305,2025-01-09,Rice,Groceries,North,1,1217.82,1217.82,85.8
ORD004424,2025-01-09,Smartwatch,Electronics,East,8,75184.15,601473.2,95552.27
ORD011483,2025-01-09,Sofa,Furniture,Central,1,3270.56,3270.56,379.32
ORD004092,2025-01-09,Bookshelf,Furniture,North,1,3931.72,3931.72,980.45
ORD001515,2025-01-09,Desk,Furniture,North,2,20801.42,41602.84,8105.99
ORD005411,2025-01-10,Badminton Kit,Sports,South,3,7663.62,22990.86,3702.53
ORD000923,2025-01-10,Jacket,Clothing,North,1,4732.46,4732.46,1231.26
ORD006554,2025-01-10,Shoes,Clothing,East,4,2119.92,8479.68,3623.03
ORD009905,2025-01-10,Shoes,Clothing,Central,1,3159.33,10365.63,3346.75
ORD007925,2025-01-10,Running Shoes,Sports,Central,3,2672.34,8017.02,1914.72
ORD003270,2025-01-10,Rice,Groceries,Central,6,973.89,5843.34,646.84
ORD001673,2025-01-10,Desk,Furniture,West,3,15269.79,45809.37,9503.59
ORD010992,2025-01-10,Chair,Furniture,Central,1,18508.36,18508.36,3527.19
ORD003504,2025-01-10,Cooking Oil,Groceries,North,2,1113.75,2227.5,111.43
ORD006233,2025-01-10,Tablet,Electronics,North,3,29307.46,87922.38,9616.69
ORD011021,2025-01-10,Dumbbell Set,Sports,South,4,11015.41,44061.64,12208.6
ORD010275,2025-01-10,Yoga Mat,Sports,South,4,13643.02,54572.08,18210.18
ORD008644,2025-01-10,Shoes,Clothing,South,5,3232.36,16161.8,4170.47
ORD007382,2025-01-10,Dumbbell Set,Sports,West,1,752.14,752.14,173.77
ORD010179,2025-01-10,Dress,Clothing,South,5,2463.79,12318.95,5009.19
ORD007306,2025-01-10,Jeans,Clothing,Central,1,2136.92,12139.8,4981.29
ORD005195,2025-01-10,Cycle,Sports,Central,1,13090.7,13090.7,4302.22
ORD007907,2025-01-10,Chair,Furniture,North,7,19032.33,133226.31,27618.21
ORD003618,2025-01-10,Badminton Kit,Sports,North,4,5409.03,21636.12,5294.08
ORD003804,2025-01-10,Jacket,Clothing,Central,1,1183.15,1183.15,421.44
ORD005393,2025-01-10,T-Shirt,Clothing,East,3,3695.44,11086.32,2452.97
ORD005254,2025-01-10,Shoes,Clothing,South,2,2429.09,4858.18,1594.56
ORD011905,2025-01-10,Headphones,Electronics,North,3,30339.34,91018.02,9700.13
ORD008525,2025-01-10,Smartphone,Electronics,West,4,45885.16,183540.64,17702.04
ORD005715,2025-01-10,Dairy Bundle,Groceries,West,1,114.74,114.74,11.19
ORD002468,2025-01-10,Yoga Mat,Sports,Central,2,7591.2,15182.4,3345.14
ORD011066,2025-01-10,Wardrobe,Furniture,East,5,25518.34,127591.7,14430.76
ORD008647,2025-01-10,Jeans,Clothing,West,3,1444.43,4333.29,1823.42
ORD007240,2025-01-10,Wardrobe,Furniture,Central,1,9340.59,9340.59,1232.28
ORD007498,2025-01-10,Smartphone,Electronics,East,3,62598.01,187794.03,29691.37
ORD010081,2025-01-11,T-Shirt,Clothing,Central,2,3183.73,6367.46,2778.98
ORD004849,2025-01-11,Badminton Kit,Sports,West,3,3848.65,11545.95,3448.78
ORD001267,2025-01-11,Snacks,Groceries,South,6,659.78,3958.68,203.6
ORD001715,2025-01-11,Shoes,Clothing,North,4,4362.84,17451.36,6050.98
ORD003777,2025-01-11,Chair,Furniture,North,1,20535.16,20535.16,3485.4
ORD002808,2025-01-11,Yoga Mat,Sports,South,2,6608.86,13217.72,4200.17
ORD010881,2025-01-11,Running Shoes,Sports,West,2,14351.66,28703.32,6555.99
ORD009645,2025-01-11,Cooking Oil,Groceries,South,3,1760.69,5282.07,650.81
ORD011408,2025-01-11,Jacket,Clothing,North,3,2485.29,7455.87,2709.2
ORD010723,2025-01-11,Shoes,Clothing,South,1,2632.96,2632.96,724.36
ORD002805,2025-01-11,Running Shoes,Sports,West,1,7011.05,7011.05,1695.7
ORD009525,2025-01-11,Dress,Clothing,West,6,2221.41,13328.46,3723.83
ORD007574,2025-01-11,Tablet,Electronics,Central,6,59130.22,354781.32,60810.14
ORD005404,2025-01-11,Yoga Mat,Sports,South,1,4723.45,4723.45,1060.32
ORD006885,2025-01-11,Dumbbell Set,Sports,South,3,11502.07,34506.21,6492.12
ORD003116,2025-01-11,Tablet,Electronics,North,4,49656.6,198626.4,37612.1
ORD001454,2025-01-11,Bookshelf,Furniture,North,4,29246.19,116984.76,15666.46
ORD010401,2025-01-11,Jacket,Clothing,West,2,2768.47,5536.94,2339.93
ORD006998,2025-01-11,Sofa,Furniture,Central,2,26136.5,52273.0,8554.51
ORD007727,2025-01-11,Spices Pack,Groceries,South,5,1978.45,9892.25,990.09
ORD000872,2025-01-11,Dress,Clothing,South,3,3915.73,11747.19,2381.83
ORD001322,2025-01-11,Dairy Bundle,Groceries,West,5,1585.47,7927.35,907.01
ORD005719,2025-01-11,Rice,Groceries,Central,2,1042.1,2084.2,298.13
ORD011741,2025-01-11,Tablet,Electronics,Central,2,10216.22,20432.44,3071.12
ORD006232,2025-01-11,Bookshelf,Furniture,North,1,29723.07,29723.07,6440.06
ORD002650,2025-01-11,Running Shoes,Sports,East,2,6711.1,13422.2,2086.1
ORD009077,2025-01-11,Jacket,Clothing,East,4,2333.05,9332.2,2254.73
ORD012123,2025-01-11,Rice,Groceries,North,3,834.6,2503.8,257.36
ORD000569,2025-01-11,Wardrobe,Furniture,South,2,25833.79,297279.16,51807.43
ORD008237,2025-01-11,Spices Pack,Groceries,South,3,641.44,1924.32,168.95
ORD009206,2025-01-11,Jeans,Clothing,North,1,2601.08,2601.08,1149.13
ORD010980,2025-01-11,Chair,Furniture,South,3,21578.69,64736.07,16043.04
ORD009305,2025-01-11,Jeans,Clothing,North,1,4675.1,4675.1,1555.28
ORD007481,2025-01-11,Badminton Kit,Sports,East,5,7796.47,38982.35,11840.77
ORD003079,2025-01-12,Laptop,Electronics,East,4,61521.41,246085.64,41047.0
ORD001321,2025-01-12,Sofa,Furniture,West,1,10345.46,10345.46,1198.05
ORD008802,2025-01-12,Yoga Mat,Sports,Central,2,2300.32,4600.64,1156.64
ORD011647,2025-01-12,Dairy Bundle,Groceries,South,3,1184.75,3554.25,477.64
ORD009248,2025-01-12,Smartphone,Electronics,East,2,45213.09,90426.18,16883.22
ORD011972,2025-01-12,Rice,Groceries,West,1,761.28,761.28,41.04
ORD005121,2025-01-12,Jacket,Clothing,West,4,2866.66,11466.64,2906.81
ORD009187,2025-01-12,Cycle,Sports,East,2,9722.03,19444.06,6596.19
ORD002498,2025-01-12,Jacket,Clothing,South,2,621.67,1243.34,527.61
ORD005285,2025-01-12,Dumbbell Set,Sports,North,1,13963.57,13963.57,3743.07
ORD011236,2025-01-12,Running Shoes,Sports,West,1,8652.24,8652.24,2615.58
ORD000918,2025-01-12,Dress,Clothing,West,2,4115.32,8230.64,2996.94
ORD003066,2025-01-12,Wardrobe,Furniture,North,4,12527.19,50108.76,10695.54
ORD002265,2025-01-12,Jacket,Clothing,Central,1,2988.98,2988.98,732.89
ORD007045,2025-01-12,Yoga Mat,Sports,South,1,788.26,788.26,203.56
ORD006317,2025-01-12,Bookshelf,Furniture,West,1,3797.47,3797.47,686.16
ORD007516,2025-01-12,Snacks,Groceries,East,5,1326.34,6631.7,959.95
ORD004878,2025-01-12,Tablet,Electronics,South,6,23958.61,143751.66,16148.89
ORD011939,2025-01-12,Laptop,Electronics,East,3,32540.61,97621.83,16313.09
ORD011275,2025-01-12,Cooking Oil,Groceries,North,3,1347.09,4041.27,359.87
ORD001153,2025-01-12,Bookshelf,Furniture,South,1,28089.1,28089.1,4481.68
ORD005635,2025-01-12,Desk,Furniture,South,4,28115.09,112460.36,15707.78
ORD004659,2025-01-12,Jeans,Clothing,Central,2,4083.58,8167.16,2388.67
ORD008300,2025-01-12,Spices Pack,Groceries,Central,8,1318.6,10548.8,1344.06
ORD001224,2025-01-12,Headphones,Electronics,Central,8,26672.11,213376.88,22053.54
ORD000375,2025-01-12,Cycle,Sports,East,2,13643.85,27287.7,7499.96
ORD011519,2025-01-12,Spices Pack,Groceries,North,3,1596.67,4790.01,514.57
ORD005978,2025-01-12,Dumbbell Set,Sports,East,6,12567.27,75403.62,24074.1
ORD007231,2025-01-12,Desk,Furniture,West,2,29132.36,58264.72,12585.92
ORD005374,2025-01-12,Smartwatch,Electronics,West,3,71155.15,213465.45,39305.33
ORD004932,2025-01-12,Smartwatch,Electronics,North,2,75195.9,150391.8,26577.54
ORD000381,2025-01-12,Desk,Furniture,North,7,6246.9,43728.3,6417.49
ORD008669,2025-01-12,Smartphone,Electronics,East,3,8526.36,25579.08,2855.09
ORD006349,2025-01-12,Smartphone,Electronics,North,5,18857.08,94285.4,17000.97
ORD009884,2025-01-12,Shoes,Clothing,South,3,2154.4,6463.2,1454.74
ORD005777,2025-01-12,Cycle,Sports,West,4,12277.47,49109.88,14036.87
ORD007682,2025-01-12,Badminton Kit,Sports,West,1,2477.59,2477.59,412.47
ORD006716,2025-01-12,T-Shirt,Clothing,West,1,807.16,807.16,350.12
ORD009729,2025-01-12,Tablet,Electronics,South,1,13681.04,13681.04,1134.56
ORD007509,2025-01-12,Sofa,Furniture,West,1,16322.55,16322.55,3362.5
ORD001811,2025-01-13,Smartwatch,Electronics,West,4,56439.05,225756.2,24034.12
ORD005247,2025-01-13,Jacket,Clothing,East,3,1406.72,4220.16,989.34
ORD005219,2025-01-13,Desk,Furniture,West,5,10040.26,50201.3,8790.76
ORD011260,2025-01-13,Jeans,Clothing,West,4,1351.28,5405.12,2124.65
ORD012077,2025-01-13,Headphones,Electronics,South,3,19970.68,59912.04,9054.66
ORD003037,2025-01-13,Cycle,Sports,East,2,2948.46,5896.92,1427.85
ORD009963,2025-01-13,Jeans,Clothing,East,3,596.8,1790.4,623.66
ORD008116,2025-01-13,Wardrobe,Furniture,North,4,6254.95,25019.8,2645.09
ORD004415,2025-01-13,Badminton Kit,Sports,North,1,6176.09,6176.09,1250.18
ORD008585,2025-01-13,Jacket,Clothing,South,1,4212.65,4212.65,1127.76
ORD008322,2025-01-13,Snacks,Groceries,East,3,1706.14,5118.42,508.41
ORD008751,2025-01-13,Dumbbell Set,Sports,South,1,3987.96,3987.96,816.75
ORD001939,2025-01-13,Chair,Furniture,Central,3,6709.7,20129.1,4667.93
ORD008710,2025-01-13,Sofa,Furniture,West,6,16980.82,101884.92,19790.53
ORD010221,2025-01-13,Rice,Groceries,Central,4,464.05,1856.2,142.51
ORD008803,2025-01-13,Jeans,Clothing,North,1,388.03,388.03,115.59
ORD007904,2025-01-13,Shoes,Clothing,South,2,962.93,1925.86,780.49
ORD004647,2025-01-13,Dairy Bundle,Groceries,East,2,1122.82,2245.64,239.18
ORD008305,2025-01-13,Dress,Clothing,Central,3,1245.57,3736.71,1236.12
ORD006490,2025-01-13,Jeans,Clothing,North,5,1091.52,24300.78,9282.02
ORD011480,2025-01-13,Cooking Oil,Groceries,East,5,217.95,1089.75,87.61
ORD006489,2025-01-13,Badminton Kit,Sports,West,1,1405.52,1405.52,220.71
ORD007445,2025-01-13,Wardrobe,Furniture,Central,2,28505.88,57011.76,13573.38
ORD002427,2025-01-13,Bookshelf,Furniture,West,5,23706.57,118532.85,17944.53
ORD005997,2025-01-13,Shoes,Clothing,South,1,4812.06,4812.06,1007.87
ORD005322,2025-01-13,Cooking Oil,Groceries,East,2,1002.88,2005.76,289.86
ORD000728,2025-01-13,Rice,Groceries,South,2,157.74,315.48,45.14
ORD010635,2025-01-13,Shoes,Clothing,West,4,4872.43,19489.72,6516.82
ORD004678,2025-01-13,Yoga Mat,Sports,East,4,1634.51,6538.04,2011.26
ORD008555,2025-01-13,Jeans,Clothing,East,2,3733.5,7467.0,3040.37
ORD002253,2025-01-13,Jacket,Clothing,East,2,2632.32,5264.64,1428.86
ORD004648,2025-01-13,Running Shoes,Sports,Central,2,14256.22,28512.44,9421.91
ORD012393,2025-01-13,Yoga Mat,Sports,Central,3,4396.25,13188.75,3138.83
ORD005353,2025-01-13,Smartwatch,Electronics,Central,2,14929.75,29859.5,4499.99
ORD010963,2025-01-14,Spices Pack,Groceries,West,2,1466.21,2932.42,232.2
ORD004112,2025-01-14,Dress,Clothing,West,2,758.81,1517.62,644.15
ORD009688,2025-01-14,Sofa,Furniture,South,3,21814.32,65442.96,11794.0
ORD000839,2025-01-14,Snacks,Groceries,North,4,253.75,1015.0,91.65
ORD001219,2025-01-14,Jacket,Clothing,Central,4,2111.91,8447.64,2408.39
ORD002940,2025-01-14,Wardrobe,Furniture,East,1,14546.39,14546.39,2519.22
ORD005601,2025-01-14,Running Shoes,Sports,East,5,3793.66,18968.3,4323.35
ORD011272,2025-01-14,Bookshelf,Furniture,East,1,14765.85,14765.85,3364.43
ORD010063,2025-01-14,Shoes,Clothing,South,2,3151.12,6302.24,1553.06
ORD000104,2025-01-14,T-Shirt,Clothing,Central,6,776.92,4661.52,1705.54
ORD003747,2025-01-14,Shoes,Clothing,North,4,1883.18,7532.72,2578.98
ORD005806,2025-01-14,Jacket,Clothing,North,1,4546.73,4546.73,1181.0
ORD008471,2025-01-14,Tablet,Electronics,North,4,60506.14,242024.56,20399.12
ORD012266,2025-01-14,Bookshelf,Furniture,Central,2,14938.71,29877.42,6819.46
ORD004846,2025-01-14,Rice,Groceries,North,7,1937.71,13563.97,1273.19
ORD007889,2025-01-14,Desk,Furniture,West,1,27671.05,27671.05,5434.91
ORD003150,2025-01-14,Shoes,Clothing,West,1,3705.42,3705.42,1029.65
ORD003882,2025-01-14,Headphones,Electronics,North,2,36190.67,72381.34,11986.25
ORD005640,2025-01-14,Chair,Furniture,West,4,24868.87,99475.48,21307.89
ORD004333,2025-01-14,Tablet,Electronics,East,3,47900.22,143700.66,21132.75
ORD001905,2025-01-14,Rice,Groceries,Central,6,195.66,1173.96,64.89
ORD004390,2025-01-14,Cooking Oil,Groceries,Central,2,1568.46,3136.92,263.18
ORD006326,2025-01-14,Laptop,Electronics,Central,3,36411.56,109234.68,11096.2
ORD004040,2025-01-14,Cycle,Sports,West,8,5861.2,46889.6,11591.65
ORD009345,2025-01-14,Snacks,Groceries,West,3,988.69,2966.07,254.19
ORD007824,2025-01-14,Snacks,Groceries,North,1,1637.57,1637.57,216.26
ORD004511,2025-01-14,Rice,Groceries,South,4,617.86,2471.44,338.97
ORD002281,2025-01-14,Rice,Groceries,West,2,1468.3,2936.6,231.18
ORD005288,2025-01-14,Headphones,Electronics,East,1,73228.54,73228.54,13775.43
ORD007615,2025-01-14,Wardrobe,Furniture,South,4,25237.7,100950.8,23612.23
ORD008981,2025-01-14,Desk,Furniture,West,3,8879.74,26639.22,2700.26
ORD004443,2025-01-14,Dress,Clothing,East,1,4109.03,4109.03,1530.31
ORD002277,2025-01-14,Jeans,Clothing,North,2,1022.78,2045.56,862.29
ORD009107,2025-01-14,Cycle,Sports,Central,2,1281.79,2563.58,678.48
ORD001489,2025-01-14,Smartwatch,Electronics,West,1,68407.81,68407.81,5566.35
ORD003129,2025-01-14,Sofa,Furniture,South,1,19348.31,19348.31,3860.44
ORD010381,2025-01-14,Snacks,Groceries,South,1,816.46,816.46,47.92
ORD006651,2025-01-14,Cycle,Sports,North,2,7993.61,15987.22,3080.57
ORD004761,2025-01-14,Spices Pack,Groceries,West,4,712.44,2849.76,316.44
ORD000302,2025-01-14,Desk,Furniture,West,2,6956.29,13912.58,1576.37
ORD000003,2025-01-14,Wardrobe,Furniture,Central,3,6368.52,19105.56,2357.61
ORD003418,2025-01-14,Chair,Furniture,West,3,27315.18,81945.54,10118.58
ORD009494,2025-01-15,Desk,Furniture,North,1,26089.81,26089.81,3157.92
ORD004394,2025-01-15,Sofa,Furniture,North,1,15882.95,15882.95,3332.81
ORD004460,2025-01-15,Snacks,Groceries,South,1,943.19,943.19,101.0
ORD009235,2025-01-15,Running Shoes,Sports,East,1,5905.27,5905.27,1172.43
ORD004485,2025-01-15,Spices Pack,Groceries,Central,2,1185.55,2371.1,134.38
ORD003164,2025-01-15,Bookshelf,Furniture,East,4,28620.85,114483.4,18466.74
ORD000266,2025-01-15,Tablet,Electronics,South,2,66528.87,133057.74,26607.04
ORD003390,2025-01-15,Cycle,Sports,West,2,14844.56,29689.12,4778.43
ORD012299,2025-01-15,Sofa,Furniture,Central,3,16053.0,48159.0,10204.65
ORD005963,2025-01-15,Yoga Mat,Sports,East,2,4792.36,9584.72,3107.16
ORD010701,2025-01-15,Sofa,Furniture,East,1,16872.3,16872.3,3536.24
ORD008984,2025-01-15,Spices Pack,Groceries,North,4,1700.62,6802.48,613.06
ORD010875,2025-01-15,Jeans,Clothing,East,2,785.4,1570.8,416.51
ORD007428,2025-01-15,Laptop,Electronics,Central,3,41719.35,125158.05,22956.41
ORD005893,2025-01-15,Snacks,Groceries,West,1,1366.42,1366.42,187.31
ORD000622,2025-01-15,T-Shirt,Clothing,East,2,3923.33,7846.66,3226.51
ORD012347,2025-01-15,Shoes,Clothing,West,3,1631.27,4893.81,1112.15
ORD008765,2025-01-15,Wardrobe,Furniture,West,2,26749.72,53499.44,9432.54
ORD000149,2025-01-15,Dairy Bundle,Groceries,North,7,1562.99,10940.93,783.17
ORD006135,2025-01-15,Spices Pack,Groceries,West,2,1260.22,2520.44,156.08
ORD001864,2025-01-15,Cooking Oil,Groceries,East,2,217.44,434.88,25.76
ORD003045,2025-01-15,Badminton Kit,Sports,South,2,10784.79,21569.58,3326.68
ORD011545,2025-01-15,Dumbbell Set,Sports,West,5,12610.94,63054.7,15932.57
ORD011816,2025-01-15,Sofa,Furniture,North,2,17097.34,34194.68,4192.02
ORD010695,2025-01-15,Shoes,Clothing,Central,2,2744.84,5489.68,1395.96
ORD006385,2025-01-15,Cooking Oil,Groceries,South,3,668.22,2004.66,172.23
ORD006668,2025-01-15,Wardrobe,Furniture,South,2,13666.76,27333.52,5783.22
ORD007954,2025-01-15,Desk,Furniture,Central,5,28150.72,140753.6,17119.64
ORD010623,2025-01-15,Bookshelf,Furniture,North,3,15969.87,47909.61,11610.93
ORD011001,2025-01-15,Jacket,Clothing,East,3,3893.79,11681.37,2355.3
ORD006558,2025-01-15,Dumbbell Set,Sports,Central,1,8935.97,8935.97,2273.44
ORD011421,2025-01-15,Headphones,Electronics,East,2,77972.63,155945.26,28726.29
ORD008840,2025-01-15,Yoga Mat,Sports,Central,5,9584.3,47921.5,9879.04
ORD007554,2025-01-15,Spices Pack,Groceries,West,4,232.89,931.56,85.62
ORD001294,2025-01-15,Tablet,Electronics,South,1,13167.86,13167.86,2132.06
ORD002028,2025-01-15,Badminton Kit,Sports,South,3,11802.99,35408.97,5426.07
ORD005204,2025-01-15,Bookshelf,Furniture,North,2,9539.57,19079.14,3598.11
ORD004745,2025-01-15,Shoes,Clothing,East,4,768.71,3074.84,894.26
ORD002375,2025-01-15,Shoes,Clothing,East,3,2141.51,6424.53,2573.67
ORD001582,2025-01-15,Laptop,Electronics,West,1,29675.32,29675.32,4163.91
ORD000806,2025-01-15,Dairy Bundle,Groceries,Central,2,1772.15,3544.3,407.91
ORD001833,2025-01-16,Running Shoes,Sports,West,1,8491.82,8491.82,2017.96
ORD005865,2025-01-16,T-Shirt,Clothing,East,4,897.16,3588.64,810.92
ORD001009,2025-01-16,Dress,Clothing,West,1,1932.51,1932.51,821.24
ORD008636,2025-01-16,Chair,Furniture,East,1,15787.84,15787.84,3606.78
ORD005367,2025-01-16,Desk,Furniture,South,4,23183.47,92733.88,17765.68
ORD007000,2025-01-16,Smartphone,Electronics,East,3,36716.24,110148.72,18730.42
ORD011571,2025-01-16,Jacket,Clothing,East,1,1525.18,1525.18,454.97
ORD004262,2025-01-16,Desk,Furniture,West,4,6389.36,25557.44,4190.42
ORD004941,2025-01-16,Desk,Furniture,South,1,13840.54,13840.54,2558.6
ORD001737,2025-01-16,Snacks,Groceries,South,1,1258.43,1258.43,150.97
ORD007910,2025-01-16,Rice,Groceries,South,5,223.26,1116.3,77.28
ORD004037,2025-01-16,Running Shoes,Sports,South,1,11124.49,11124.49,3194.68
ORD000555,2025-01-16,Dairy Bundle,Groceries,West,2,1422.44,2844.88,186.03
ORD003236,2025-01-16,Rice,Groceries,North,2,1350.1,2700.2,357.48
ORD002107,2025-01-16,T-Shirt,Clothing,Central,5,2858.42,14292.1,3693.58
ORD008451,2025-01-16,Shoes,Clothing,South,1,1642.05,1642.05,392.88
ORD004054,2025-01-16,Shoes,Clothing,East,3,1233.15,12733.19,4121.82
ORD007358,2025-01-16,Spices Pack,Groceries,North,1,1113.84,1113.84,70.65
ORD011533,2025-01-16,Smartwatch,Electronics,Central,6,12945.3,77671.8,7566.54
ORD005713,2025-01-16,Chair,Furniture,Central,3,25277.07,75831.21,11735.4
ORD008776,2025-01-16,Jacket,Clothing,Central,2,2234.76,4469.52,1014.38
ORD006132,2025-01-16,Wardrobe,Furniture,South,4,23374.94,93499.76,10749.15
ORD009173,2025-01-16,T-Shirt,Clothing,South,3,2674.24,8022.72,3318.26
ORD007326,2025-01-16,Tablet,Electronics,West,1,23727.55,23727.55,3442.61
ORD005668,2025-01-16,Tablet,Electronics,West,5,19856.26,99281.3,14683.52
ORD006003,2025-01-16,T-Shirt,Clothing,South,2,2784.82,5569.64,2406.04
ORD010074,2025-01-16,T-Shirt,Clothing,Central,2,4646.66,9293.32,2389.6
ORD007410,2025-01-16,Chair,Furniture,North,2,2474.02,4948.04,882.31
ORD005965,2025-01-16,Desk,Furniture,East,2,15044.4,30088.8,4086.28
ORD005649,2025-01-16,Bookshelf,Furniture,South,4,14825.87,59303.48,7103.1
ORD005642,2025-01-16,Tablet,Electronics,West,6,77536.99,465221.94,37677.56
ORD005389,2025-01-16,Cycle,Sports,North,3,4863.89,14591.67,4374.34
ORD005987,2025-01-16,Spices Pack,Groceries,North,4,835.6,3342.4,375.22
ORD006339,2025-01-16,Wardrobe,Furniture,Central,2,10241.75,20483.5,4393.63
ORD007425,2025-01-16,Jacket,Clothing,East,2,3091.12,6182.24,1853.75
ORD000548,2025-01-16,Jacket,Clothing,South,6,1384.15,8304.9,2027.49
ORD004679,2025-01-17,T-Shirt,Clothing,East,3,4226.78,12680.34,3051.69
ORD002767,2025-01-17,T-Shirt,Clothing,Central,4,3550.72,14202.88,5663.44
ORD007705,2025-01-17,T-Shirt,Clothing,West,1,1793.59,1793.59,497.72
ORD001579,2025-01-17,Badminton Kit,Sports,Central,1,14076.07,14076.07,2291.6
ORD008269,2025-01-17,Shoes,Clothing,East,1,3278.44,3278.44,969.3
ORD011579,2025-01-17,Dress,Clothing,South,2,2684.61,5369.22,1719.31
ORD006955,2025-01-17,Cycle,Sports,North,3,12913.89,38741.67,7599.7
ORD011935,2025-01-17,Laptop,Electronics,North,2,14549.83,29099.66,3247.21
ORD005368,2025-01-17,Dress,Clothing,South,4,2011.75,8047.0,2031.73
ORD012098,2025-01-17,Smartphone,Electronics,South,1,77290.77,77290.77,10192.8
ORD006336,2025-01-17,Badminton Kit,Sports,East,1,1541.21,1541.21,260.24
ORD004051,2025-01-17,Smartwatch,Electronics,Central,2,66768.41,133536.82,26519.27
ORD011155,2025-01-17,Headphones,Electronics,East,3,78181.06,234543.18,37006.59
ORD006428,2025-01-17,Desk,Furniture,West,8,11358.03,90864.24,11919.87
ORD003470,2025-01-17,Tablet,Electronics,East,1,43852.3,43852.3,5139.67
ORD000134,2025-01-17,Cycle,Sports,East,1,10606.73,10606.73,3081.22
ORD007284,2025-01-17,Dumbbell Set,Sports,South,1,14782.99,14782.99,4846.71
ORD000707,2025-01-17,Jeans,Clothing,Central,2,1567.82,3135.64,671.88
ORD008850,2025-01-17,Dumbbell Set,Sports,South,2,9805.32,19610.64,6372.39
ORD000577,2025-01-17,Cycle,Sports,Central,1,10613.34,10613.34,3035.71
ORD009374,2025-01-17,Dumbbell Set,Sports,South,2,556.93,1113.86,248.22
ORD005659,2025-01-17,Wardrobe,Furniture,North,1,18858.85,18858.85,3172.89
ORD010254,2025-01-17,Cycle,Sports,South,1,9862.16,9862.16,1844.65
ORD009162,2025-01-17,Cycle,Sports,South,3,11806.54,35419.62,7006.26
ORD000817,2025-01-17,Dairy Bundle,Groceries,Central,2,1363.33,2726.66,353.23
ORD010478,2025-01-17,Sofa,Furniture,North,6,16561.75,99370.5,24404.71
ORD011598,2025-01-17,Bookshelf,Furniture,Central,2,13173.43,26346.86,3523.89
ORD001777,2025-01-17,Bookshelf,Furniture,Central,8,18259.57,146076.56,25684.1
ORD005912,2025-01-17,Dairy Bundle,Groceries,West,5,929.07,4645.35,599.21
ORD001213,2025-01-17,Dairy Bundle,Groceries,North,1,649.57,649.57,90.95
ORD005378,2025-01-17,Tablet,Electronics,North,2,19093.45,38186.9,6017.65
ORD003093,2025-01-17,Smartphone,Electronics,East,1,9582.69,9582.69,1689.66
ORD008761,2025-01-17,Laptop,Electronics,South,2,48406.81,96813.62,14670.34
ORD005113,2025-01-18,Snacks,Groceries,West,3,135.07,405.21,42.37
ORD009382,2025-01-18,Snacks,Groceries,East,1,918.84,918.84,76.45
ORD009443,2025-01-18,Dairy Bundle,Groceries,Central,4,1689.76,6759.04,822.31
ORD010526,2025-01-18,Jeans,Clothing,Central,3,2828.2,8484.6,2159.33
ORD007015,2025-01-18,Dress,Clothing,North,2,602.56,1205.12,271.05
ORD011762,2025-01-18,Wardrobe,Furniture,West,1,27963.6,27963.6,3183.91
ORD003242,2025-01-18,Running Shoes,Sports,North,1,9527.34,9527.34,1448.25
ORD002886,2025-01-18,Chair,Furniture,West,3,19729.0,59187.0,12320.26
ORD000796,2025-01-18,Running Shoes,Sports,South,4,10540.32,42161.28,14682.72
ORD001034,2025-01-18,Badminton Kit,Sports,East,7,3419.77,23938.39,4828.95
ORD011953,2025-01-18,Sofa,Furniture,East,8,10707.85,85662.8,10321.37
ORD003420,2025-01-18,Headphones,Electronics,South,1,19476.43,19476.43,3820.55
ORD005228,2025-01-18,Cooking Oil,Groceries,Central,1,1647.4,1647.4,158.01
ORD012092,2025-01-18,Spices Pack,Groceries,West,2,947.17,1894.34,110.14
ORD007976,2025-01-18,Smartwatch,Electronics,West,3,76273.61,228820.83,21485.49
ORD003748,2025-01-18,Rice,Groceries,South,3,1736.12,5208.36,301.22
ORD005776,2025-01-18,Smartwatch,Electronics,North,3,20980.89,62942.67,10504.9
ORD010871,2025-01-18,Smartwatch,Electronics,West,1,9961.07,9961.07,1146.38
ORD010137,2025-01-18,Laptop,Electronics,West,3,50730.29,152190.87,30389.68
ORD004882,2025-01-18,Smartwatch,Electronics,East,4,77901.5,311606.0,60357.23
ORD008558,2025-01-18,Jacket,Clothing,North,4,3359.55,13438.2,4025.93
ORD002525,2025-01-18,Bookshelf,Furniture,Central,3,11364.39,34093.17,6065.07
ORD010055,2025-01-18,Smartwatch,Electronics,North,6,54948.74,329692.44,44511.66
ORD004015,2025-01-18,Badminton Kit,Sports,Central,6,8104.33,48625.98,15133.35
ORD006404,2025-01-18,Dairy Bundle,Groceries,East,2,550.45,1100.9,90.68
ORD009743,2025-01-18,Laptop,Electronics,Central,1,24727.31,24727.31,2807.75
ORD011388,2025-01-18,Cycle,Sports,West,1,12915.29,12915.29,4269.45
ORD007718,2025-01-18,Smartphone,Electronics,East,6,40063.01,240378.06,20971.52
ORD007230,2025-01-18,Shoes,Clothing,East,6,3779.43,22676.58,8900.73
ORD001974,2025-01-18,Laptop,Electronics,West,1,55643.75,55643.75,8474.21
ORD001253,2025-01-18,T-Shirt,Clothing,Central,4,1242.23,4968.92,1129.52
ORD004409,2025-01-18,Running Shoes,Sports,Central,4,8999.64,35998.56,7971.82
ORD003013,2025-01-19,Tablet,Electronics,North,4,14531.9,58127.6,6482.59
ORD005031,2025-01-19,Laptop,Electronics,West,6,26587.39,159524.34,13484.54
ORD007011,2025-01-19,Wardrobe,Furniture,East,3,24944.27,74832.81,10580.49
ORD007970,2025-01-19,Smartwatch,Electronics,Central,4,26159.72,104638.88,19390.82
ORD002469,2025-01-19,Dairy Bundle,Groceries,West,3,1828.14,5484.42,586.26
ORD007956,2025-01-19,Sofa,Furniture,Central,2,28124.42,56248.84,12001.09
ORD001350,2025-01-19,Rice,Groceries,West,3,1570.58,4711.74,599.77
ORD009630,2025-01-19,Wardrobe,Furniture,South,2,6224.59,12449.18,1478.56
ORD001789,2025-01-19,Snacks,Groceries,North,1,470.82,470.82,46.58
ORD008315,2025-01-19,Yoga Mat,Sports,North,3,8716.51,26149.53,5342.87
ORD005072,2025-01-19,Yoga Mat,Sports,West,2,13907.03,27814.06,6383.84
ORD011283,2025-01-19,Badminton Kit,Sports,West,2,8516.18,17032.36,5125.17
ORD005811,2025-01-19,Sofa,Furniture,East,5,17449.82,87249.1,12311.56
ORD007813,2025-01-19,Desk,Furniture,North,3,14970.43,44911.29,6673.41
ORD011079,2025-01-19,Cooking Oil,Groceries,East,1,1474.08,1474.08,158.08
ORD000994,2025-01-19,Dumbbell Set,Sports,South,2,11055.12,22110.24,5511.91
ORD000752,2025-01-19,Snacks,Groceries,South,3,148.72,446.16,37.53
ORD004362,2025-01-19,Dairy Bundle,Groceries,West,1,518.13,518.13,46.04
ORD012447,2025-01-19,Sofa,Furniture,West,3,6042.21,18126.63,3430.3
ORD009723,2025-01-19,Sofa,Furniture,West,2,8584.77,17169.54,2826.3
ORD006084,2025-01-19,Desk,Furniture,West,2,26103.94,52207.88,11119.34
ORD002125,2025-01-19,Cycle,Sports,South,6,8975.88,53855.28,18518.91
ORD010480,2025-01-19,Smartphone,Electronics,South,4,30791.66,123166.64,14786.52
ORD012437,2025-01-19,Wardrobe,Furniture,South,1,4509.96,4509.96,654.23
ORD012408,2025-01-19,Badminton Kit,Sports,West,1,13326.28,13326.28,4274.6
ORD011104,2025-01-19,Dairy Bundle,Groceries,West,1,843.03,843.03,65.64
ORD009088,2025-01-19,Rice,Groceries,East,2,1774.91,3549.82,502.4
ORD002763,2025-01-19,Jeans,Clothing,North,2,2784.92,22648.44,4724.33
ORD006856,2025-01-19,Dress,Clothing,West,3,2241.06,6723.18,1599.01
ORD002724,2025-01-19,Cooking Oil,Groceries,South,1,760.86,760.86,85.23
ORD005564,2025-01-19,Running Shoes,Sports,West,2,12615.26,25230.52,5798.69
ORD002035,2025-01-20,Yoga Mat,Sports,East,2,10270.66,20541.32,6560.43
ORD011100,2025-01-20,Rice,Groceries,West,3,1287.6,3862.8,305.49
ORD006388,2025-01-20,Shoes,Clothing,West,1,2498.84,2498.84,761.77
ORD008186,2025-01-20,Dress,Clothing,North,2,3064.04,6128.08,2384.27
ORD007301,2025-01-20,Badminton Kit,Sports,North,3,2760.93,8282.79,1662.44
ORD008183,2025-01-20,Spices Pack,Groceries,South,2,131.98,263.96,23.5
ORD004796,2025-01-20,Desk,Furniture,West,1,16285.96,16285.96,1940.92
ORD010741,2025-01-20,Headphones,Electronics,South,1,40335.95,40335.95,4185.02
ORD005595,2025-01-20,Shoes,Clothing,North,2,1631.97,10937.15,3937.62
ORD012401,2025-01-20,Spices Pack,Groceries,West,4,1065.07,4260.28,611.19
ORD000647,2025-01-20,Dairy Bundle,Groceries,North,2,1178.33,2356.66,280.32
ORD001547,2025-01-20,Yoga Mat,Sports,West,8,6286.01,50288.08,15989.61
ORD008469,2025-01-20,Desk,Furniture,West,1,8920.96,51670.51,7174.31
ORD010417,2025-01-20,Laptop,Electronics,South,3,79306.97,237920.91,39058.14
ORD006457,2025-01-20,Cooking Oil,Groceries,Central,1,1992.68,1992.68,122.86
ORD006302,2025-01-20,Chair,Furniture,North,2,15181.29,30362.58,4805.31
ORD012495,2025-01-20,Laptop,Electronics,South,1,69028.48,69028.48,13145.16
ORD004604,2025-01-20,Laptop,Electronics,East,4,44080.62,176322.48,28640.82
ORD003634,2025-01-20,Jeans,Clothing,East,2,1200.0,2400.0,711.74
ORD000267,2025-01-20,Jeans,Clothing,South,1,4984.19,4984.19,1688.93
ORD007124,2025-01-20,Jeans,Clothing,Central,3,489.15,1467.45,569.82
ORD003099,2025-01-20,Smartwatch,Electronics,North,1,25527.87,25527.87,4622.16
ORD009073,2025-01-20,Running Shoes,Sports,South,2,1268.01,2536.02,569.9
ORD010285,2025-01-20,Sofa,Furniture,Central,3,12134.71,36404.13,5356.52
ORD008151,2025-01-20,Wardrobe,Furniture,North,1,13633.5,13633.5,2653.79
ORD011390,2025-01-20,Jeans,Clothing,South,2,3876.8,7753.6,2923.05
ORD005381,2025-01-20,Desk,Furniture,East,1,3340.24,3340.24,538.38
ORD012194,2025-01-20,Smartwatch,Electronics,Central,2,54270.86,108541.72,20906.42
ORD007035,2025-01-20,Snacks,Groceries,Central,3,1617.54,4852.62,344.85
ORD004519,2025-01-21,Jeans,Clothing,North,1,805.03,805.03,331.29
ORD002170,2025-01-21,Badminton Kit,Sports,West,1,6056.62,6056.62,1170.54
ORD001196,2025-01-21,Jacket,Clothing,Central,1,2060.4,2060.4,498.03
ORD003935,2025-01-21,Bookshelf,Furniture,North,1,12019.55,12019.55,1217.19
ORD003977,2025-01-21,Cooking Oil,Groceries,West,1,1245.73,1245.73,69.4
ORD002136,2025-01-21,Dairy Bundle,Groceries,East,7,1332.65,9328.55,1356.9
ORD009246,2025-01-21,Sofa,Furniture,South,2,26703.55,53407.1,6525.64
ORD002163,2025-01-21,Headphones,Electronics,East,1,66296.6,66296.6,12865.78
ORD011120,2025-01-21,Cooking Oil,Groceries,South,3,1607.16,4821.48,326.0
ORD009724,2025-01-21,Spices Pack,Groceries,East,2,1863.48,3726.96,380.82
ORD004446,2025-01-21,Cooking Oil,Groceries,East,4,617.69,2470.76,329.05
ORD011457,2025-01-21,Smartwatch,Electronics,Central,1,64533.03,64533.03,8339.88
ORD012493,2025-01-21,Desk,Furniture,South,3,11372.82,34118.46,7641.69
ORD000886,2025-01-21,Running Shoes,Sports,Central,4,7161.98,28647.92,8795.01
ORD001844,2025-01-21,Smartwatch,Electronics,Central,2,74898.42,660556.14,83546.28
ORD006259,2025-01-21,Snacks,Groceries,West,8,989.36,7914.88,1176.43
ORD010374,2025-01-21,Rice,Groceries,West,2,692.35,1384.7,95.03
ORD012471,2025-01-21,Cooking Oil,Groceries,West,2,326.83,653.66,43.21
ORD009128,2025-01-21,Badminton Kit,Sports,East,1,12550.27,12550.27,2130.76
ORD004185,2025-01-21,Spices Pack,Groceries,East,1,1274.86,1274.86,78.16
ORD001696,2025-01-21,Dumbbell Set,Sports,East,3,5183.9,15551.7,5125.59
ORD006166,2025-01-21,Snacks,Groceries,South,2,1264.66,2529.32,375.76
ORD010828,2025-01-21,Chair,Furniture,West,3,23236.51,69709.53,7881.34
ORD012442,2025-01-21,Badminton Kit,Sports,West,2,2378.98,4757.96,1034.4
ORD010587,2025-01-21,Rice,Groceries,South,1,335.43,335.43,22.5
ORD010816,2025-01-21,Jeans,Clothing,North,4,4270.69,17082.76,6539.81
ORD001150,2025-01-21,T-Shirt,Clothing,West,1,807.72,807.72,229.97
ORD000926,2025-01-21,Snacks,Groceries,North,1,643.22,643.22,84.64
ORD011423,2025-01-21,Tablet,Electronics,East,2,71905.76,143811.52,15982.79
ORD004418,2025-01-21,Smartwatch,Electronics,Central,1,75936.7,75936.7,6456.57
ORD011244,2025-01-21,Sofa,Furniture,South,2,28346.19,56692.38,11735.61
ORD006101,2025-01-21,T-Shirt,Clothing,South,2,1782.8,18731.92,7457.65
ORD007239,2025-01-21,Wardrobe,Furniture,North,3,27614.85,82844.55,20380.33
ORD006094,2025-01-21,Laptop,Electronics,West,6,58605.26,351631.56,54040.58
ORD006365,2025-01-21,T-Shirt,Clothing,East,1,2977.63,2977.63,823.36
ORD009144,2025-01-21,Cycle,Sports,North,4,1178.27,4713.08,1625.33
ORD009279,2025-01-21,Dairy Bundle,Groceries,East,5,311.22,1556.1,169.65
ORD003773,2025-01-21,Spices Pack,Groceries,West,2,416.98,833.96,45.59
ORD002535,2025-01-21,Snacks,Groceries,North,1,1849.02,1849.02,94.67
ORD011632,2025-01-21,Yoga Mat,Sports,South,3,7198.25,21594.75,4019.37
ORD007308,2025-01-21,Cooking Oil,Groceries,West,2,1118.28,2236.56,309.81
ORD001372,2025-01-21,Shoes,Clothing,East,2,1220.42,2440.84,574.09
ORD012160,2025-01-21,Snacks,Groceries,South,1,276.01,276.01,32.02
ORD002854,2025-01-21,Dress,Clothing,West,2,4510.33,9020.66,2037.49
ORD000546,2025-01-21,Bookshelf,Furniture,Central,1,28396.49,28396.49,5606.8
ORD007180,2025-01-21,Desk,Furniture,Central,3,26540.02,79620.06,18032.34
ORD005696,2025-01-21,Rice,Groceries,South,5,120.83,604.15,40.47
ORD003854,2025-01-21,Spices Pack,Groceries,South,2,1152.94,2305.88,291.01
ORD000662,2025-01-21,Spices Pack,Groceries,South,2,1756.39,3512.78,252.64
ORD009605,2025-01-21,Tablet,Electronics,East,1,38381.8,38381.8,7447.84
ORD003730,2025-01-21,Jacket,Clothing,South,6,1358.47,8150.82,2154.05
ORD003333,2025-01-21,Laptop,Electronics,Central,3,72332.72,216998.16,37066.48
ORD002871,2025-01-21,T-Shirt,Clothing,West,4,4487.58,17950.32,6145.73
ORD005450,2025-01-21,Smartphone,Electronics,North,2,17205.47,34410.94,4042.9
ORD008453,2025-01-21,Laptop,Electronics,West,3,57120.3,171360.9,33581.97
ORD007229,2025-01-22,Spices Pack,Groceries,North,1,470.56,470.56,28.91
ORD007575,2025-01-22,Jacket,Clothing,West,3,4710.32,14130.96,3227.69
ORD004133,2025-01-22,Badminton Kit,Sports,West,3,12344.73,37034.19,5658.45
ORD007655,2025-01-22,Cooking Oil,Groceries,West,4,1715.69,6862.76,389.58
ORD004050,2025-01-22,Sofa,Furniture,East,2,14341.14,28682.28,5384.05
ORD004149,2025-01-22,Headphones,Electronics,South,2,52474.01,104948.02,16511.55
ORD003712,2025-01-22,Dress,Clothing,East,7,2134.77,14943.39,4541.95
ORD012070,2025-01-22,Sofa,Furniture,West,6,23705.92,142235.52,27351.42
ORD003024,2025-01-22,Chair,Furniture,North,1,4962.3,4962.3,872.97
ORD004918,2025-01-22,Yoga Mat,Sports,Central,4,2223.36,8893.44,1360.61
ORD007950,2025-01-22,Spices Pack,Groceries,West,1,178.03,178.03,10.18
ORD008602,2025-01-22,Cycle,Sports,West,8,6568.49,52547.92,11891.5
ORD006802,2025-01-22,Cycle,Sports,Central,8,7350.67,58805.36,14602.7
ORD000602,2025-01-22,Desk,Furniture,South,2,2619.46,5238.92,778.2
ORD012462,2025-01-22,Spices Pack,Groceries,East,1,313.66,313.66,46.82
ORD006111,2025-01-22,Snacks,Groceries,West,2,243.02,2132.3,122.26
ORD012219,2025-01-22,Shoes,Clothing,North,4,2494.7,9978.8,3467.9
ORD003119,2025-01-22,Tablet,Electronics,South,1,54383.34,54383.34,8597.3
ORD000312,2025-01-22,Running Shoes,Sports,Central,4,5871.85,23487.4,5799.15
ORD008661,2025-01-22,Cycle,Sports,Central,1,6084.31,6084.31,916.97
ORD006286,2025-01-22,Cycle,Sports,South,1,14526.13,14526.13,4536.24
ORD006701,2025-01-22,Desk,Furniture,Central,1,29665.9,29665.9,5898.33
ORD008427,2025-01-22,Dress,Clothing,East,3,3584.46,10753.38,4717.45
ORD004996,2025-01-22,Wardrobe,Furniture,East,1,14610.73,14610.73,2173.64
ORD007031,2025-01-22,Tablet,Electronics,Central,2,63475.23,126950.46,24871.38
ORD003301,2025-01-22,Jacket,Clothing,North,2,2807.36,5614.72,1960.09
ORD004249,2025-01-22,Tablet,Electronics,East,2,79588.73,159177.46,23347.2
ORD007638,2025-01-22,Snacks,Groceries,South,3,812.84,2438.52,240.44
ORD005996,2025-01-22,Jacket,Clothing,East,3,772.07,2316.21,553.34
ORD004525,2025-01-22,Wardrobe,Furniture,South,1,28687.49,28687.49,5092.33
ORD001889,2025-01-22,Jacket,Clothing,South,3,4158.61,12475.83,4262.38
ORD005803,2025-01-22,Smartwatch,Electronics,North,4,35183.27,140733.08,24577.96
ORD009236,2025-01-22,Chair,Furniture,Central,2,16489.04,32978.08,7469.67
ORD009736,2025-01-22,Desk,Furniture,North,5,4746.64,23733.2,5846.05
ORD009912,2025-01-23,Spices Pack,Groceries,West,6,1883.0,11298.0,1141.56
ORD004297,2025-01-23,Jacket,Clothing,East,2,2193.58,4387.16,1872.49
ORD009161,2025-01-23,Wardrobe,Furniture,North,6,8640.7,51844.2,10569.31
ORD005155,2025-01-23,Laptop,Electronics,East,3,73394.62,220183.86,25791.85
ORD006276,2025-01-23,Jeans,Clothing,North,2,2586.2,5172.4,1208.35
ORD006351,2025-01-23,Wardrobe,Furniture,West,1,15670.75,15670.75,2175.62
ORD005220,2025-01-23,Yoga Mat,Sports,North,1,7111.22,7111.22,1556.54
ORD004152,2025-01-23,Smartphone,Electronics,Central,3,59024.72,177074.16,18731.36
ORD007673,2025-01-23,Snacks,Groceries,Central,6,1467.68,8806.08,1174.56
ORD008439,2025-01-23,Jeans,Clothing,North,3,729.45,2188.35,674.35
ORD010575,2025-01-23,Shoes,Clothing,West,4,4879.49,19517.96,5226.4
ORD003144,2025-01-23,Rice,Groceries,East,3,1748.67,5246.01,488.99
ORD004839,2025-01-23,Dairy Bundle,Groceries,East,1,1901.3,1901.3,108.14
ORD009027,2025-01-23,Headphones,Electronics,South,2,67271.12,134542.24,22205.47
ORD002557,2025-01-23,Chair,Furniture,Central,3,18822.18,56466.54,11582.97
ORD011239,2025-01-23,Badminton Kit,Sports,South,1,3814.51,3814.51,900.73
ORD007857,2025-01-23,Jacket,Clothing,Central,8,767.1,6136.8,2538.85
ORD003783,2025-01-23,Cycle,Sports,Central,2,7754.42,15508.84,5099.62
ORD002106,2025-01-23,Dress,Clothing,West,8,795.77,6366.16,2205.22
ORD012360,2025-01-23,Headphones,Electronics,North,4,47076.01,188304.04,15285.78
ORD009497,2025-01-23,Desk,Furniture,West,2,27151.65,54303.3,9723.36
ORD000386,2025-01-23,Yoga Mat,Sports,South,2,2104.16,4208.32,1343.68
ORD012386,2025-01-23,Dress,Clothing,West,4,1704.92,6819.68,1376.2
ORD005846,2025-01-23,Running Shoes,Sports,South,1,4554.12,4554.12,1202.97
ORD012277,2025-01-23,Chair,Furniture,North,6,20099.01,120594.06,17359.15
ORD005854,2025-01-23,Dairy Bundle,Groceries,East,1,1904.04,1904.04,284.98
ORD010777,2025-01-23,Dairy Bundle,Groceries,Central,2,1180.84,2361.68,178.89
ORD010467,2025-01-23,Jacket,Clothing,North,2,3278.99,6557.98,2487.58
ORD010636,2025-01-23,Yoga Mat,Sports,East,2,7728.11,15456.22,2897.48
ORD009050,2025-01-23,Sofa,Furniture,South,2,9710.52,19421.04,1989.25
ORD010838,2025-01-23,Jacket,Clothing,East,4,1951.18,7804.72,3299.28
ORD003139,2025-01-24,Tablet,Electronics,Central,2,26407.97,52815.94,6535.87
ORD000376,2025-01-24,Wardrobe,Furniture,North,2,5273.15,10546.3,2541.39
ORD011078,2025-01-24,Smartwatch,Electronics,East,1,79811.54,79811.54,10140.76
ORD005238,2025-01-24,Jacket,Clothing,West,2,3655.4,7310.8,2258.01
ORD012055,2025-01-24,Dress,Clothing,West,3,308.01,924.03,331.81
ORD003268,2025-01-24,Jacket,Clothing,West,2,654.44,1308.88,343.7
ORD000732,2025-01-24,Yoga Mat,Sports,Central,3,2045.6,6136.8,1727.93
ORD002256,2025-01-24,Snacks,Groceries,West,4,431.38,1725.52,167.66
ORD007512,2025-01-24,Jeans,Clothing,East,1,693.5,693.5,272.74
ORD000650,2025-01-24,Jeans,Clothing,North,1,3291.22,3291.22,1239.54
ORD008556,2025-01-24,Wardrobe,Furniture,South,4,22886.73,91546.92,17815.31
ORD004354,2025-01-24,Cycle,Sports,North,3,11288.72,33866.16,8488.34
ORD004755,2025-01-24,Cycle,Sports,East,1,4679.07,4679.07,851.88
ORD000421,2025-01-24,Cycle,Sports,East,6,689.87,4139.22,1170.19
ORD009528,2025-01-24,Laptop,Electronics,Central,3,42822.83,128468.49,25617.41
ORD005278,2025-01-24,Bookshelf,Furniture,North,1,22999.64,22999.64,4059.06
ORD010191,2025-01-24,Jeans,Clothing,North,5,2959.89,14799.45,4071.81
ORD004711,2025-01-24,Spices Pack,Groceries,East,5,1856.27,9281.35,973.69
ORD010024,2025-01-24,Cycle,Sports,West,1,5048.62,5048.62,954.91
ORD001309,2025-01-24,Smartwatch,Electronics,North,2,33936.84,67873.68,7632.2
ORD005400,2025-01-24,Wardrobe,Furniture,East,4,23382.12,93528.48,10713.01
ORD001575,2025-01-24,T-Shirt,Clothing,East,7,4000.72,28005.04,8782.0
ORD007576,2025-01-24,Cycle,Sports,East,1,10719.37,10719.37,3431.93
ORD003865,2025-01-24,Desk,Furniture,East,7,28143.01,197001.07,35727.72
ORD006448,2025-01-24,Dress,Clothing,West,3,2062.69,6188.07,1403.03
ORD004189,2025-01-24,Running Shoes,Sports,South,1,2976.02,2976.02,581.42
ORD010624,2025-01-24,Jeans,Clothing,East,2,4722.86,9445.72,2316.27
ORD001297,2025-01-25,Dumbbell Set,Sports,South,4,8511.26,34045.04,8648.6
ORD010632,2025-01-25,Dumbbell Set,Sports,South,2,14013.78,28027.56,9119.46
ORD001360,2025-01-25,Running Shoes,Sports,North,4,12782.38,51129.52,7910.71
ORD002266,2025-01-25,Dairy Bundle,Groceries,West,4,610.72,2442.88,170.67
ORD001677,2025-01-25,Cooking Oil,Groceries,East,1,1824.89,9090.31,915.45
ORD001752,2025-01-25,Cycle,Sports,North,2,14959.95,29919.9,4667.66
ORD005505,2025-01-25,Chair,Furniture,East,1,20929.57,20929.57,3213.68
ORD006853,2025-01-25,Snacks,Groceries,Central,3,1001.98,3005.94,183.37
ORD008799,2025-01-25,Desk,Furniture,East,2,7113.89,14227.78,1670.87
ORD001374,2025-01-25,Wardrobe,Furniture,West,6,18192.36,109154.16,13321.65
ORD002957,2025-01-25,Wardrobe,Furniture,East,1,21891.81,21891.81,3564.83
ORD002405,2025-01-25,Smartwatch,Electronics,North,7,25781.2,180468.4,33054.13
ORD005831,2025-01-25,Cycle,Sports,Central,7,12946.16,90623.12,31692.92
ORD008496,2025-01-25,Laptop,Electronics,East,3,13071.68,39215.04,5355.02
ORD011751,2025-01-25,Sofa,Furniture,South,2,23950.28,47900.56,11473.4
ORD004287,2025-01-25,Yoga Mat,Sports,North,2,4659.57,9319.14,1898.46
ORD004961,2025-01-25,Dress,Clothing,Central,6,1605.81,9634.86,4022.33
ORD004432,2025-01-25,Tablet,Electronics,East,1,69992.64,69992.64,10770.11
ORD007454,2025-01-25,Smartwatch,Electronics,South,1,40582.42,40582.42,5713.46
ORD010106,2025-01-25,Wardrobe,Furniture,South,1,8179.7,8179.7,876.06
ORD003670,2025-01-25,Laptop,Electronics,North,2,55104.98,110209.96,15873.98
ORD005172,2025-01-25,Wardrobe,Furniture,Central,4,5977.73,23910.92,4918.94
ORD009423,2025-01-25,Desk,Furniture,North,4,20114.3,80457.2,18540.76
ORD003501,2025-01-25,Badminton Kit,Sports,East,5,1062.59,5312.95,995.41
ORD005040,2025-01-25,Tablet,Electronics,South,3,12092.52,36277.56,7161.89
ORD003240,2025-01-25,Smartwatch,Electronics,Central,4,46028.8,184115.2,17532.32
ORD004137,2025-01-25,Running Shoes,Sports,Central,2,1509.87,3019.74,808.65
ORD000656,2025-01-25,Laptop,Electronics,North,3,13768.27,41304.81,7739.61
ORD010126,2025-01-25,Dress,Clothing,North,4,4218.38,16873.52,4984.48
ORD009476,2025-01-25,Rice,Groceries,West,5,1944.61,9723.05,612.21
ORD000391,2025-01-25,Snacks,Groceries,West,7,1418.5,9929.5,1035.37
ORD003688,2025-01-25,Dairy Bundle,Groceries,Central,2,329.83,659.66,38.17
ORD007603,2025-01-25,Headphones,Electronics,South,4,43151.79,172607.16,22118.88
ORD009867,2025-01-25,Jacket,Clothing,Central,3,2637.83,7913.49,2447.29
ORD007914,2025-01-25,Tablet,Electronics,East,3,29435.83,88307.49,13006.74
ORD004474,2025-01-25,Headphones,Electronics,North,2,64269.67,128539.34,24640.6
ORD002479,2025-01-26,Cooking Oil,Groceries,South,3,778.27,2334.81,264.94
ORD008900,2025-01-26,Laptop,Electronics,West,2,30936.54,61873.08,10684.8
ORD009444,2025-01-26,Yoga Mat,Sports,North,3,5577.34,16732.02,4967.1
ORD008070,2025-01-26,Cycle,Sports,West,2,14198.28,28396.56,4897.87
ORD004667,2025-01-26,Dairy Bundle,Groceries,East,3,938.28,2814.84,342.42
ORD001002,2025-01-26,Shoes,Clothing,West,1,4559.4,4559.4,1196.33
ORD010256,2025-01-26,Jeans,Clothing,South,4,1141.07,4564.28,1662.78
ORD001867,2025-01-26,Jacket,Clothing,North,3,2399.56,7198.68,2342.3
ORD012166,2025-01-26,Laptop,Electronics,South,1,30698.09,30698.09,3177.4
ORD009306,2025-01-26,T-Shirt,Clothing,South,5,4637.76,23188.8,5842.01
ORD000666,2025-01-26,Jacket,Clothing,West,1,2910.21,2910.21,1105.3
ORD011674,2025-01-26,Desk,Furniture,North,8,12036.58,96292.64,12997.65
ORD006199,2025-01-26,Laptop,Electronics,West,4,51208.92,204835.68,20227.8
ORD004768,2025-01-26,Laptop,Electronics,East,2,38123.6,76247.2,10133.45
ORD011558,2025-01-26,Dress,Clothing,North,2,4772.34,9544.68,2090.26
ORD011789,2025-01-26,Smartwatch,Electronics,West,5,26270.91,131354.55,16842.06
ORD007459,2025-01-26,Running Shoes,Sports,North,1,11821.21,11821.21,2633.26
ORD002660,2025-01-26,Smartwatch,Electronics,Central,1,18282.63,18282.63,2734.71
ORD005174,2025-01-26,Rice,Groceries,North,3,1027.38,9854.98,1406.72
ORD008629,2025-01-26,Jeans,Clothing,East,2,408.35,816.7,361.27
ORD001840,2025-01-26,Jeans,Clothing,South,4,4066.8,16267.2,4848.01
ORD000856,2025-01-26,T-Shirt,Clothing,South,7,1014.52,7101.64,1529.25
ORD007545,2025-01-26,Chair,Furniture,Central,1,18670.45,18670.45,2826.91
ORD008388,2025-01-26,Tablet,Electronics,South,7,47543.85,332806.95,41977.42
ORD000097,2025-01-26,Sofa,Furniture,South,1,27211.71,27211.71,5305.34
ORD010020,2025-01-26,Rice,Groceries,East,5,1799.89,8999.45,490.7
ORD009436,2025-01-26,Laptop,Electronics,Central,1,9660.56,9660.56,1174.89
ORD011166,2025-01-26,Jacket,Clothing,East,2,4186.8,8373.6,2039.32
ORD006891,2025-01-26,Spices Pack,Groceries,Central,2,1991.49,3982.98,204.6
ORD005232,2025-01-26,Smartwatch,Electronics,South,4,78130.25,312521.0,59183.5
ORD008433,2025-01-26,Smartwatch,Electronics,East,4,35270.1,141080.4,22008.63
ORD010840,2025-01-26,Headphones,Electronics,Central,2,63840.67,127681.34,11147.18
ORD003527,2025-01-26,Dumbbell Set,Sports,East,2,13983.12,27966.24,6900.93
ORD007923,2025-01-26,Desk,Furniture,Central,1,3273.38,3273.38,616.64
ORD004549,2025-01-26,Desk,Furniture,North,5,10090.24,50451.2,5697.83
ORD011649,2025-01-27,Headphones,Electronics,West,1,54057.54,54057.54,4343.94
ORD006200,2025-01-27,Badminton Kit,Sports,North,2,8265.13,16530.26,3241.33
ORD002990,2025-01-27,Desk,Furniture,East,3,17052.27,51156.81,9534.04
ORD005105,2025-01-27,Laptop,Electronics,North,2,10048.93,20097.86,3125.67
ORD006957,2025-01-27,Badminton Kit,Sports,North,2,8913.17,17826.34,5840.29
ORD011240,2025-01-27,Dress,Clothing,West,1,3485.36,3485.36,860.23
ORD011542,2025-01-27,Cycle,Sports,Central,1,14261.76,14261.76,3213.79
ORD003669,2025-01-27,Spices Pack,Groceries,East,3,194.58,583.74,44.86
ORD012379,2025-01-27,Smartphone,Electronics,Central,1,22446.8,22446.8,2222.65
ORD003650,2025-01-27,Laptop,Electronics,East,2,34216.72,68433.44,10725.32
ORD009087,2025-01-27,Smartphone,Electronics,North,1,20867.85,20867.85,1875.64
ORD004350,2025-01-27,Running Shoes,Sports,Central,1,7332.0,7332.0,1940.64
ORD001977,2025-01-27,Sofa,Furniture,Central,3,29291.34,87874.02,10572.91
ORD001697,2025-01-27,Jeans,Clothing,East,3,4474.16,13422.48,3776.05
ORD004845,2025-01-27,Headphones,Electronics,Central,1,35583.3,35583.3,6414.55
ORD005459,2025-01-27,Shoes,Clothing,East,1,800.03,800.03,259.04
ORD004556,2025-01-27,Spices Pack,Groceries,Central,1,1892.27,1892.27,194.48
ORD007754,2025-01-27,Snacks,Groceries,Central,1,1555.12,1555.12,136.72
ORD002096,2025-01-27,Tablet,Electronics,North,1,62249.99,62249.99,11500.26
ORD000337,2025-01-27,Badminton Kit,Sports,South,3,1663.39,4990.17,1272.01
ORD004011,2025-01-27,Jeans,Clothing,West,2,2639.99,5279.98,2167.18
ORD004433,2025-01-27,Jeans,Clothing,East,2,359.96,719.92,269.11
ORD008666,2025-01-27,Chair,Furniture,South,2,22524.89,45049.78,8628.78
ORD008081,2025-01-27,Tablet,Electronics,North,1,47027.02,47027.02,7157.53
ORD007457,2025-01-27,Tablet,Electronics,Central,2,61247.68,122495.36,18692.84
ORD001102,2025-01-27,Rice,Groceries,North,6,902.84,5417.04,293.62
ORD004727,2025-01-27,Jacket,Clothing,East,1,987.95,987.95,244.25
ORD009135,2025-01-27,Dairy Bundle,Groceries,East,1,270.39,270.39,30.9
ORD011126,2025-01-28,Jeans,Clothing,West,1,4714.05,4714.05,993.89
ORD007795,2025-01-28,Desk,Furniture,South,3,5114.06,15342.18,1607.5
ORD007328,2025-01-28,Desk,Furniture,West,3,15322.23,45966.69,10361.67
ORD005631,2025-01-28,Dairy Bundle,Groceries,West,8,618.85,4950.8,397.36
ORD002913,2025-01-28,Shoes,Clothing,North,1,1117.63,1117.63,324.45
ORD011420,2025-01-28,Rice,Groceries,West,6,1361.87,8171.22,488.9
ORD003281,2025-01-28,Jeans,Clothing,West,4,1428.71,5714.84,1605.19
ORD000705,2025-01-28,Headphones,Electronics,South,3,50145.51,150436.53,27709.29
ORD001003,2025-01-28,Laptop,Electronics,West,1,27580.38,27580.38,4719.77
ORD003356,2025-01-28,Cooking Oil,Groceries,North,1,287.24,287.24,21.03
ORD002942,2025-01-28,Yoga Mat,Sports,East,2,5701.77,11403.54,3981.31
ORD000641,2025-01-28,Running Shoes,Sports,West,5,9463.26,47316.3,13745.05
ORD008127,2025-01-28,Wardrobe,Furniture,East,4,4712.98,18851.92,2552.27
ORD001207,2025-01-28,Chair,Furniture,North,4,15596.51,62386.04,6496.29
ORD006721,2025-01-28,Cycle,Sports,South,1,5983.49,5983.49,1792.35
ORD006783,2025-01-28,T-Shirt,Clothing,South,2,2201.88,4403.76,1353.11
ORD008313,2025-01-28,Dairy Bundle,Groceries,South,6,1018.3,6109.8,656.16
ORD007375,2025-01-28,Dress,Clothing,West,1,796.24,796.24,356.6
ORD001460,2025-01-28,Bookshelf,Furniture,South,3,13833.62,41500.86,6035.87
ORD010517,2025-01-28,Bookshelf,Furniture,North,1,8086.78,8086.78,826.63
ORD006296,2025-01-28,Rice,Groceries,South,4,1774.79,7099.16,808.38
ORD012484,2025-01-28,Jeans,Clothing,Central,1,1372.32,1372.32,363.45
ORD008206,2025-01-28,Chair,Furniture,Central,4,11025.94,44103.76,8723.82
ORD001894,2025-01-28,Shoes,Clothing,North,2,3011.23,24431.71,7720.31
ORD009776,2025-01-28,Dress,Clothing,West,4,3105.67,12422.68,2517.89
ORD010498,2025-01-28,Chair,Furniture,Central,2,14748.4,29496.8,3617.63
ORD007247,2025-01-28,Yoga Mat,Sports,East,1,3676.06,3676.06,604.27
ORD012499,2025-01-28,Cooking Oil,Groceries,East,8,1481.24,11849.92,1686.57
ORD003494,2025-01-28,Dumbbell Set,Sports,Central,4,6726.99,26907.96,6569.34
ORD011306,2025-01-28,Shoes,Clothing,North,2,2667.33,5334.66,2015.32
ORD011157,2025-01-28,Laptop,Electronics,East,2,16837.35,33674.7,4771.24
ORD001747,2025-01-28,Dairy Bundle,Groceries,South,4,1773.85,7095.4,981.23
ORD000426,2025-01-28,Smartwatch,Electronics,East,1,12829.51,12829.51,2180.96
ORD006576,2025-01-28,Chair,Furniture,East,1,9358.8,9358.8,999.37
ORD005971,2025-01-28,Shoes,Clothing,South,3,726.94,2180.82,506.46
ORD011863,2025-01-28,Wardrobe,Furniture,North,1,11149.16,11149.16,2062.56
ORD005511,2025-01-29,Running Shoes,Sports,South,1,10690.35,10690.35,1693.36
ORD000564,2025-01-29,Bookshelf,Furniture,Central,4,4435.63,17742.52,2861.3
ORD006607,2025-01-29,Smartphone,Electronics,East,2,21662.98,43325.96,8283.06
ORD001124,2025-01-29,Smartwatch,Electronics,East,2,12582.15,25164.3,4523.66
ORD001957,2025-01-29,Jeans,Clothing,North,1,329.98,329.98,146.71
ORD010040,2025-01-29,Wardrobe,Furniture,West,2,24016.23,48032.46,7777.84
ORD000903,2025-01-29,Cycle,Sports,North,6,5570.7,33424.2,10192.06
ORD006628,2025-01-29,Headphones,Electronics,South,5,23225.86,116129.3,12993.66
ORD010143,2025-01-29,Jeans,Clothing,West,2,1329.98,2659.96,1105.62
ORD012109,2025-01-29,Cooking Oil,Groceries,South,3,1252.12,3756.36,251.29
ORD004856,2025-01-29,Smartphone,Electronics,East,8,21538.96,172311.68,31560.58
ORD006040,2025-01-29,Headphones,Electronics,North,2,9725.22,19450.44,3339.77
ORD004653,2025-01-29,Cycle,Sports,North,5,11346.5,56732.5,10086.58
ORD000770,2025-01-29,Smartwatch,Electronics,South,1,21063.56,21063.56,3012.5
ORD012357,2025-01-29,Cooking Oil,Groceries,East,2,1162.23,2324.46,177.83
ORD006458,2025-01-29,Tablet,Electronics,South,1,69167.15,69167.15,9681.93
ORD005711,2025-01-29,Dairy Bundle,Groceries,North,2,1437.76,2875.52,218.57
ORD010234,2025-01-29,Dress,Clothing,Central,1,1515.07,1515.07,640.61
ORD007083,2025-01-29,Dress,Clothing,West,5,2632.91,13164.55,4188.65
ORD007452,2025-01-29,Tablet,Electronics,East,6,13537.57,81225.42,8497.09
ORD009839,2025-01-29,Desk,Furniture,South,2,21485.05,42970.1,7759.88
ORD001745,2025-01-29,Sofa,Furniture,Central,1,2888.83,2888.83,472.32
ORD006010,2025-01-29,Smartwatch,Electronics,South,5,20567.3,102836.5,9100.8
ORD010444,2025-01-29,Cycle,Sports,North,3,13871.83,41615.49,7876.21
ORD000307,2025-01-29,Sofa,Furniture,Central,4,19581.21,78324.84,8793.05
ORD001430,2025-01-29,Chair,Furniture,West,2,3008.53,6017.06,759.85
ORD001909,2025-01-29,Rice,Groceries,North,1,782.5,782.5,103.57
ORD008452,2025-01-29,Headphones,Electronics,East,5,40334.33,201671.65,24745.04
ORD002526,2025-01-29,Yoga Mat,Sports,Central,3,3364.56,10093.68,3139.49
ORD003863,2025-01-29,Chair,Furniture,East,4,27285.42,109141.68,13201.57
ORD011861,2025-01-29,Shoes,Clothing,North,1,3328.93,3328.93,816.2
ORD008762,2025-01-30,Rice,Groceries,East,6,878.96,5273.76,705.88
ORD001654,2025-01-30,Snacks,Groceries,West,2,807.81,1615.62,91.88
ORD005611,2025-01-30,Dumbbell Set,Sports,East,1,1451.61,1451.61,334.29
ORD001570,2025-01-30,Dairy Bundle,Groceries,Central,7,1090.75,7635.25,434.03
ORD004439,2025-01-30,Badminton Kit,Sports,South,1,1875.82,1875.82,406.31
ORD010435,2025-01-30,Desk,Furniture,East,2,26408.69,52817.38,9330.01
ORD003966,2025-01-30,Dress,Clothing,East,5,4162.47,20812.35,8164.95
ORD010952,2025-01-30,Bookshelf,Furniture,East,2,26085.76,52171.52,8705.46
ORD006476,2025-01-30,Rice,Groceries,Central,3,944.33,2832.99,382.29
ORD000044,2025-01-30,Badminton Kit,Sports,South,7,11079.29,77555.03,21522.41
ORD008927,2025-01-30,Shoes,Clothing,South,1,3183.52,3183.52,1005.4
ORD011957,2025-01-30,Sofa,Furniture,North,5,5314.28,26571.4,4006.36
ORD003839,2025-01-30,Cycle,Sports,North,1,11365.07,11365.07,3897.52
ORD010483,2025-01-30,Cooking Oil,Groceries,North,3,1860.19,5580.57,466.98
ORD007473,2025-01-30,Dairy Bundle,Groceries,West,1,361.35,361.35,54.14
ORD006677,2025-01-30,Smartphone,Electronics,North,1,70483.65,70483.65,11087.71
ORD007097,2025-01-30,Dairy Bundle,Groceries,Central,2,1029.73,2059.46,270.48
ORD009943,2025-01-30,Wardrobe,Furniture,West,1,18906.42,18906.42,3392.92
ORD010573,2025-01-30,Badminton Kit,Sports,West,3,9250.83,27752.49,7975.44
ORD008515,2025-01-30,Yoga Mat,Sports,South,2,10090.33,20180.66,4338.34
ORD004774,2025-01-30,Snacks,Groceries,Central,2,376.69,753.38,40.19
ORD001390,2025-01-30,Jeans,Clothing,North,1,2394.05,2394.05,604.01
ORD004621,2025-01-30,Laptop,Electronics,North,3,32100.94,96302.82,15741.53
ORD009650,2025-01-30,Cooking Oil,Groceries,East,2,725.62,1451.24,194.38
ORD003113,2025-01-30,Rice,Groceries,North,7,301.03,2107.21,237.74
ORD007949,2025-01-30,Bookshelf,Furniture,East,3,21047.44,63142.32,14751.42
ORD010329,2025-01-30,Bookshelf,Furniture,South,1,5880.84,5880.84,1017.53
ORD012458,2025-01-30,Headphones,Electronics,West,5,57938.2,289691.0,40350.69
ORD005785,2025-01-30,Cycle,Sports,Central,4,1953.31,7813.24,2350.81
ORD007750,2025-01-30,Rice,Groceries,West,2,210.32,420.64,57.05
ORD011404,2025-01-30,Spices Pack,Groceries,West,1,1056.07,1056.07,83.5
ORD004278,2025-01-30,Dress,Clothing,Central,3,2206.41,6619.23,2448.37
ORD010872,2025-01-30,Smartwatch,Electronics,West,4,36495.5,145982.0,21349.75
ORD008209,2025-01-31,Jacket,Clothing,South,2,4844.98,9689.96,3418.93
ORD003746,2025-01-31,Running Shoes,Sports,North,1,2085.66,2085.66,478.57
ORD006308,2025-01-31,Jacket,Clothing,West,3,4573.99,13721.97,4971.62
ORD000137,2025-01-31,Jeans,Clothing,North,1,4375.24,4375.24,1873.96
ORD003735,2025-01-31,Wardrobe,Furniture,North,3,19196.73,57590.19,8645.52
ORD005798,2025-01-31,Tablet,Electronics,Central,1,70841.34,70841.34,12442.47
ORD001359,2025-01-31,Snacks,Groceries,North,4,1328.27,5313.08,783.25
ORD006987,2025-01-31,Bookshelf,Furniture,West,1,23429.86,23429.86,5490.8
ORD006629,2025-01-31,Desk,Furniture,East,1,4655.25,4655.25,707.73
ORD003089,2025-01-31,Cycle,Sports,East,1,8643.12,8643.12,1591.74
ORD007931,2025-01-31,Spices Pack,Groceries,South,1,260.63,260.63,38.71
ORD006617,2025-01-31,Jeans,Clothing,South,3,4188.99,12566.97,2590.88
ORD000921,2025-01-31,Tablet,Electronics,South,1,34796.03,34796.03,4587.83
ORD011940,2025-01-31,Desk,Furniture,East,4,21137.98,84551.92,16307.04
ORD002326,2025-01-31,Badminton Kit,Sports,North,4,1277.7,5110.8,1499.98
ORD010691,2025-01-31,Jacket,Clothing,South,2,1094.08,2188.16,848.66
ORD003308,2025-01-31,Shoes,Clothing,East,1,778.68,778.68,297.55
ORD000537,2025-01-31,Sofa,Furniture,West,7,3178.61,22250.27,2284.68
ORD007784,2025-01-31,T-Shirt,Clothing,West,2,2720.42,5440.84,1525.92
ORD008700,2025-01-31,Wardrobe,Furniture,Central,3,6510.08,19530.24,4825.28
ORD006498,2025-01-31,Chair,Furniture,East,6,12738.25,76429.5,18422.19
ORD006697,2025-01-31,Chair,Furniture,East,2,8471.93,16943.86,3953.83
ORD008757,2025-01-31,Dumbbell Set,Sports,South,2,1591.24,16500.73,4274.39
ORD008559,2025-01-31,Dress,Clothing,West,3,692.31,2076.93,566.33
ORD010473,2025-01-31,Bookshelf,Furniture,South,2,22589.67,45179.34,6359.75
ORD005591,2025-01-31,Running Shoes,Sports,South,1,10995.14,10995.14,3640.42
ORD006929,2025-01-31,Cooking Oil,Groceries,North,3,237.32,711.96,97.96
ORD006335,2025-01-31,Wardrobe,Furniture,East,2,10995.14,21990.28,2538.84
ORD001562,2025-01-31,Desk,Furniture,South,4,3750.74,15002.96,2533.12
ORD008281,2025-01-31,Smartwatch,Electronics,Central,2,8018.18,16036.36,2751.53
ORD006004,2025-01-31,Tablet,Electronics,East,4,38870.1,155480.4,28667.08
ORD002513,2025-01-31,Jeans,Clothing,East,2,4671.78,9343.56,3101.1
ORD009057,2025-02-01,Jacket,Clothing,North,3,518.64,1555.92,513.39
ORD008096,2025-02-01,Cycle,Sports,North,3,8611.33,25833.99,4111.62
ORD005576,2025-02-01,Cycle,Sports,South,6,823.37,4940.22,1343.25
ORD000558,2025-02-01,Snacks,Groceries,West,1,1226.59,1226.59,132.48
ORD003920,2025-02-01,Spices Pack,Groceries,East,1,827.83,827.83,113.34
ORD001218,2025-02-01,Jacket,Clothing,East,1,4817.34,4817.34,1432.53
ORD000550,2025-02-01,Chair,Furniture,North,4,23828.37,95313.48,14537.1
ORD003579,2025-02-01,Smartphone,Electronics,North,1,45319.32,45319.32,6137.0
ORD012367,2025-02-01,Jeans,Clothing,East,5,2646.16,13230.8,3061.14
ORD000365,2025-02-01,Jacket,Clothing,South,3,1247.65,3742.95,901.73
ORD007960,2025-02-01,Rice,Groceries,South,4,1662.15,6648.6,850.12
ORD003805,2025-02-01,Rice,Groceries,North,2,739.26,1478.52,105.15
ORD011637,2025-02-01,Wardrobe,Furniture,East,1,17774.89,17774.89,3903.87
ORD007444,2025-02-01,Bookshelf,Furniture,East,4,14246.12,56984.48,6342.46
ORD001326,2025-02-01,Cycle,Sports,South,2,3528.8,7057.6,1579.08
ORD001589,2025-02-01,Yoga Mat,Sports,East,3,10131.18,30393.54,9918.57
ORD005737,2025-02-01,Badminton Kit,Sports,North,3,14979.12,44937.36,10632.86
ORD008996,2025-02-01,Sofa,Furniture,West,3,10292.88,30878.64,7121.79
ORD010995,2025-02-01,Running Shoes,Sports,Central,4,6797.23,27188.92,7898.37
ORD012169,2025-02-01,Badminton Kit,Sports,East,5,3933.2,19666.0,4698.78
ORD004031,2025-02-01,Cooking Oil,Groceries,South,4,1300.37,5201.48,393.81
ORD009811,2025-02-01,Jeans,Clothing,North,4,3944.45,15777.8,5225.74
ORD009795,2025-02-01,Yoga Mat,Sports,Central,2,8793.88,17587.76,5288.94
ORD005096,2025-02-01,Dairy Bundle,Groceries,West,1,1297.76,1297.76,103.98
ORD001934,2025-02-01,Dairy Bundle,Groceries,North,3,885.03,2655.09,312.19
ORD002797,2025-02-01,Dairy Bundle,Groceries,South,4,225.51,902.04,132.83
ORD004171,2025-02-01,Cycle,Sports,Central,2,12412.88,24825.76,6476.99
ORD009903,2025-02-01,Yoga Mat,Sports,North,1,4090.93,22412.13,6819.47
ORD005462,2025-02-01,Wardrobe,Furniture,Central,1,11095.08,11095.08,1151.73
ORD009189,2025-02-01,Badminton Kit,Sports,North,1,12548.86,12548.86,3360.52
ORD008677,2025-02-01,Badminton Kit,Sports,West,1,10009.6,10009.6,1811.92
ORD009195,2025-02-01,Jeans,Clothing,North,2,3760.32,7520.64,2880.81
ORD002826,2025-02-01,Bookshelf,Furniture,West,3,22767.16,68301.48,13748.04
ORD012174,2025-02-02,Headphones,Electronics,East,2,76299.93,152599.86,15491.37
ORD011506,2025-02-02,Rice,Groceries,North,1,1983.66,1983.66,203.65
ORD007520,2025-02-02,Laptop,Electronics,Central,1,70557.25,70557.25,9157.04
ORD004004,2025-02-02,Cycle,Sports,East,3,11469.81,34409.43,6932.57
ORD004922,2025-02-02,Yoga Mat,Sports,South,2,4763.58,9527.16,2782.39
ORD004502,2025-02-02,Spices Pack,Groceries,West,2,1477.33,2954.66,276.57
ORD010308,2025-02-02,Yoga Mat,Sports,Central,1,6273.16,19420.93,3380.51
ORD012213,2025-02-02,Snacks,Groceries,East,1,1250.31,1250.31,93.03
ORD004241,2025-02-02,Dress,Clothing,North,2,314.2,628.4,164.63
ORD008684,2025-02-02,Laptop,Electronics,North,1,60350.68,60350.68,12018.42
ORD004168,2025-02-02,Desk,Furniture,East,2,24002.64,48005.28,8130.58
ORD003529,2025-02-02,Bookshelf,Furniture,Central,1,24474.37,24474.37,3354.09
ORD011862,2025-02-02,Smartwatch,Electronics,West,6,26533.15,159198.9,29702.32
ORD005043,2025-02-02,Cycle,Sports,West,6,964.92,5789.52,1577.43
ORD012431,2025-02-02,Bookshelf,Furniture,North,4,4903.05,19612.2,3489.82
ORD001136,2025-02-02,Tablet,Electronics,South,1,15504.19,15504.19,1955.72
ORD009269,2025-02-02,Dairy Bundle,Groceries,East,1,404.68,404.68,56.43
ORD007563,2025-02-02,Dress,Clothing,North,4,1199.08,4796.32,1287.01
ORD002374,2025-02-02,Dress,Clothing,South,3,1192.41,3577.23,750.29
ORD007766,2025-02-02,Spices Pack,Groceries,West,3,266.21,798.63,92.31
ORD000492,2025-02-02,Headphones,Electronics,East,4,15675.07,62700.28,5581.36
ORD006273,2025-02-02,Cooking Oil,Groceries,South,1,587.81,587.81,35.32
ORD004562,2025-02-02,Tablet,Electronics,South,2,55335.99,110671.98,20740.82
ORD001129,2025-02-02,Spices Pack,Groceries,North,2,1083.15,2166.3,201.56
ORD000271,2025-02-02,Snacks,Groceries,West,1,1912.7,1912.7,211.58
ORD001615,2025-02-02,Badminton Kit,Sports,West,2,2027.51,4055.02,788.59
ORD009524,2025-02-02,Chair,Furniture,East,2,7653.09,15306.18,2467.73
ORD012322,2025-02-02,Rice,Groceries,East,2,623.05,1246.1,136.43
ORD000970,2025-02-03,Headphones,Electronics,Central,1,43874.41,43874.41,3915.66
ORD007837,2025-02-03,Chair,Furniture,East,4,7537.49,30149.96,6720.48
ORD002753,2025-02-03,Laptop,Electronics,South,4,30336.94,121347.76,12354.61
ORD005832,2025-02-03,Jeans,Clothing,North,1,3259.31,3259.31,1299.76
ORD001893,2025-02-03,Dress,Clothing,East,4,4064.61,50772.82,11480.43
ORD004669,2025-02-03,Bookshelf,Furniture,East,1,19714.96,19714.96,4857.81
ORD008004,2025-02-03,Dumbbell Set,Sports,West,2,7353.64,14707.28,2385.93
ORD002453,2025-02-03,Desk,Furniture,East,2,27929.67,55859.34,6940.76
ORD009280,2025-02-03,Chair,Furniture,East,1,21087.08,21087.08,5064.05
ORD009318,2025-02-03,Running Shoes,Sports,South,1,4773.0,4773.0,1241.76
ORD005775,2025-02-03,Dumbbell Set,Sports,Central,2,8448.95,16897.9,5756.02
ORD006766,2025-02-03,Badminton Kit,Sports,East,1,13771.15,13771.15,3179.1
ORD012460,2025-02-03,Cycle,Sports,North,2,11234.76,22469.52,5445.37
ORD003165,2025-02-03,Headphones,Electronics,West,4,41601.19,166404.76,14364.92
ORD006142,2025-02-03,Smartphone,Electronics,West,1,23402.45,23402.45,3045.66
ORD006521,2025-02-03,Snacks,Groceries,East,2,912.62,1825.24,208.28
ORD005293,2025-02-03,Spices Pack,Groceries,South,3,1106.57,3319.71,272.79
ORD011948,2025-02-03,Bookshelf,Furniture,Central,4,7864.67,31458.68,4976.99
ORD002617,2025-02-03,Yoga Mat,Sports,West,3,10665.92,31997.76,7428.16
ORD012440,2025-02-03,Spices Pack,Groceries,South,1,1168.51,1168.51,59.13
ORD003861,2025-02-03,Dairy Bundle,Groceries,East,2,1152.71,2305.42,329.87
ORD010120,2025-02-03,Cooking Oil,Groceries,North,1,1689.47,1689.47,134.35
ORD001260,2025-02-03,Bookshelf,Furniture,Central,2,21256.22,42512.44,8859.85
ORD002719,2025-02-03,Running Shoes,Sports,South,2,3559.06,7118.12,2265.87
ORD004624,2025-02-03,Bookshelf,Furniture,East,2,15697.5,31395.0,5259.91
ORD002396,2025-02-03,Rice,Groceries,Central,2,302.92,605.84,88.05
ORD009386,2025-02-03,T-Shirt,Clothing,East,5,3095.7,15478.5,6131.27
ORD003277,2025-02-03,T-Shirt,Clothing,West,1,3052.58,3052.58,617.0
ORD002487,2025-02-03,Jacket,Clothing,South,1,2767.73,2767.73,1042.94
ORD010942,2025-02-03,Cooking Oil,Groceries,Central,2,1852.71,3705.42,417.7
ORD012059,2025-02-03,Desk,Furniture,West,2,7903.93,15807.86,2905.8
ORD002114,2025-02-03,Dairy Bundle,Groceries,North,1,793.16,793.16,90.5
ORD010626,2025-02-03,Running Shoes,Sports,East,6,11939.37,71636.22,10831.71
ORD012321,2025-02-04,Cycle,Sports,Central,2,1214.28,2428.56,442.44
ORD004579,2025-02-04,Shoes,Clothing,North,3,4683.43,14050.29,4934.99
ORD002228,2025-02-04,Tablet,Electronics,Central,1,70382.47,70382.47,6134.12
ORD010461,2025-02-04,Snacks,Groceries,Central,2,1890.18,3780.36,452.38
ORD006907,2025-02-04,Headphones,Electronics,North,3,30500.39,401888.17,40562.28
ORD006727,2025-02-04,Shoes,Clothing,Central,4,4498.71,17994.84,4372.61
ORD006982,2025-02-04,Dumbbell Set,Sports,West,5,14035.78,70178.9,11017.83
ORD011498,2025-02-04,Cooking Oil,Groceries,North,4,766.62,3066.48,178.96
ORD000031,2025-02-04,Laptop,Electronics,South,5,35984.76,179923.8,20252.56
ORD012207,2025-02-04,Badminton Kit,Sports,West,2,12192.81,24385.62,6262.01
ORD012337,2025-02-04,Chair,Furniture,East,1,16307.77,16307.77,3115.68
ORD005362,2025-02-04,Running Shoes,Sports,East,3,7880.55,23641.65,7744.14
ORD001947,2025-02-04,Dress,Clothing,East,5,3483.96,17419.8,5349.87
ORD005112,2025-02-04,Dumbbell Set,Sports,West,1,14492.96,14492.96,2928.73
ORD004224,2025-02-04,Shoes,Clothing,East,2,2955.84,5911.68,2451.38
ORD009372,2025-02-04,Rice,Groceries,Central,8,1359.39,10875.12,1625.86
ORD000385,2025-02-04,Smartphone,Electronics,South,1,32629.89,32629.89,5826.1
ORD003128,2025-02-04,Cycle,Sports,North,3,6304.78,18914.34,4917.26
ORD009300,2025-02-04,Running Shoes,Sports,West,3,10637.51,31912.53,6569.43
ORD011857,2025-02-04,Smartwatch,Electronics,West,3,43176.54,129529.62,18917.69
ORD003117,2025-02-04,Wardrobe,Furniture,Central,4,17514.78,70059.12,8839.69
ORD009766,2025-02-04,Laptop,Electronics,South,2,64915.45,129830.9,13725.33
ORD008960,2025-02-04,Spices Pack,Groceries,East,1,611.59,611.59,84.53
ORD007183,2025-02-04,Tablet,Electronics,Central,3,13446.42,40339.26,5467.57
ORD006203,2025-02-04,Spices Pack,Groceries,West,2,1997.53,3995.06,228.4
ORD008581,2025-02-04,Wardrobe,Furniture,North,6,17361.87,104171.22,20324.38
ORD010476,2025-02-04,Snacks,Groceries,South,3,1953.13,5859.39,872.05
ORD010080,2025-02-04,Badminton Kit,Sports,North,8,4104.09,32832.72,6899.41
ORD011033,2025-02-04,Running Shoes,Sports,East,1,10914.51,10914.51,2237.22
ORD006804,2025-02-04,Badminton Kit,Sports,North,1,5983.24,5983.24,1715.67
ORD005553,2025-02-04,Cooking Oil,Groceries,West,2,1494.84,2989.68,180.6
ORD006145,2025-02-04,Yoga Mat,Sports,Central,3,1680.16,5040.48,767.6
ORD000239,2025-02-04,Jeans,Clothing,West,2,646.84,1293.68,437.86
ORD006253,2025-02-04,Tablet,Electronics,Central,2,35054.67,70109.34,13874.49
ORD004898,2025-02-04,Smartwatch,Electronics,Central,1,45010.22,45010.22,6696.53
ORD000045,2025-02-04,Chair,Furniture,Central,3,26841.96,80525.88,13756.42
ORD002691,2025-02-04,Badminton Kit,Sports,Central,8,3753.55,30028.4,7534.14
ORD004258,2025-02-04,T-Shirt,Clothing,East,2,1800.79,3601.58,947.4
ORD006377,2025-02-04,Jeans,Clothing,West,2,1114.06,2228.12,475.93
ORD004902,2025-02-04,T-Shirt,Clothing,East,1,914.96,914.96,337.58
ORD002685,2025-02-04,Rice,Groceries,West,2,1567.09,3134.18,210.14
ORD006784,2025-02-04,Yoga Mat,Sports,West,1,3788.16,3788.16,913.62
ORD003026,2025-02-05,Tablet,Electronics,East,1,44973.29,44973.29,8726.33
ORD008280,2025-02-05,Tablet,Electronics,East,2,66722.26,133444.52,20723.06
ORD006531,2025-02-05,Rice,Groceries,East,1,1613.44,1613.44,127.17
ORD009355,2025-02-05,Yoga Mat,Sports,West,1,14522.3,14522.3,3516.96
ORD004238,2025-02-05,Jacket,Clothing,East,4,4404.3,17617.2,6628.08
ORD000775,2025-02-05,Snacks,Groceries,Central,1,182.48,182.48,20.68
ORD010298,2025-02-05,Cooking Oil,Groceries,South,5,262.72,1313.6,89.15
ORD005263,2025-02-05,Yoga Mat,Sports,East,2,6485.06,12970.12,3927.99
ORD001534,2025-02-05,Laptop,Electronics,West,6,9087.97,54527.82,10676.65
ORD000854,2025-02-05,Dress,Clothing,South,1,3311.88,3311.88,841.25
ORD011255,2025-02-05,Dairy Bundle,Groceries,North,2,447.32,894.64,72.0
ORD011900,2025-02-05,Bookshelf,Furniture,West,1,23625.55,23625.55,4578.84
ORD007725,2025-02-05,Chair,Furniture,East,3,14267.43,42802.29,6584.57
ORD006050,2025-02-05,Smartwatch,Electronics,South,3,61476.62,184429.86,29347.93
ORD003995,2025-02-05,Tablet,Electronics,West,2,65037.68,130075.36,23496.11
ORD012225,2025-02-05,Headphones,Electronics,Central,3,15221.38,45664.14,5285.75
ORD009102,2025-02-05,Cycle,Sports,South,1,14857.88,14857.88,4663.5
ORD005548,2025-02-05,Dress,Clothing,North,8,2511.56,20092.48,5598.36
ORD010322,2025-02-05,Yoga Mat,Sports,Central,1,1248.24,1248.24,216.97
ORD008076,2025-02-05,Jacket,Clothing,South,3,4886.41,14659.23,4976.27
ORD011760,2025-02-05,Shoes,Clothing,South,1,3060.73,3060.73,1301.07
ORD002589,2025-02-05,Smartwatch,Electronics,West,2,71737.2,143474.4,12970.77
ORD004477,2025-02-05,Sofa,Furniture,Central,1,2149.08,2149.08,396.98
ORD006744,2025-02-05,Snacks,Groceries,Central,2,1109.28,2218.56,262.41
ORD007901,2025-02-06,Chair,Furniture,South,2,15831.3,31662.6,4479.04
ORD010484,2025-02-06,Cooking Oil,Groceries,North,2,1460.32,2920.64,287.06
ORD010470,2025-02-06,Laptop,Electronics,West,4,13423.04,53692.16,8425.14
ORD001473,2025-02-06,Chair,Furniture,North,2,23252.15,46504.3,5365.54
ORD005925,2025-02-06,Shoes,Clothing,West,1,1776.94,1776.94,787.86
ORD009434,2025-02-06,Spices Pack,Groceries,West,5,547.48,2737.4,353.94
ORD001599,2025-02-06,Dress,Clothing,West,2,4723.27,9446.54,3958.85
ORD010902,2025-02-06,Running Shoes,Sports,Central,1,7247.42,7247.42,2372.53
ORD010377,2025-02-06,Jacket,Clothing,North,3,1673.25,5019.75,1935.91
ORD011449,2025-02-06,Shoes,Clothing,South,2,3514.7,7029.4,1924.29
ORD007470,2025-02-06,Headphones,Electronics,East,3,34414.52,103243.56,17685.59
ORD009627,2025-02-06,Bookshelf,Furniture,West,1,10950.75,10950.75,1856.01
ORD012062,2025-02-06,T-Shirt,Clothing,North,2,3236.76,6473.52,2260.76
ORD010157,2025-02-06,Dairy Bundle,Groceries,South,2,629.98,1259.96,182.58
ORD001944,2025-02-06,Dairy Bundle,Groceries,West,3,1841.2,5523.6,627.16
ORD003282,2025-02-06,Laptop,Electronics,West,4,21234.53,84938.12,12675.51
ORD007291,2025-02-06,Running Shoes,Sports,South,1,7488.19,7488.19,1186.83
ORD006914,2025-02-06,Wardrobe,Furniture,Central,2,15732.87,31465.74,3496.41
ORD009917,2025-02-06,Cycle,Sports,Central,1,8384.96,8384.96,2886.77
ORD003289,2025-02-06,Yoga Mat,Sports,South,1,13840.55,13840.55,2825.36
ORD003176,2025-02-06,Tablet,Electronics,North,2,8529.76,17059.52,2425.6
ORD002609,2025-02-06,Snacks,Groceries,Central,1,944.69,944.69,117.37
ORD003321,2025-02-06,Tablet,Electronics,West,1,62457.64,62457.64,10948.58
ORD008019,2025-02-06,Shoes,Clothing,Central,1,2094.8,2094.8,843.09
ORD012378,2025-02-06,Jacket,Clothing,West,2,3697.7,7395.4,2787.55
ORD001627,2025-02-06,Wardrobe,Furniture,South,3,18957.86,56873.58,6687.23
ORD011525,2025-02-06,Wardrobe,Furniture,East,1,13217.84,13217.84,3165.36
ORD008891,2025-02-06,Tablet,Electronics,South,2,13614.76,27229.52,4032.17
ORD010437,2025-02-06,Desk,Furniture,North,1,3944.54,3944.54,747.0
ORD001996,2025-02-06,Running Shoes,Sports,West,3,1711.11,5133.33,986.76
ORD010709,2025-02-06,Headphones,Electronics,South,3,9399.15,28197.45,5629.65
ORD012058,2025-02-06,Headphones,Electronics,South,3,29464.32,88392.96,9438.46
ORD005598,2025-02-06,Wardrobe,Furniture,West,8,5590.44,44723.52,6251.33
ORD011323,2025-02-07,Headphones,Electronics,East,2,59793.62,119587.24,9854.06
ORD005216,2025-02-07,Headphones,Electronics,West,2,18998.03,37996.06,3417.79
ORD006325,2025-02-07,Desk,Furniture,North,4,21415.06,85660.24,20349.18
ORD003025,2025-02-07,Wardrobe,Furniture,South,6,24809.5,148857.0,35788.86
ORD006602,2025-02-07,Snacks,Groceries,North,5,1155.49,5777.45,765.48
ORD012249,2025-02-07,Headphones,Electronics,North,2,24039.14,48078.28,9437.62
ORD007005,2025-02-07,Wardrobe,Furniture,West,2,16019.51,32039.02,7921.38
ORD005271,2025-02-07,T-Shirt,Clothing,South,4,791.41,3165.64,1117.86
ORD007066,2025-02-07,Jeans,Clothing,Central,1,435.37,435.37,132.23
ORD003886,2025-02-07,Sofa,Furniture,East,4,16108.89,64435.56,13294.01
ORD000430,2025-02-07,Running Shoes,Sports,South,1,8690.2,8690.2,1417.73
ORD000298,2025-02-07,Chair,Furniture,South,2,27110.08,54220.16,9276.76
ORD009745,2025-02-07,Jacket,Clothing,East,2,2702.71,5405.42,1404.94
ORD002014,2025-02-07,Rice,Groceries,South,1,854.29,854.29,56.07
ORD009096,2025-02-07,Dairy Bundle,Groceries,West,2,799.2,1598.4,187.11
ORD002676,2025-02-07,Chair,Furniture,South,3,22528.49,67585.47,16849.95
ORD003276,2025-02-07,Smartphone,Electronics,West,2,32055.53,64111.06,9143.5
ORD000584,2025-02-07,Desk,Furniture,West,4,25299.76,101199.04,17823.19
ORD012438,2025-02-07,Desk,Furniture,East,1,3616.62,3616.62,563.22
ORD001064,2025-02-07,Jacket,Clothing,South,1,3282.95,3282.95,792.8
ORD009803,2025-02-07,Chair,Furniture,South,2,29951.05,59902.1,9212.44
ORD000741,2025-02-07,Cycle,Sports,Central,1,12358.6,12358.6,2150.91
ORD004118,2025-02-07,T-Shirt,Clothing,Central,3,755.51,2266.53,763.83
ORD007885,2025-02-07,Snacks,Groceries,East,1,1146.45,1146.45,86.04
ORD012345,2025-02-07,T-Shirt,Clothing,West,3,3958.3,11874.9,4902.1
ORD007334,2025-02-07,T-Shirt,Clothing,Central,3,985.68,2957.04,1000.25
ORD003323,2025-02-07,Snacks,Groceries,North,2,608.57,1217.14,110.83
ORD000127,2025-02-07,Headphones,Electronics,West,3,69281.84,207845.52,24532.14
ORD011442,2025-02-07,Laptop,Electronics,Central,4,45066.56,180266.24,33196.16
ORD012313,2025-02-07,Dairy Bundle,Groceries,North,2,393.38,786.76,43.82
ORD011196,2025-02-07,Jeans,Clothing,South,7,327.04,2289.28,746.81
ORD003246,2025-02-07,Spices Pack,Groceries,North,1,1247.21,1247.21,99.64
ORD004960,2025-02-07,Running Shoes,Sports,East,3,928.36,2785.08,659.47
ORD010898,2025-02-07,Running Shoes,Sports,Central,3,13604.36,40813.08,10521.68
ORD011285,2025-02-07,Jacket,Clothing,West,3,691.74,2075.22,642.06
ORD004954,2025-02-07,Badminton Kit,Sports,South,1,12751.78,12751.78,1913.38
ORD007830,2025-02-07,Headphones,Electronics,Central,5,25626.44,128132.2,16037.6
ORD002259,2025-02-07,Headphones,Electronics,South,2,45539.15,91078.3,17085.28
ORD000572,2025-02-07,Smartwatch,Electronics,East,2,56817.16,113634.32,16805.13
ORD005667,2025-02-07,Sofa,Furniture,North,2,26823.8,53647.6,11237.34
ORD008783,2025-02-07,Dress,Clothing,West,1,3728.67,3728.67,1306.95
ORD003864,2025-02-07,Jeans,Clothing,West,1,751.79,751.79,230.16
ORD003454,2025-02-07,Smartphone,Electronics,East,6,24630.51,147783.06,26043.76
ORD000409,2025-02-08,Smartwatch,Electronics,North,6,50571.83,303430.98,38802.85
ORD011329,2025-02-08,Chair,Furniture,South,7,7856.56,54995.92,8072.47
ORD005491,2025-02-08,Jeans,Clothing,West,3,3555.28,10665.84,3712.22
ORD007420,2025-02-08,Smartwatch,Electronics,South,6,20588.26,123529.56,14901.41
ORD011447,2025-02-08,Smartwatch,Electronics,East,6,55068.74,330412.44,38158.3
ORD007017,2025-02-08,Cycle,Sports,East,5,13378.58,66892.9,13309.16
ORD005209,2025-02-08,Headphones,Electronics,Central,3,58241.39,174724.17,15702.11
ORD004506,2025-02-08,Dairy Bundle,Groceries,Central,1,644.66,644.66,55.89
ORD000680,2025-02-08,Dairy Bundle,Groceries,South,4,625.97,2503.88,273.51
ORD001649,2025-02-08,Dumbbell Set,Sports,South,2,9900.61,19801.22,3263.66
ORD008470,2025-02-08,Badminton Kit,Sports,South,4,13195.86,52783.44,13355.66
ORD007877,2025-02-08,Yoga Mat,Sports,West,3,5039.71,15119.13,3429.5
ORD008671,2025-02-08,Smartphone,Electronics,West,2,60730.49,121460.98,19823.78
ORD009596,2025-02-08,Yoga Mat,Sports,South,2,10834.92,21669.84,7521.1
ORD008133,2025-02-08,Jacket,Clothing,North,5,1179.41,5897.05,2332.57
ORD005134,2025-02-08,Chair,Furniture,South,5,15190.32,75951.6,12128.94
ORD010662,2025-02-08,Dress,Clothing,East,2,1985.59,3971.18,1752.51
ORD003200,2025-02-08,Jeans,Clothing,West,1,2370.83,2370.83,982.09
ORD008180,2025-02-08,Chair,Furniture,North,4,11781.16,47124.64,10674.79
ORD003869,2025-02-08,Headphones,Electronics,Central,4,73852.38,295409.52,31029.29
ORD009909,2025-02-08,Jacket,Clothing,West,2,3944.83,7889.66,3412.93
ORD007991,2025-02-08,Laptop,Electronics,South,2,55337.94,110675.88,20410.53
ORD007894,2025-02-08,Chair,Furniture,Central,3,9015.29,27045.87,4061.4
ORD006231,2025-02-08,Dairy Bundle,Groceries,South,1,427.21,427.21,53.92
ORD001625,2025-02-08,Wardrobe,Furniture,West,2,26374.76,52749.52,10271.01
ORD002255,2025-02-08,Spices Pack,Groceries,North,1,1211.17,1211.17,174.59
ORD002551,2025-02-08,Sofa,Furniture,East,1,14574.2,14574.2,2720.16
ORD004820,2025-02-08,Dumbbell Set,Sports,West,3,6847.77,20543.31,3170.35
ORD005639,2025-02-08,Cooking Oil,Groceries,South,4,635.14,2540.56,280.54
ORD004723,2025-02-08,Sofa,Furniture,Central,4,15325.38,61301.52,6539.98
ORD010316,2025-02-08,Dress,Clothing,West,2,4131.64,8263.28,3066.91
ORD008522,2025-02-08,Running Shoes,Sports,West,2,3621.4,7242.8,2127.51
ORD006685,2025-02-08,Jeans,Clothing,East,1,4118.29,4118.29,1314.23
ORD001691,2025-02-08,Snacks,Groceries,Central,1,799.86,799.86,74.57
ORD000105,2025-02-08,Dairy Bundle,Groceries,South,3,109.62,328.86,21.73
ORD010453,2025-02-08,Badminton Kit,Sports,West,3,12978.63,38935.89,13125.8
ORD003005,2025-02-08,Smartwatch,Electronics,Central,6,53131.97,318791.82,35189.47
ORD007349,2025-02-08,Dairy Bundle,Groceries,South,5,350.36,1751.8,154.68
ORD001630,2025-02-09,Smartwatch,Electronics,South,1,36213.87,36213.87,6789.41
ORD008793,2025-02-09,Cooking Oil,Groceries,Central,2,709.94,1419.88,108.67
ORD009837,2025-02-09,Smartphone,Electronics,North,5,55823.69,279118.45,42348.37
ORD001719,2025-02-09,Tablet,Electronics,East,3,24479.03,73437.09,11134.69
ORD001785,2025-02-09,Badminton Kit,Sports,South,3,11767.21,35301.63,11382.68
ORD004298,2025-02-09,Dumbbell Set,Sports,North,2,11234.54,22469.08,5809.79
ORD011075,2025-02-09,Headphones,Electronics,North,2,63823.69,127647.38,17187.51
ORD011007,2025-02-09,Rice,Groceries,East,2,1189.32,2378.64,127.85
ORD008499,2025-02-09,Spices Pack,Groceries,East,3,1118.51,3355.53,389.64
ORD009986,2025-02-09,Badminton Kit,Sports,South,2,5167.71,10335.42,3235.29
ORD004558,2025-02-09,T-Shirt,Clothing,North,1,1831.68,1831.68,584.15
ORD007788,2025-02-09,Dress,Clothing,West,3,1084.78,3254.34,1119.15
ORD009668,2025-02-09,Rice,Groceries,Central,5,1407.87,7039.35,1035.51
ORD008897,2025-02-09,Cycle,Sports,East,3,6185.86,57240.43,16873.0
ORD004462,2025-02-09,Jeans,Clothing,East,3,3191.51,9574.53,3896.94
ORD001816,2025-02-09,Jeans,Clothing,North,2,3826.25,7652.5,1821.39
ORD012235,2025-02-09,Running Shoes,Sports,South,1,9824.86,9824.86,2824.13
ORD009584,2025-02-09,Tablet,Electronics,Central,1,9554.47,9554.47,1204.07
ORD003389,2025-02-09,Chair,Furniture,South,1,22630.25,22630.25,3802.16
ORD006647,2025-02-09,Jacket,Clothing,South,1,2881.59,2881.59,577.28
ORD000765,2025-02-09,Cooking Oil,Groceries,South,2,1625.75,3251.5,337.88
ORD000529,2025-02-09,Spices Pack,Groceries,East,3,1557.66,4672.98,421.47
ORD005557,2025-02-09,Headphones,Electronics,West,2,10188.61,20377.22,2690.5
ORD008369,2025-02-09,Chair,Furniture,West,7,16011.75,112082.25,20378.92
ORD001179,2025-02-09,Headphones,Electronics,West,1,72976.64,72976.64,6419.99
ORD009322,2025-02-09,Cooking Oil,Groceries,South,1,1027.36,1027.36,90.56
ORD000901,2025-02-09,Snacks,Groceries,South,3,1917.35,5752.05,711.82
ORD011833,2025-02-09,Snacks,Groceries,Central,2,1278.55,2557.1,346.88
ORD001209,2025-02-09,Badminton Kit,Sports,North,3,6071.0,18213.0,2874.0
ORD001366,2025-02-09,Cooking Oil,Groceries,West,2,1520.14,3040.28,296.07
ORD010551,2025-02-09,Tablet,Electronics,East,3,57446.67,172340.01,14996.6
ORD009898,2025-02-10,Desk,Furniture,Central,6,18992.07,113952.42,25211.85
ORD009294,2025-02-10,Chair,Furniture,South,3,22136.6,66409.8,13300.35
ORD000884,2025-02-10,Smartphone,Electronics,West,2,61089.71,122179.42,16753.51
ORD007176,2025-02-10,Sofa,Furniture,South,1,5614.7,5614.7,945.95
ORD009948,2025-02-10,Smartphone,Electronics,South,1,16311.22,16311.22,2762.5
ORD007819,2025-02-10,Smartphone,Electronics,West,2,48707.73,97415.46,8916.35
ORD009804,2025-02-10,Wardrobe,Furniture,East,1,27098.21,27098.21,4262.27
ORD002953,2025-02-10,Desk,Furniture,North,3,4776.09,47825.76,9251.56
ORD004117,2025-02-10,Badminton Kit,Sports,East,1,12055.74,12055.74,3231.97
ORD002488,2025-02-10,Smartwatch,Electronics,West,3,26156.45,78469.35,10484.07
ORD012028,2025-02-10,Rice,Groceries,South,3,392.11,1176.33,170.29
ORD011678,2025-02-10,Shoes,Clothing,East,3,748.4,2245.2,949.63
ORD011499,2025-02-10,Jacket,Clothing,West,1,4275.74,4275.74,1778.78
ORD004750,2025-02-10,Dairy Bundle,Groceries,West,1,1916.44,1916.44,136.97
ORD010853,2025-02-10,T-Shirt,Clothing,East,2,3941.19,7882.38,3058.87
ORD009196,2025-02-10,Badminton Kit,Sports,West,1,2894.66,2894.66,988.04
ORD001307,2025-02-10,Dress,Clothing,West,5,1460.07,7300.35,2812.28
ORD010466,2025-02-10,Tablet,Electronics,West,1,53296.8,53296.8,8000.03
ORD004142,2025-02-10,Dumbbell Set,Sports,South,2,13166.56,26333.12,5684.68
ORD002099,2025-02-10,Running Shoes,Sports,Central,5,872.5,4362.5,902.64
ORD010269,2025-02-10,Cooking Oil,Groceries,North,2,234.74,469.48,39.13
ORD007365,2025-02-10,Jeans,Clothing,North,2,4674.41,9348.82,4049.04
ORD008063,2025-02-10,Tablet,Electronics,South,2,44483.25,88966.5,12755.73
ORD003299,2025-02-10,Running Shoes,Sports,East,2,2203.78,4407.56,883.27
ORD002033,2025-02-10,T-Shirt,Clothing,East,4,4368.14,17472.56,3943.74
ORD011454,2025-02-10,Snacks,Groceries,South,4,771.75,3087.0,432.32
ORD001183,2025-02-10,Desk,Furniture,South,2,18161.6,36323.2,3870.63
ORD001536,2025-02-10,Desk,Furniture,Central,2,21785.64,43571.28,8343.95
ORD008084,2025-02-10,Cooking Oil,Groceries,West,3,1004.84,3014.52,448.49
ORD008980,2025-02-10,Chair,Furniture,North,1,4144.88,4144.88,1012.12
ORD004889,2025-02-10,Dress,Clothing,North,3,2826.36,8479.08,3805.33
ORD003498,2025-02-10,Smartwatch,Electronics,West,6,74852.56,449115.36,67173.49
ORD007088,2025-02-10,Cooking Oil,Groceries,West,5,1871.31,9356.55,1287.74
ORD005261,2025-02-10,Smartphone,Electronics,East,3,46461.67,139385.01,22506.27
ORD011202,2025-02-10,Rice,Groceries,South,2,1122.4,2244.8,164.97
ORD005479,2025-02-10,Wardrobe,Furniture,North,8,13299.97,106399.76,21850.19
ORD009702,2025-02-10,Dress,Clothing,West,2,2981.68,5963.36,2255.5
ORD010778,2025-02-10,Laptop,Electronics,North,5,39700.1,198500.5,22568.13
ORD009861,2025-02-10,Cycle,Sports,West,1,8319.82,8319.82,1710.49
ORD012132,2025-02-10,Desk,Furniture,West,1,14035.86,14035.86,2688.25
ORD004023,2025-02-11,Snacks,Groceries,East,3,956.87,2870.61,172.45
ORD004769,2025-02-11,Wardrobe,Furniture,North,2,19758.81,39517.62,8542.59
ORD005536,2025-02-11,Dress,Clothing,South,1,1558.03,1558.03,666.68
ORD006892,2025-02-11,Spices Pack,Groceries,Central,3,774.75,2324.25,181.53
ORD009145,2025-02-11,Running Shoes,Sports,North,4,12515.42,50061.68,8826.82
ORD001075,2025-02-11,Shoes,Clothing,East,4,2622.8,10491.2,4270.57
ORD010421,2025-02-11,Spices Pack,Groceries,South,1,172.38,172.38,23.74
ORD011463,2025-02-11,Badminton Kit,Sports,Central,1,5143.34,5143.34,1218.4
ORD005888,2025-02-11,Laptop,Electronics,West,1,79049.35,79049.35,9226.7
ORD003372,2025-02-11,Desk,Furniture,Central,4,17965.24,71860.96,16476.03
ORD008334,2025-02-11,Dairy Bundle,Groceries,North,2,1292.49,2584.98,362.11
ORD000643,2025-02-11,Bookshelf,Furniture,South,2,11140.92,22281.84,3958.52
ORD012067,2025-02-11,Wardrobe,Furniture,North,3,4693.76,14081.28,2955.2
ORD000749,2025-02-11,Smartphone,Electronics,Central,4,52603.3,210413.2,28536.09
ORD007394,2025-02-11,Desk,Furniture,South,1,22715.01,22715.01,4105.09
ORD007722,2025-02-11,Spices Pack,Groceries,North,8,1077.12,38992.06,4278.02
ORD005759,2025-02-11,Spices Pack,Groceries,East,3,813.73,2441.19,156.49
ORD007940,2025-02-11,Shoes,Clothing,West,5,644.59,3222.95,824.57
ORD001780,2025-02-11,Tablet,Electronics,West,1,13923.61,13923.61,1881.78
ORD005757,2025-02-11,Dumbbell Set,Sports,South,3,12894.89,38684.67,8754.92
ORD008641,2025-02-11,Dumbbell Set,Sports,Central,4,6004.98,24019.92,5334.34
ORD010596,2025-02-11,Shoes,Clothing,North,1,1759.49,1759.49,510.45
ORD001897,2025-02-11,Sofa,Furniture,Central,1,18655.73,18655.73,3933.19
ORD009265,2025-02-11,Dairy Bundle,Groceries,East,2,1086.09,2172.18,254.69
ORD003551,2025-02-11,Chair,Furniture,West,5,2256.64,11283.2,1469.18
ORD006321,2025-02-11,Spices Pack,Groceries,Central,5,867.66,4338.3,511.2
ORD008203,2025-02-11,Dumbbell Set,Sports,East,1,13250.23,13250.23,4361.8
ORD006366,2025-02-11,Jacket,Clothing,North,1,1323.66,1323.66,373.01
ORD001258,2025-02-11,Rice,Groceries,East,4,1290.53,5162.12,736.32
ORD001311,2025-02-11,Jacket,Clothing,Central,4,4007.98,83711.45,35407.27
ORD010049,2025-02-11,Shoes,Clothing,East,3,2281.34,6844.02,2390.64
ORD004726,2025-02-11,Shoes,Clothing,Central,2,2408.15,4816.3,1717.31
ORD001423,2025-02-11,Cooking Oil,Groceries,East,5,1196.53,5982.65,512.79
ORD005087,2025-02-11,Laptop,Electronics,South,2,44946.19,89892.38,9806.38
ORD005507,2025-02-11,Dumbbell Set,Sports,North,1,14423.66,14423.66,2895.32
ORD003830,2025-02-11,Wardrobe,Furniture,Central,2,15355.77,30711.54,6029.96
ORD003280,2025-02-11,Jeans,Clothing,West,4,3848.18,15392.72,6754.23
ORD010363,2025-02-11,Shoes,Clothing,South,2,479.84,959.68,401.25
ORD002185,2025-02-12,Snacks,Groceries,East,1,410.4,410.4,28.09
ORD001244,2025-02-12,Rice,Groceries,North,2,1018.47,2036.94,277.75
ORD006430,2025-02-12,Snacks,Groceries,West,3,989.32,2967.96,212.95
ORD004505,2025-02-12,Desk,Furniture,South,7,15947.63,111633.41,20867.68
ORD004518,2025-02-12,Sofa,Furniture,North,1,14719.58,14719.58,3060.7
ORD000516,2025-02-12,Dairy Bundle,Groceries,West,3,170.31,510.93,56.01
ORD002110,2025-02-12,Desk,Furniture,South,2,21300.69,42601.38,5872.46
ORD007255,2025-02-12,Jeans,Clothing,West,1,4682.52,4682.52,1674.71
ORD001610,2025-02-12,Laptop,Electronics,North,1,59749.25,59749.25,10031.19
ORD011706,2025-02-12,Wardrobe,Furniture,East,2,6114.26,12228.52,1850.04
ORD010886,2025-02-12,Dress,Clothing,South,3,1976.64,5929.92,2647.08
ORD005624,2025-02-12,Smartphone,Electronics,Central,8,42154.83,337238.64,41189.4
ORD005162,2025-02-12,Wardrobe,Furniture,West,1,28757.4,28757.4,2999.24
ORD002472,2025-02-12,Spices Pack,Groceries,East,5,1712.1,8560.5,738.99
ORD011922,2025-02-12,Smartwatch,Electronics,East,3,68488.15,205464.45,36866.24
ORD003784,2025-02-12,Jacket,Clothing,Central,6,4623.39,27740.34,5930.58
ORD004721,2025-02-12,Cooking Oil,Groceries,Central,4,425.25,1701.0,102.82
ORD008486,2025-02-12,Sofa,Furniture,West,4,10254.17,41016.68,9035.64
ORD001711,2025-02-12,Smartphone,Electronics,South,1,63033.44,63033.44,9760.68
ORD010988,2025-02-12,Cycle,Sports,West,1,9814.22,9814.22,3213.15
ORD003134,2025-02-12,Cooking Oil,Groceries,North,7,1964.7,13752.9,821.57
ORD000725,2025-02-12,Bookshelf,Furniture,Central,6,28449.2,170695.2,34563.59
ORD001626,2025-02-12,Sofa,Furniture,West,6,16910.11,101460.66,11902.27
ORD000476,2025-02-12,Dairy Bundle,Groceries,South,3,1240.98,3722.94,433.74
ORD005403,2025-02-12,Rice,Groceries,South,8,1974.0,15792.0,929.47
ORD011383,2025-02-12,Snacks,Groceries,East,3,1897.0,5691.0,590.37
ORD001824,2025-02-12,Jeans,Clothing,South,3,2590.15,7770.45,2389.38
ORD006112,2025-02-12,Laptop,Electronics,South,3,22100.43,66301.29,9164.85
ORD004444,2025-02-12,Rice,Groceries,North,1,1477.25,1477.25,176.99
ORD009151,2025-02-12,Bookshelf,Furniture,South,4,19811.82,79247.28,10153.89
ORD005001,2025-02-12,Headphones,Electronics,East,3,34902.14,104706.42,12559.48
ORD006692,2025-02-12,Tablet,Electronics,Central,6,60790.75,364744.5,48060.14
ORD000498,2025-02-12,Tablet,Electronics,East,2,33990.12,67980.24,6185.51
ORD003307,2025-02-12,Smartphone,Electronics,North,3,25842.5,77527.5,6540.29
ORD004703,2025-02-12,Snacks,Groceries,South,3,417.56,1252.68,113.64
ORD008561,2025-02-13,Dress,Clothing,East,8,1339.81,10718.48,3556.91
ORD000916,2025-02-13,Bookshelf,Furniture,South,1,29439.17,29439.17,5601.75
ORD008594,2025-02-13,Sofa,Furniture,West,1,13457.3,13457.3,3347.74
ORD006288,2025-02-13,Cycle,Sports,Central,3,9119.87,27359.61,5991.15
ORD006285,2025-02-13,Wardrobe,Furniture,Central,2,18282.23,36564.46,4370.49
ORD010543,2025-02-13,Smartwatch,Electronics,South,4,31734.55,126938.2,11259.65
ORD003980,2025-02-13,Yoga Mat,Sports,North,3,2679.5,8038.5,1267.82
ORD009895,2025-02-13,Badminton Kit,Sports,South,5,13453.47,67267.35,18315.97
ORD008822,2025-02-13,Jacket,Clothing,North,3,1921.32,5763.96,1303.81
ORD001751,2025-02-13,Smartphone,Electronics,East,7,28629.41,200405.87,35334.93
ORD001564,2025-02-13,Chair,Furniture,East,2,20840.41,41680.82,4675.44
ORD008065,2025-02-13,Yoga Mat,Sports,Central,1,13673.6,13673.6,3258.06
ORD006445,2025-02-13,Dumbbell Set,Sports,Central,5,14328.02,71640.1,21973.78
ORD010057,2025-02-13,Desk,Furniture,South,2,15980.82,31961.64,6561.12
ORD004351,2025-02-13,Cycle,Sports,South,2,13954.56,27909.12,8810.23
ORD004203,2025-02-13,Jeans,Clothing,East,3,2436.07,7308.21,1844.02
ORD009952,2025-02-13,Jacket,Clothing,East,4,913.17,3652.68,787.36
ORD005085,2025-02-13,Cooking Oil,Groceries,East,2,1046.49,2092.98,200.43
ORD012011,2025-02-13,Shoes,Clothing,Central,1,2076.55,2076.55,619.07
ORD001030,2025-02-13,Dairy Bundle,Groceries,South,1,1336.85,1336.85,139.76
ORD007225,2025-02-13,Laptop,Electronics,East,2,47186.28,94372.56,18381.87
ORD002061,2025-02-13,Cooking Oil,Groceries,East,1,657.37,657.37,67.41
ORD005274,2025-02-13,Rice,Groceries,West,1,1910.84,1910.84,260.91
ORD000115,2025-02-13,Smartwatch,Electronics,South,1,72227.35,72227.35,11248.44
ORD008812,2025-02-13,Cooking Oil,Groceries,Central,4,1903.28,7613.12,1134.14
ORD006725,2025-02-13,Badminton Kit,Sports,Central,3,12555.82,37667.46,7069.39
ORD005863,2025-02-13,Laptop,Electronics,Central,5,48999.15,244995.75,31667.95
ORD000469,2025-02-13,Shoes,Clothing,Central,3,386.44,1159.32,496.86
ORD010119,2025-02-13,Desk,Furniture,East,4,5308.55,21234.2,4917.75
ORD010216,2025-02-13,T-Shirt,Clothing,North,1,4592.25,4592.25,1387.3
ORD006755,2025-02-13,Cycle,Sports,South,3,5323.49,15970.47,4288.58
ORD006702,2025-02-13,Yoga Mat,Sports,West,4,5798.39,23193.56,5661.23
ORD004861,2025-02-13,Jeans,Clothing,North,1,3919.42,3919.42,1236.9
ORD002451,2025-02-13,Laptop,Electronics,North,1,8435.39,8435.39,1164.62
ORD001355,2025-02-13,Cooking Oil,Groceries,East,1,133.35,133.35,10.58
ORD008890,2025-02-13,Running Shoes,Sports,South,2,5639.69,11279.38,3367.61
ORD007342,2025-02-13,Tablet,Electronics,West,2,59603.38,119206.76,11113.4
ORD006704,2025-02-14,Jacket,Clothing,East,2,3350.51,6701.02,2819.14
ORD011169,2025-02-14,Tablet,Electronics,North,1,72753.86,72753.86,7202.99
ORD009759,2025-02-14,Spices Pack,Groceries,East,4,1705.98,6823.92,347.8
ORD006086,2025-02-14,Tablet,Electronics,South,8,34283.69,274269.52,50885.25
ORD005487,2025-02-14,Rice,Groceries,West,1,568.57,568.57,66.43
ORD002270,2025-02-14,Dumbbell Set,Sports,Central,3,1682.84,5048.52,845.92
ORD001132,2025-02-14,Smartphone,Electronics,West,1,72261.68,72261.68,9625.66
ORD007632,2025-02-14,Smartwatch,Electronics,East,2,49315.33,98630.66,13405.92
ORD012105,2025-02-14,Shoes,Clothing,North,7,646.21,4523.47,1520.85
ORD005444,2025-02-14,Smartphone,Electronics,South,4,11994.84,47979.36,5476.6
ORD004617,2025-02-14,Rice,Groceries,East,3,1863.07,5589.21,533.26
ORD002715,2025-02-14,Jacket,Clothing,Central,1,3502.03,3502.03,1327.26
ORD008806,2025-02-14,Desk,Furniture,West,1,3269.28,3269.28,504.26
ORD002602,2025-02-14,Laptop,Electronics,South,3,54279.97,162839.91,27051.15
ORD004923,2025-02-14,Bookshelf,Furniture,North,1,5231.2,5231.2,842.34
ORD006271,2025-02-14,T-Shirt,Clothing,Central,2,669.81,1339.62,410.64
ORD010951,2025-02-14,Spices Pack,Groceries,North,4,1140.02,4560.08,326.25
ORD009866,2025-02-14,Cycle,Sports,South,6,7728.63,46371.78,11294.22
ORD009649,2025-02-14,T-Shirt,Clothing,West,3,2639.32,7917.96,2732.82
ORD009285,2025-02-14,Dumbbell Set,Sports,East,1,9957.72,9957.72,2503.46
ORD005208,2025-02-14,Bookshelf,Furniture,East,1,28263.66,28263.66,6326.84
ORD000930,2025-02-14,Dress,Clothing,South,3,4257.39,12772.17,4880.54
ORD010986,2025-02-14,Cycle,Sports,South,1,4019.62,4019.62,1091.61
ORD001896,2025-02-14,Badminton Kit,Sports,South,3,3613.09,10839.27,1771.64
ORD005306,2025-02-14,Jacket,Clothing,East,6,2821.81,16930.86,6568.65
ORD009234,2025-02-14,Chair,Furniture,North,2,17913.94,35827.88,4166.69
ORD010469,2025-02-14,Cycle,Sports,North,2,5712.51,11425.02,2067.61
ORD009958,2025-02-14,Laptop,Electronics,Central,2,14166.83,28333.66,5131.11
ORD010924,2025-02-14,Dumbbell Set,Sports,West,4,6596.22,26384.88,7481.74
ORD005855,2025-02-14,Cooking Oil,Groceries,South,3,812.96,2438.88,268.04
ORD001682,2025-02-14,Wardrobe,Furniture,West,5,21386.05,106930.25,14928.46
ORD005860,2025-02-14,Bookshelf,Furniture,South,1,9076.79,9076.79,1331.66
ORD003339,2025-02-14,Shoes,Clothing,South,1,3278.78,3278.78,863.3
ORD007016,2025-02-14,T-Shirt,Clothing,East,2,2269.27,4538.54,1832.2
ORD003923,2025-02-14,Cooking Oil,Groceries,Central,1,1659.4,1659.4,184.95
ORD010079,2025-02-14,Snacks,Groceries,East,3,971.72,2915.16,324.63
ORD011732,2025-02-14,Smartwatch,Electronics,East,3,11018.7,33056.1,3454.19
ORD005933,2025-02-14,Badminton Kit,Sports,North,1,11944.86,11944.86,2102.76
ORD005622,2025-02-14,Snacks,Groceries,West,1,424.92,424.92,39.34
ORD005976,2025-02-14,Chair,Furniture,West,1,29814.44,29814.44,3569.85
ORD008553,2025-02-14,Jacket,Clothing,East,2,661.01,1322.02,513.29
ORD008844,2025-02-14,Jeans,Clothing,East,7,1036.82,7257.74,2999.09
ORD010128,2025-02-15,Cycle,Sports,East,1,6881.92,6881.92,1879.44
ORD002856,2025-02-15,Spices Pack,Groceries,East,2,420.62,841.24,123.52
ORD003809,2025-02-15,Rice,Groceries,East,1,709.02,709.02,88.23
ORD007868,2025-02-15,Cooking Oil,Groceries,West,1,1061.88,1061.88,91.65
ORD009679,2025-02-15,Smartwatch,Electronics,East,3,61062.53,183187.59,34370.64
ORD002656,2025-02-15,Dairy Bundle,Groceries,West,2,738.05,1476.1,164.6
ORD002561,2025-02-15,Tablet,Electronics,East,3,30898.85,92696.55,17701.06
ORD011372,2025-02-15,Dumbbell Set,Sports,South,3,10129.05,30387.15,8275.32
ORD010524,2025-02-15,Wardrobe,Furniture,South,2,12820.78,25641.56,5461.43
ORD004283,2025-02-15,Yoga Mat,Sports,East,2,7536.57,15073.14,3895.0
ORD011492,2025-02-15,Cycle,Sports,North,4,13604.08,54416.32,9233.69
ORD003841,2025-02-15,Yoga Mat,Sports,North,4,14094.48,56377.92,14431.35
ORD008683,2025-02-15,Running Shoes,Sports,Central,5,12026.79,60133.95,20646.06
ORD006507,2025-02-15,Spices Pack,Groceries,Central,1,1504.89,1504.89,102.49
ORD004405,2025-02-15,Shoes,Clothing,West,3,490.39,1471.17,339.44
ORD005152,2025-02-15,Headphones,Electronics,North,5,17212.4,86062.0,17190.87
ORD001402,2025-02-15,Yoga Mat,Sports,East,2,14183.67,28367.34,9702.4
ORD003157,2025-02-15,Smartwatch,Electronics,North,1,56292.37,56292.37,6323.48
ORD005662,2025-02-15,Cooking Oil,Groceries,West,1,540.61,540.61,29.56
ORD002352,2025-02-15,Jeans,Clothing,West,2,3416.79,6833.58,2383.84
ORD012420,2025-02-15,Headphones,Electronics,East,1,49214.17,49214.17,9209.44
ORD008539,2025-02-15,Cycle,Sports,North,1,2578.95,2578.95,579.73
ORD000232,2025-02-15,Cycle,Sports,East,2,11317.65,22635.3,6036.24
ORD005972,2025-02-15,T-Shirt,Clothing,North,1,1426.17,1426.17,591.69
ORD006047,2025-02-15,Chair,Furniture,West,2,5837.67,11675.34,2654.51
ORD010734,2025-02-15,Dairy Bundle,Groceries,North,1,134.61,134.61,11.66
ORD007133,2025-02-15,Yoga Mat,Sports,West,8,11080.46,88643.68,17009.45
ORD001299,2025-02-15,Desk,Furniture,West,1,9599.46,9599.46,1675.15
ORD003274,2025-02-15,T-Shirt,Clothing,North,2,2927.94,5855.88,1907.24
ORD001849,2025-02-15,Cooking Oil,Groceries,South,1,1926.84,1926.84,225.03
ORD002530,2025-02-15,Cooking Oil,Groceries,Central,4,1160.53,4642.12,393.19
ORD003368,2025-02-15,Smartphone,Electronics,Central,2,19590.88,39181.76,5782.43
ORD007785,2025-02-15,Dumbbell Set,Sports,East,3,2735.26,8205.78,1974.6
ORD008987,2025-02-15,Smartwatch,Electronics,East,5,12639.51,63197.55,10620.96
ORD005693,2025-02-16,Badminton Kit,Sports,West,3,4593.73,13781.19,3394.13
ORD002478,2025-02-16,Chair,Furniture,South,3,14609.81,43829.43,9306.94
ORD000143,2025-02-16,Cycle,Sports,West,2,8885.06,17770.12,2793.26
ORD008181,2025-02-16,Dumbbell Set,Sports,South,2,5737.73,11475.46,2319.16
ORD012185,2025-02-16,Yoga Mat,Sports,South,2,854.09,1708.18,454.3
ORD004610,2025-02-16,Dairy Bundle,Groceries,Central,4,1708.45,6833.8,428.82
ORD000955,2025-02-16,Dumbbell Set,Sports,West,1,5240.51,5240.51,942.13
ORD004065,2025-02-16,Yoga Mat,Sports,Central,6,13076.64,78459.84,15434.76
ORD006561,2025-02-16,Badminton Kit,Sports,North,4,9995.05,39980.2,6344.03
ORD004612,2025-02-16,Chair,Furniture,South,6,16899.3,101395.8,14191.02
ORD001256,2025-02-16,Spices Pack,Groceries,East,6,218.67,1312.02,181.51
ORD006358,2025-02-16,Desk,Furniture,West,4,5418.39,21673.56,2533.74
ORD011105,2025-02-16,Yoga Mat,Sports,Central,3,8881.58,26644.74,6782.72
ORD012389,2025-02-16,Smartphone,Electronics,West,5,60722.67,303613.35,41073.99
ORD005788,2025-02-16,Dress,Clothing,West,3,3973.0,11919.0,2835.49
ORD005771,2025-02-16,Laptop,Electronics,South,1,67958.62,67958.62,6427.62
ORD006818,2025-02-16,Tablet,Electronics,North,4,55623.74,222494.96,40438.66
ORD000018,2025-02-16,Wardrobe,Furniture,West,4,29037.7,116150.8,25699.48
ORD000373,2025-02-16,Wardrobe,Furniture,West,5,8501.96,42509.8,9987.09
ORD001535,2025-02-16,Desk,Furniture,South,1,9025.01,9025.01,1817.67
ORD011167,2025-02-16,Headphones,Electronics,West,2,37755.67,75511.34,13023.13
ORD011161,2025-02-16,Shoes,Clothing,North,4,2511.19,10044.76,4470.15
ORD006408,2025-02-16,Sofa,Furniture,East,2,2070.77,4141.54,476.99
ORD007847,2025-02-16,Shoes,Clothing,South,1,2793.18,2793.18,616.73
ORD000183,2025-02-16,Snacks,Groceries,East,4,1888.78,34826.96,3086.03
ORD005593,2025-02-16,Wardrobe,Furniture,West,5,20796.5,103982.5,25842.64
ORD010688,2025-02-16,Smartphone,Electronics,Central,1,48044.24,48044.24,7528.24
ORD011287,2025-02-16,Tablet,Electronics,South,1,47044.89,47044.89,7503.18
ORD004134,2025-02-17,Smartwatch,Electronics,Central,2,55312.56,110625.12,13696.64
ORD009086,2025-02-17,Bookshelf,Furniture,North,1,21419.75,21419.75,5113.13
ORD005093,2025-02-17,Rice,Groceries,East,7,1316.09,9212.63,916.47
ORD001705,2025-02-17,Jeans,Clothing,West,2,1435.03,2870.06,602.96
ORD009239,2025-02-17,Spices Pack,Groceries,West,1,1175.76,1175.76,89.58
ORD007397,2025-02-17,Rice,Groceries,East,1,1296.18,1296.18,152.15
ORD011496,2025-02-17,Jeans,Clothing,West,2,894.86,1789.72,658.55
ORD008125,2025-02-17,Jeans,Clothing,North,3,3545.38,10636.14,2249.33
ORD008917,2025-02-17,Smartwatch,Electronics,South,4,8716.66,34866.64,4762.68
ORD010630,2025-02-17,Yoga Mat,Sports,North,3,7911.01,23733.03,8207.99
ORD002947,2025-02-17,T-Shirt,Clothing,Central,4,2614.13,10456.52,2594.04
ORD004135,2025-02-17,Jeans,Clothing,North,1,3174.03,3174.03,1187.11
ORD004557,2025-02-17,Shoes,Clothing,East,5,2838.14,14190.7,4473.74
ORD006881,2025-02-17,Cycle,Sports,South,1,698.04,698.04,171.95
ORD001553,2025-02-17,Chair,Furniture,North,3,9243.93,27731.79,4580.2
ORD012041,2025-02-17,Smartphone,Electronics,Central,2,68957.51,137915.02,13216.19
ORD004893,2025-02-17,Dairy Bundle,Groceries,West,2,1130.48,2260.96,286.78
ORD007789,2025-02-17,Dairy Bundle,Groceries,North,3,980.32,2940.96,341.2
ORD004819,2025-02-17,Bookshelf,Furniture,East,3,28217.87,84653.61,8700.59
ORD011582,2025-02-17,Smartwatch,Electronics,Central,1,65649.79,65649.79,10887.47
ORD012267,2025-02-17,Laptop,Electronics,Central,1,41483.18,41483.18,6608.19
ORD006053,2025-02-17,Wardrobe,Furniture,North,1,10449.82,10449.82,2373.52
ORD002732,2025-02-17,Bookshelf,Furniture,West,2,3905.04,7810.08,1152.27
ORD004048,2025-02-17,Dumbbell Set,Sports,Central,2,8218.41,16436.82,5441.65
ORD004570,2025-02-17,Rice,Groceries,West,1,1014.42,1014.42,113.35
ORD007717,2025-02-17,Laptop,Electronics,West,1,50876.19,50876.19,8494.55
ORD008210,2025-02-17,Dairy Bundle,Groceries,South,1,1484.27,1484.27,125.42
ORD005869,2025-02-17,Dumbbell Set,Sports,South,1,9539.76,9539.76,2660.44
ORD005896,2025-02-17,Badminton Kit,Sports,Central,4,12364.07,49456.28,7474.35
ORD006006,2025-02-17,Running Shoes,Sports,South,3,14417.6,43252.8,9335.14
ORD000396,2025-02-17,Headphones,Electronics,East,2,19041.3,38082.6,5725.63
ORD012220,2025-02-17,Cooking Oil,Groceries,Central,2,189.12,378.24,34.12
ORD004933,2025-02-17,Dairy Bundle,Groceries,Central,1,1416.65,1416.65,71.54
ORD003035,2025-02-17,Tablet,Electronics,Central,1,15691.11,15691.11,1705.02
ORD006318,2025-02-17,Smartphone,Electronics,North,2,59752.81,119505.62,12648.43
ORD002269,2025-02-17,Laptop,Electronics,Central,7,38707.98,270955.86,41686.69
ORD009026,2025-02-17,Cooking Oil,Groceries,North,2,380.68,761.36,99.71
ORD012409,2025-02-17,Spices Pack,Groceries,West,2,1237.8,2475.6,191.34
ORD001365,2025-02-17,Dairy Bundle,Groceries,North,1,568.55,568.55,55.95
ORD010810,2025-02-17,Bookshelf,Furniture,South,1,2440.74,2440.74,418.71
ORD002283,2025-02-17,Snacks,Groceries,North,7,539.05,3773.35,527.28
ORD011866,2025-02-17,Dress,Clothing,North,7,4509.8,31568.6,8874.33
ORD002819,2025-02-17,Wardrobe,Furniture,North,4,18458.36,73833.44,16690.21
ORD003651,2025-02-17,Jacket,Clothing,Central,1,906.47,906.47,278.81
ORD010594,2025-02-17,Sofa,Furniture,North,1,16229.18,16229.18,1651.41
ORD000902,2025-02-18,Sofa,Furniture,Central,3,11891.04,35673.12,5154.06
ORD003131,2025-02-18,Chair,Furniture,East,4,5373.49,21493.96,4894.83
ORD009308,2025-02-18,Dairy Bundle,Groceries,East,8,1571.02,12568.16,1389.92
ORD009616,2025-02-18,Badminton Kit,Sports,South,4,5745.77,113144.42,21188.9
ORD004170,2025-02-18,Headphones,Electronics,West,2,41308.59,82617.18,14392.63
ORD012481,2025-02-18,Jeans,Clothing,Central,1,713.62,713.62,254.73
ORD002382,2025-02-18,Tablet,Electronics,North,6,62328.99,373973.94,41074.52
ORD004367,2025-02-18,Cooking Oil,Groceries,North,7,578.93,4052.51,386.68
ORD004331,2025-02-18,Shoes,Clothing,North,2,2338.5,4677.0,1417.24
ORD009672,2025-02-18,Wardrobe,Furniture,South,1,24436.74,24436.74,5326.1
ORD008631,2025-02-18,Cooking Oil,Groceries,North,1,1544.74,7005.09,622.8
ORD011869,2025-02-18,Cooking Oil,Groceries,North,8,1912.16,15297.28,1981.85
ORD000248,2025-02-18,T-Shirt,Clothing,East,3,2479.38,7438.14,2144.7
ORD010189,2025-02-18,Rice,Groceries,East,2,1205.21,2410.42,326.92
ORD009618,2025-02-18,Running Shoes,Sports,Central,5,11033.83,55169.15,13592.47
ORD011152,2025-02-18,Badminton Kit,Sports,Central,5,7587.69,37938.45,11241.53
ORD009697,2025-02-18,Dairy Bundle,Groceries,West,2,340.4,680.8,75.59
ORD002588,2025-02-18,Wardrobe,Furniture,West,1,14483.12,14483.12,3222.47
ORD004087,2025-02-18,Shoes,Clothing,South,2,2586.04,5172.08,1420.32
ORD005919,2025-02-18,Spices Pack,Groceries,Central,1,1218.51,1218.51,155.77
ORD007330,2025-02-18,Chair,Furniture,West,1,8080.35,8080.35,2001.0
ORD005886,2025-02-18,Sofa,Furniture,South,3,2233.79,6701.37,781.07
ORD008363,2025-02-18,Bookshelf,Furniture,South,2,22595.63,45191.26,10039.85
ORD001634,2025-02-18,Shoes,Clothing,West,2,2529.0,5058.0,1720.58
ORD010830,2025-02-18,Spices Pack,Groceries,West,1,1940.6,1940.6,242.88
ORD002304,2025-02-18,Desk,Furniture,North,3,25691.48,77074.44,9820.98
ORD001173,2025-02-18,Dumbbell Set,Sports,South,3,14155.02,42465.06,12047.95
ORD004951,2025-02-18,Jeans,Clothing,North,5,408.62,2043.1,599.14
ORD002510,2025-02-18,Tablet,Electronics,Central,2,48301.62,96603.24,17673.77
ORD009008,2025-02-18,Desk,Furniture,South,1,7825.31,7825.31,1810.94
ORD000549,2025-02-18,Badminton Kit,Sports,South,2,3697.05,7394.1,1384.82
ORD007866,2025-02-18,Smartphone,Electronics,East,4,62654.55,250618.2,43636.48
ORD004778,2025-02-18,Dress,Clothing,South,8,3332.81,26662.48,10843.15
ORD000636,2025-02-19,Dumbbell Set,Sports,East,2,10577.24,21154.48,6812.26
ORD007710,2025-02-19,Chair,Furniture,North,2,15518.89,31037.78,4759.74
ORD009430,2025-02-19,Dumbbell Set,Sports,Central,6,5068.46,30410.76,7170.39
ORD002817,2025-02-19,Desk,Furniture,East,1,7224.52,34406.77,4412.15
ORD012416,2025-02-19,Cooking Oil,Groceries,East,1,146.05,146.05,15.21
ORD006495,2025-02-19,Tablet,Electronics,West,1,41417.73,41417.73,3435.96
ORD008268,2025-02-19,Headphones,Electronics,East,3,37472.69,112418.07,17918.23
ORD000034,2025-02-19,Cooking Oil,Groceries,North,3,367.76,1103.28,143.67
ORD003084,2025-02-19,Cycle,Sports,North,1,6407.41,6407.41,2225.38
ORD011458,2025-02-19,Cooking Oil,Groceries,North,1,1400.72,1400.72,154.42
ORD000188,2025-02-19,Dress,Clothing,North,1,634.59,634.59,177.52
ORD009141,2025-02-19,Yoga Mat,Sports,East,4,14312.5,57250.0,11611.56
ORD006612,2025-02-19,Cycle,Sports,North,2,11866.79,23733.58,7818.81
ORD008698,2025-02-19,Jeans,Clothing,South,2,2217.67,4435.34,1975.73
ORD001600,2025-02-19,Wardrobe,Furniture,West,1,4871.9,4871.9,774.19
ORD009459,2025-02-19,Smartwatch,Electronics,West,2,33523.25,67046.5,11904.4
ORD003163,2025-02-19,T-Shirt,Clothing,Central,2,682.93,1365.86,339.19
ORD006320,2025-02-19,Dress,Clothing,East,2,2235.92,4471.84,1728.83
ORD009104,2025-02-19,Jeans,Clothing,North,4,2987.82,11951.28,4545.88
ORD002550,2025-02-19,Snacks,Groceries,South,1,901.25,901.25,48.66
ORD005702,2025-02-19,Dress,Clothing,West,4,4441.63,17766.52,5424.08
ORD004734,2025-02-19,Snacks,Groceries,Central,1,1859.0,1859.0,261.98
ORD011020,2025-02-19,Sofa,Furniture,South,1,12756.94,12756.94,2395.35
ORD011915,2025-02-19,Spices Pack,Groceries,West,3,1544.04,4632.12,685.29
ORD000880,2025-02-19,Spices Pack,Groceries,North,2,308.5,617.0,64.66
ORD008393,2025-02-19,Laptop,Electronics,North,1,43590.63,43590.63,6565.33
ORD001932,2025-02-19,Smartphone,Electronics,South,3,34888.97,104666.91,11580.39
ORD008289,2025-02-19,Wardrobe,Furniture,Central,5,22466.93,112334.65,25564.93
ORD009647,2025-02-19,Desk,Furniture,West,4,24470.74,97882.96,21962.27
ORD000777,2025-02-19,Cooking Oil,Groceries,Central,1,1656.46,1656.46,229.29
ORD005868,2025-02-19,T-Shirt,Clothing,South,6,2411.95,14471.7,5457.93
ORD011038,2025-02-19,Chair,Furniture,West,8,26383.16,211065.28,31441.85
ORD000592,2025-02-19,Cycle,Sports,South,1,9673.02,9673.02,3254.06
ORD001910,2025-02-19,Tablet,Electronics,Central,4,67090.12,268360.48,36841.08
ORD004361,2025-02-19,Bookshelf,Furniture,North,1,10771.02,10771.02,2294.76
ORD000688,2025-02-19,Dress,Clothing,North,4,1461.99,5847.96,2442.62
ORD008883,2025-02-19,Wardrobe,Furniture,West,1,6778.02,6778.02,994.38
ORD007371,2025-02-19,Jacket,Clothing,North,3,4487.94,13463.82,4691.05
ORD011801,2025-02-19,Shoes,Clothing,South,3,2842.94,8528.82,2332.3
ORD010999,2025-02-19,T-Shirt,Clothing,North,6,3526.24,21157.44,8156.02
ORD000887,2025-02-19,Smartphone,Electronics,Central,1,72230.1,72230.1,14058.88
ORD007096,2025-02-19,Laptop,Electronics,North,4,38244.51,152978.04,13360.73
ORD004930,2025-02-20,Wardrobe,Furniture,Central,1,11298.07,11298.07,1392.39
ORD003878,2025-02-20,Cycle,Sports,Central,2,4084.49,8168.98,2448.04
ORD003591,2025-02-20,Wardrobe,Furniture,South,3,8541.49,25624.47,4136.66
ORD002705,2025-02-20,Sofa,Furniture,South,3,10987.92,32963.76,5897.68
ORD009044,2025-02-20,Smartphone,Electronics,Central,1,35920.39,35920.39,3907.19
ORD007523,2025-02-20,Shoes,Clothing,East,3,3669.79,11009.37,3805.39
ORD007557,2025-02-20,Laptop,Electronics,North,3,73040.55,219121.65,17752.87
ORD011115,2025-02-20,Jeans,Clothing,North,1,2770.25,2770.25,635.36
ORD011324,2025-02-20,Yoga Mat,Sports,North,5,14614.34,73071.7,14199.4
ORD003877,2025-02-20,Dairy Bundle,Groceries,East,1,343.56,343.56,31.79
ORD001225,2025-02-20,Spices Pack,Groceries,Central,4,209.53,838.12,70.61
ORD001796,2025-02-20,Spices Pack,Groceries,Central,8,1907.75,15262.0,1030.94
ORD005243,2025-02-20,Chair,Furniture,South,2,3384.53,6769.06,1538.69
ORD006738,2025-02-20,Chair,Furniture,West,1,15195.02,15195.02,1580.52
ORD011885,2025-02-20,Laptop,Electronics,West,2,71044.5,142089.0,17166.77
ORD004754,2025-02-20,Cooking Oil,Groceries,West,1,268.19,268.19,29.74
ORD009660,2025-02-20,Running Shoes,Sports,North,3,14716.69,44150.07,15418.54
ORD001055,2025-02-20,Jacket,Clothing,East,1,1601.45,1601.45,714.06
ORD009182,2025-02-20,Dairy Bundle,Groceries,North,5,782.14,3910.7,236.67
ORD001684,2025-02-20,Desk,Furniture,West,1,11086.33,11086.33,1556.82
ORD010095,2025-02-20,Desk,Furniture,West,1,21840.61,21840.61,2316.56
ORD010341,2025-02-20,Bookshelf,Furniture,North,1,9631.38,9631.38,1542.08
ORD003834,2025-02-20,T-Shirt,Clothing,East,4,3321.17,13284.68,4957.85
ORD009352,2025-02-20,Dress,Clothing,South,1,1841.08,1841.08,691.3
ORD004319,2025-02-20,Yoga Mat,Sports,East,1,12105.28,12105.28,2922.27
ORD008426,2025-02-20,Jeans,Clothing,Central,1,4516.17,4516.17,922.57
ORD000038,2025-02-20,Headphones,Electronics,Central,1,58893.73,58893.73,9863.57
ORD006222,2025-02-20,Yoga Mat,Sports,North,1,13742.06,13742.06,2698.85
ORD005390,2025-02-21,Shoes,Clothing,North,2,4032.56,8065.12,2021.26
ORD002340,2025-02-21,T-Shirt,Clothing,North,3,3492.06,10476.18,3748.84
ORD010666,2025-02-21,Headphones,Electronics,North,4,37109.94,148439.76,15979.61
ORD005077,2025-02-21,Shoes,Clothing,Central,1,1617.02,1617.02,344.88
ORD010109,2025-02-21,Smartphone,Electronics,East,1,62332.77,62332.77,8273.62
ORD003740,2025-02-21,Desk,Furniture,West,1,26403.45,26403.45,4409.66
ORD010180,2025-02-21,Jeans,Clothing,South,2,2288.6,4577.2,1204.16
ORD002686,2025-02-21,Dumbbell Set,Sports,North,1,6075.48,6075.48,1332.91
ORD006149,2025-02-21,Snacks,Groceries,South,1,1033.03,1033.03,113.55
ORD011274,2025-02-21,Smartwatch,Electronics,North,3,75710.01,227130.03,30357.94
ORD002353,2025-02-21,Bookshelf,Furniture,East,5,13624.08,68120.4,11126.03
ORD010647,2025-02-21,T-Shirt,Clothing,West,2,1850.53,3701.06,915.63
ORD002712,2025-02-21,Cycle,Sports,North,1,14636.11,14636.11,3398.84
ORD002013,2025-02-21,Shoes,Clothing,West,1,3463.53,3463.53,1406.5
ORD010416,2025-02-21,Shoes,Clothing,Central,1,4441.14,4441.14,1483.71
ORD010850,2025-02-21,Wardrobe,Furniture,East,3,11701.99,35105.97,8043.7
ORD003100,2025-02-21,Snacks,Groceries,South,2,497.68,995.36,56.99
ORD004393,2025-02-21,Wardrobe,Furniture,North,2,17860.42,35720.84,6099.81
ORD006087,2025-02-21,Spices Pack,Groceries,West,5,174.56,872.8,129.87
ORD002773,2025-02-21,Badminton Kit,Sports,Central,2,9577.79,19155.58,3161.74
ORD002394,2025-02-21,Badminton Kit,Sports,South,2,13200.62,26401.24,8740.39
ORD010799,2025-02-21,Smartphone,Electronics,Central,1,69225.78,69225.78,13684.45
ORD009696,2025-02-21,Dress,Clothing,East,3,4507.19,13521.57,5368.55
ORD005059,2025-02-21,Snacks,Groceries,East,2,294.82,589.64,65.6
ORD004136,2025-02-21,Sofa,Furniture,West,1,11589.31,11589.31,1346.61
ORD003870,2025-02-21,Chair,Furniture,South,2,20627.64,41255.28,4612.54
ORD007761,2025-02-21,Wardrobe,Furniture,North,2,2181.71,4363.42,1084.13
ORD000254,2025-02-21,Chair,Furniture,East,2,27505.96,55011.92,12288.59
ORD001509,2025-02-21,Chair,Furniture,Central,1,22515.57,22515.57,3617.78
ORD007219,2025-02-21,Bookshelf,Furniture,East,4,22146.05,88584.2,14732.93
ORD012443,2025-02-21,Running Shoes,Sports,East,1,11680.14,11680.14,2001.07
ORD012381,2025-02-21,Jacket,Clothing,West,1,1395.43,1395.43,399.15
ORD006961,2025-02-21,Snacks,Groceries,Central,2,428.94,857.88,47.0
ORD008616,2025-02-21,Chair,Furniture,North,1,18320.81,18320.81,3513.21
ORD007435,2025-02-21,Desk,Furniture,North,3,5474.71,16424.13,2676.91
ORD000010,2025-02-21,T-Shirt,Clothing,South,2,2330.14,4660.28,1271.36
ORD000790,2025-02-21,Sofa,Furniture,South,1,18998.63,18998.63,3457.84
ORD006836,2025-02-21,Chair,Furniture,Central,2,6593.12,13186.24,1369.97
ORD000122,2025-02-21,Badminton Kit,Sports,East,4,13765.53,55062.12,12335.66
ORD001091,2025-02-21,Yoga Mat,Sports,South,4,4927.0,19708.0,3794.36
ORD000352,2025-02-21,Desk,Furniture,North,2,11424.92,22849.84,2745.69
ORD006880,2025-02-21,Spices Pack,Groceries,West,2,449.5,899.0,86.72
ORD004387,2025-02-22,Dumbbell Set,Sports,East,2,8565.43,17130.86,3979.19
ORD004461,2025-02-22,Laptop,Electronics,East,3,45949.11,137847.33,11659.72
ORD008013,2025-02-22,Sofa,Furniture,Central,3,24652.52,73957.56,13001.76
ORD003951,2025-02-22,Spices Pack,Groceries,West,5,1196.34,5981.7,431.37
ORD001068,2025-02-22,Headphones,Electronics,East,1,59793.46,59793.46,11171.27
ORD010088,2025-02-22,Shoes,Clothing,North,8,2106.54,16852.32,3922.56
ORD002814,2025-02-22,Yoga Mat,Sports,North,3,6851.64,20554.92,4490.82
ORD004098,2025-02-22,Dairy Bundle,Groceries,Central,3,817.81,2453.43,200.37
ORD002245,2025-02-22,Shoes,Clothing,West,3,3967.0,11901.0,4057.92
ORD009457,2025-02-22,Desk,Furniture,Central,4,29996.4,119985.6,23592.37
ORD004657,2025-02-22,Chair,Furniture,North,4,21833.07,87332.28,13551.97
ORD005347,2025-02-22,Sofa,Furniture,West,1,28742.76,28742.76,3706.44
ORD010241,2025-02-22,Wardrobe,Furniture,Central,2,25666.78,51333.56,5809.85
ORD007733,2025-02-22,Dumbbell Set,Sports,East,3,12507.82,163303.85,45350.3
ORD005727,2025-02-22,Dumbbell Set,Sports,Central,2,862.08,1724.16,396.39
ORD008899,2025-02-22,Bookshelf,Furniture,West,2,14550.69,29101.38,5576.33
ORD004847,2025-02-22,Running Shoes,Sports,West,2,6203.62,12407.24,3961.76
ORD005742,2025-02-22,Shoes,Clothing,South,1,2920.92,2920.92,1005.35
ORD009484,2025-02-22,Tablet,Electronics,East,2,9585.16,19170.32,2021.06
ORD011852,2025-02-22,Sofa,Furniture,North,2,28347.97,56695.94,8059.88
ORD011593,2025-02-22,Dairy Bundle,Groceries,Central,3,247.38,742.14,82.98
ORD002997,2025-02-22,Wardrobe,Furniture,Central,2,14867.76,29735.52,5199.11
ORD004523,2025-02-22,Snacks,Groceries,East,2,966.64,1933.28,102.47
ORD003625,2025-02-22,Dress,Clothing,West,3,1065.64,3196.92,1288.69
ORD007150,2025-02-22,Wardrobe,Furniture,South,4,16034.52,64138.08,13194.83
ORD000503,2025-02-22,Sofa,Furniture,North,1,24583.71,24583.71,4887.67
ORD001748,2025-02-23,Bookshelf,Furniture,North,1,20453.27,20453.27,2693.38
ORD008330,2025-02-23,Laptop,Electronics,Central,3,23516.08,70548.24,5853.59
ORD008248,2025-02-23,T-Shirt,Clothing,West,1,756.15,756.15,233.02
ORD006936,2025-02-23,Dress,Clothing,East,1,3977.48,3977.48,1103.01
ORD000672,2025-02-23,Chair,Furniture,South,2,26311.63,52623.26,11002.23
ORD008813,2025-02-23,Shoes,Clothing,Central,3,2575.57,7726.71,2449.52
ORD004414,2025-02-23,Shoes,Clothing,North,2,3356.4,6712.8,1894.7
ORD001858,2025-02-23,Cooking Oil,Groceries,West,2,1981.21,3962.42,321.7
ORD003442,2025-02-23,Dairy Bundle,Groceries,East,4,711.2,14243.93,1375.23
ORD003710,2025-02-23,Rice,Groceries,North,3,263.23,789.69,95.88
ORD011262,2025-02-23,Chair,Furniture,West,2,9651.35,19302.7,3095.02
ORD011906,2025-02-23,Yoga Mat,Sports,West,7,6159.54,43116.78,10917.03
ORD006381,2025-02-23,Dairy Bundle,Groceries,South,8,386.4,3091.2,346.39
ORD009941,2025-02-23,Smartwatch,Electronics,East,2,76144.98,152289.96,26167.86
ORD008773,2025-02-23,Yoga Mat,Sports,North,1,7107.84,7107.84,2081.09
ORD006399,2025-02-23,Cycle,Sports,East,2,12445.07,24890.14,6128.21
ORD005581,2025-02-23,Tablet,Electronics,North,2,26158.05,52316.1,6224.05
ORD000585,2025-02-23,Tablet,Electronics,East,1,8459.78,8459.78,968.18
ORD006827,2025-02-23,Bookshelf,Furniture,North,1,2039.71,2039.71,375.3
ORD005535,2025-02-23,Dumbbell Set,Sports,West,2,7884.69,15769.38,4044.37
ORD000578,2025-02-23,Dumbbell Set,Sports,Central,6,9469.86,56819.16,17076.62
ORD007805,2025-02-23,Cycle,Sports,South,3,10374.18,31122.54,8108.26
ORD001722,2025-02-23,Running Shoes,Sports,East,1,3568.72,3568.72,1245.93
ORD008240,2025-02-23,Wardrobe,Furniture,East,2,13882.55,27765.1,5036.56
ORD007651,2025-02-23,Badminton Kit,Sports,South,3,14848.45,44545.35,10947.76
ORD008549,2025-02-23,Headphones,Electronics,Central,3,61790.21,185370.63,19975.43
ORD004381,2025-02-23,Dairy Bundle,Groceries,East,1,137.26,137.26,16.08
ORD012288,2025-02-24,Tablet,Electronics,North,1,52554.05,52554.05,9877.03
ORD001712,2025-02-24,Yoga Mat,Sports,North,2,11553.39,23106.78,3645.96
ORD010067,2025-02-24,Dress,Clothing,Central,4,4209.79,16839.16,4674.26
ORD003222,2025-02-24,Sofa,Furniture,Central,1,22239.5,22239.5,2332.32
ORD003813,2025-02-24,Dress,Clothing,North,3,2713.14,8139.42,2951.77
ORD003097,2025-02-24,Bookshelf,Furniture,West,1,23916.88,23916.88,5754.93
ORD012022,2025-02-24,Tablet,Electronics,West,2,79852.88,159705.76,22971.48
ORD004645,2025-02-24,Shoes,Clothing,Central,1,2199.32,2199.32,561.65
ORD003905,2025-02-24,Sofa,Furniture,North,4,9194.66,36778.64,3793.22
ORD003130,2025-02-24,Snacks,Groceries,South,1,1688.95,1688.95,120.84
ORD009684,2025-02-24,Yoga Mat,Sports,Central,2,14392.65,28785.3,4685.12
ORD009447,2025-02-24,Dress,Clothing,Central,3,2640.55,7921.65,2658.1
ORD001077,2025-02-24,Bookshelf,Furniture,West,3,21936.39,65809.17,14734.46
ORD000414,2025-02-24,Cycle,Sports,South,5,5522.02,27610.1,6057.4
ORD009076,2025-02-24,Spices Pack,Groceries,North,5,1494.1,7470.5,1043.73
ORD007681,2025-02-24,Jeans,Clothing,West,1,4469.57,4469.57,948.94
ORD009084,2025-02-24,Chair,Furniture,South,1,29540.75,29540.75,5475.7
ORD006362,2025-02-24,Jeans,Clothing,West,2,4547.61,9095.22,3881.65
ORD010785,2025-02-24,Smartwatch,Electronics,East,1,42158.47,42158.47,7740.16
ORD001863,2025-02-24,Smartphone,Electronics,West,4,34820.64,139282.56,26663.65
ORD002779,2025-02-24,Smartwatch,Electronics,North,5,16100.23,80501.15,13549.18
ORD002780,2025-02-24,Dress,Clothing,Central,1,1592.96,1592.96,573.11
ORD008258,2025-02-24,Jacket,Clothing,West,4,4401.06,17604.24,5927.94
ORD008179,2025-02-24,Smartwatch,Electronics,South,6,12175.83,73054.98,10959.97
ORD002548,2025-02-24,Chair,Furniture,Central,5,3264.24,16321.2,2704.18
ORD010716,2025-02-24,T-Shirt,Clothing,East,3,4625.34,13876.02,5828.15
ORD008824,2025-02-24,Shoes,Clothing,East,1,668.91,668.91,254.15
ORD005419,2025-02-24,Spices Pack,Groceries,West,4,1192.41,4769.64,662.95
ORD002889,2025-02-24,Laptop,Electronics,Central,2,53126.24,106252.48,10362.97
ORD006033,2025-02-24,Dairy Bundle,Groceries,East,2,1868.07,3736.14,346.84
ORD007605,2025-02-24,Running Shoes,Sports,Central,2,2442.98,4885.96,819.39
ORD005039,2025-02-24,Desk,Furniture,East,4,7674.39,30697.56,5105.71
ORD003348,2025-02-24,Yoga Mat,Sports,West,4,8647.22,34588.88,10313.6
ORD011858,2025-02-24,Dress,Clothing,South,1,3563.8,3563.8,1575.46
ORD000938,2025-02-24,Jeans,Clothing,South,1,3744.17,3744.17,1256.39
ORD008717,2025-02-24,Headphones,Electronics,North,3,51188.57,153565.71,12896.99
ORD001655,2025-02-24,Jacket,Clothing,East,1,2037.0,2037.0,643.81
ORD001665,2025-02-25,Cooking Oil,Groceries,North,4,366.62,1466.48,171.75
ORD000543,2025-02-25,Desk,Furniture,Central,1,28452.5,28452.5,4840.06
ORD000581,2025-02-25,Tablet,Electronics,East,3,67458.81,202376.43,19319.74
ORD005065,2025-02-25,Dairy Bundle,Groceries,West,7,1241.41,8689.87,1027.0
ORD004649,2025-02-25,T-Shirt,Clothing,West,5,4415.87,22079.35,8839.56
ORD005051,2025-02-25,Sofa,Furniture,North,3,29218.69,87656.07,16885.5
ORD012000,2025-02-25,Chair,Furniture,East,1,8476.95,8476.95,1656.09
ORD011993,2025-02-25,Chair,Furniture,South,5,7438.81,37194.05,5706.7
ORD008257,2025-02-25,Jeans,Clothing,East,2,3238.48,6476.96,2089.48
ORD010487,2025-02-25,Shoes,Clothing,South,2,1481.2,2962.4,1266.19
ORD009805,2025-02-25,Tablet,Electronics,East,3,57637.64,172912.92,26246.51
ORD003279,2025-02-25,Dumbbell Set,Sports,West,8,5811.15,46489.2,7465.57
ORD008554,2025-02-25,Snacks,Groceries,Central,2,1480.4,2960.8,418.24
ORD002575,2025-02-25,Chair,Furniture,Central,2,19458.15,38916.3,4658.02
ORD008849,2025-02-25,Bookshelf,Furniture,East,2,5494.89,10989.78,2412.14
ORD000068,2025-02-25,Running Shoes,Sports,North,3,14172.19,42516.57,9125.78
ORD002421,2025-02-25,Headphones,Electronics,West,1,76806.76,76806.76,14933.99
ORD007647,2025-02-25,Badminton Kit,Sports,East,5,10615.7,53078.5,15301.33
ORD005782,2025-02-25,Jacket,Clothing,Central,1,4387.91,4387.91,1351.5
ORD001830,2025-02-25,Jacket,Clothing,Central,3,3191.11,9573.33,4094.05
ORD000036,2025-02-25,Headphones,Electronics,East,1,63601.62,63601.62,6604.77
ORD001426,2025-02-25,Jacket,Clothing,South,2,3386.17,6772.34,1761.48
ORD002343,2025-02-25,Rice,Groceries,Central,3,1573.46,4720.38,421.59
ORD009906,2025-02-25,Wardrobe,Furniture,South,2,7488.82,14977.64,3734.86
ORD011549,2025-02-25,Cooking Oil,Groceries,Central,2,923.48,1846.96,222.45
ORD006523,2025-02-25,Smartwatch,Electronics,East,4,38672.06,154688.24,24342.67
ORD011564,2025-02-25,Rice,Groceries,Central,2,274.31,548.62,45.07
ORD011800,2025-02-25,Bookshelf,Furniture,Central,1,7804.14,33904.36,5160.51
ORD010281,2025-02-25,Sofa,Furniture,South,1,5911.89,5911.89,631.56
ORD002895,2025-02-25,Badminton Kit,Sports,East,2,14990.58,29981.16,5764.96
ORD002922,2025-02-25,Desk,Furniture,South,1,4619.66,4619.66,473.52
ORD004484,2025-02-25,Sofa,Furniture,Central,2,18573.6,37147.2,7817.33
ORD003196,2025-02-25,Smartwatch,Electronics,North,2,14346.24,28692.48,3719.69
ORD011839,2025-02-25,Shoes,Clothing,Central,3,1647.68,4943.04,1577.89
ORD006436,2025-02-25,Chair,Furniture,East,3,21956.1,65868.3,15301.08
ORD011944,2025-02-25,Dumbbell Set,Sports,West,3,5463.09,16389.27,2868.23
ORD003159,2025-02-25,Desk,Furniture,West,1,22258.97,22258.97,4153.03
ORD000201,2025-02-25,Shoes,Clothing,Central,2,784.68,1569.36,667.98
ORD003921,2025-02-25,Badminton Kit,Sports,East,3,8740.63,26221.89,6238.23
ORD001492,2025-02-26,Dairy Bundle,Groceries,South,1,1439.25,1439.25,189.57
ORD010491,2025-02-26,Spices Pack,Groceries,West,3,1848.5,5545.5,723.98
ORD010511,2025-02-26,Running Shoes,Sports,West,1,5445.14,5445.14,1593.43
ORD005824,2025-02-26,Rice,Groceries,South,1,769.62,769.62,69.49
ORD003309,2025-02-26,Laptop,Electronics,East,2,22376.22,44752.44,5574.03
ORD007009,2025-02-26,Jeans,Clothing,West,2,4738.05,9476.1,1940.95
ORD009483,2025-02-26,Yoga Mat,Sports,West,3,6472.88,19418.64,3574.18
ORD010572,2025-02-26,Sofa,Furniture,North,1,5949.43,5949.43,1107.93
ORD002031,2025-02-26,Sofa,Furniture,East,3,10233.89,30701.67,4038.74
ORD009271,2025-02-26,Cooking Oil,Groceries,Central,2,1581.84,3163.68,462.9
ORD009002,2025-02-26,Cycle,Sports,Central,2,7342.68,14685.36,4307.88
ORD001263,2025-02-26,Shoes,Clothing,North,1,4080.85,4080.85,1100.56
ORD005665,2025-02-26,Smartwatch,Electronics,North,4,68258.55,273034.2,22748.07
ORD009465,2025-02-26,Desk,Furniture,Central,2,2802.09,5604.18,1078.96
ORD009451,2025-02-26,Running Shoes,Sports,East,2,5665.29,11330.58,2812.34
ORD011444,2025-02-26,Yoga Mat,Sports,North,1,9381.26,9381.26,1555.33
ORD012079,2025-02-26,Jeans,Clothing,East,4,3017.56,12070.24,2710.14
ORD003098,2025-02-26,Dairy Bundle,Groceries,North,1,1414.66,1414.66,92.78
ORD010833,2025-02-26,Chair,Furniture,West,2,3649.1,7298.2,1649.84
ORD011331,2025-02-26,Cooking Oil,Groceries,Central,7,1970.19,13791.33,1399.29
ORD007333,2025-02-26,T-Shirt,Clothing,East,3,944.38,2833.14,948.02
ORD011318,2025-02-26,Smartwatch,Electronics,West,2,33646.2,67292.4,8607.58
ORD003677,2025-02-26,Dumbbell Set,Sports,Central,4,7696.28,30785.12,7970.03
ORD006254,2025-02-26,Cooking Oil,Groceries,East,6,1364.27,8185.62,1192.28
ORD008679,2025-02-26,Headphones,Electronics,West,1,28154.93,28154.93,3022.07
ORD010249,2025-02-26,Cooking Oil,Groceries,South,1,869.4,869.4,45.67
ORD009819,2025-02-26,Yoga Mat,Sports,East,1,3295.46,3295.46,581.68
ORD003961,2025-02-26,Jacket,Clothing,Central,3,3344.83,10034.49,3793.22
ORD003851,2025-02-26,Smartwatch,Electronics,Central,4,79761.2,319044.8,54267.87
ORD004450,2025-02-26,Desk,Furniture,Central,1,4102.62,4102.62,990.8
ORD004016,2025-02-26,Cooking Oil,Groceries,Central,1,771.61,771.61,88.13
ORD010039,2025-02-26,Dairy Bundle,Groceries,South,8,413.95,3311.6,302.91
ORD006260,2025-02-27,Desk,Furniture,Central,1,13908.63,13908.63,2651.14
ORD010147,2025-02-27,Bookshelf,Furniture,Central,4,16515.15,66060.6,15638.68
ORD006659,2025-02-27,Dumbbell Set,Sports,South,6,3365.89,20195.34,4966.57
ORD008993,2025-02-27,Snacks,Groceries,East,1,1503.24,1503.24,147.22
ORD007951,2025-02-27,Headphones,Electronics,East,2,31403.71,62807.42,6779.03
ORD007934,2025-02-27,Rice,Groceries,Central,5,1619.79,8098.95,1154.37
ORD004689,2025-02-27,Chair,Furniture,North,1,21468.93,21468.93,3465.45
ORD004039,2025-02-27,Shoes,Clothing,North,1,3164.78,3164.78,1095.96
ORD003850,2025-02-27,Smartphone,Electronics,West,6,32766.53,196599.18,22268.99
ORD009006,2025-02-27,Cycle,Sports,North,3,10123.58,30370.74,10573.65
ORD005689,2025-02-27,Yoga Mat,Sports,North,2,11292.4,22584.8,5496.99
ORD011877,2025-02-27,Cycle,Sports,Central,3,13574.27,40722.81,10232.51
ORD004980,2025-02-27,Dress,Clothing,East,3,3434.46,10303.38,2663.5
ORD011313,2025-02-27,Jacket,Clothing,East,1,625.64,625.64,204.05
ORD005139,2025-02-27,Cooking Oil,Groceries,Central,2,1285.11,2570.22,341.89
ORD000866,2025-02-27,T-Shirt,Clothing,South,1,1739.39,1739.39,619.18
ORD011901,2025-02-27,Badminton Kit,Sports,South,2,4966.37,9932.74,2257.12
ORD006854,2025-02-27,T-Shirt,Clothing,North,2,2931.25,5862.5,1534.39
ORD008324,2025-02-27,Shoes,Clothing,West,1,4751.45,4751.45,1376.18
ORD010583,2025-02-27,Wardrobe,Furniture,West,3,19428.65,58285.95,8667.14
ORD010041,2025-02-27,Jeans,Clothing,North,4,3573.69,14294.76,4671.58
ORD007314,2025-02-27,Jacket,Clothing,North,1,1863.99,1863.99,501.73
ORD006039,2025-02-27,Tablet,Electronics,East,3,21633.65,64900.95,9458.96
ORD009198,2025-02-27,Spices Pack,Groceries,West,1,318.0,318.0,35.08
ORD004138,2025-02-27,Desk,Furniture,North,3,16578.35,49735.05,10510.52
ORD003728,2025-02-27,Yoga Mat,Sports,Central,6,13134.34,78806.04,27564.85
ORD004044,2025-02-27,Headphones,Electronics,Central,2,76443.66,152887.32,25618.01
ORD012209,2025-02-27,Laptop,Electronics,South,3,44577.97,133733.91,19750.21
ORD009552,2025-02-27,Tablet,Electronics,East,2,50988.47,101976.94,12341.64
ORD010335,2025-02-27,Running Shoes,Sports,Central,2,9545.21,19090.42,4302.09
ORD009885,2025-02-27,Sofa,Furniture,South,6,23334.96,140009.76,21673.64
ORD011044,2025-02-27,Snacks,Groceries,North,1,949.1,949.1,133.87
ORD002299,2025-02-27,Headphones,Electronics,North,7,61655.46,431588.22,46554.11
ORD006157,2025-02-27,Smartwatch,Electronics,South,2,33287.81,66575.62,7833.66
ORD000021,2025-02-27,Running Shoes,Sports,East,1,2269.55,2269.55,565.2
ORD005140,2025-02-28,Spices Pack,Groceries,East,2,784.88,1569.76,146.05
ORD008919,2025-02-28,Dairy Bundle,Groceries,Central,3,201.94,605.82,56.3
ORD005655,2025-02-28,Smartphone,Electronics,Central,5,59010.43,295052.15,26009.18
ORD008252,2025-02-28,Snacks,Groceries,East,1,1262.89,1262.89,117.09
ORD011008,2025-02-28,Smartwatch,Electronics,West,4,34962.41,139849.64,20677.21
ORD003070,2025-02-28,Rice,Groceries,Central,1,1311.06,1311.06,170.68
ORD012154,2025-02-28,Dairy Bundle,Groceries,West,1,278.97,278.97,28.79
ORD001669,2025-02-28,Desk,Furniture,East,5,27430.4,137152.0,29324.1
ORD003495,2025-02-28,T-Shirt,Clothing,South,1,1039.65,1039.65,216.0
ORD011982,2025-02-28,Rice,Groceries,East,3,925.35,2776.05,197.16
ORD000767,2025-02-28,Sofa,Furniture,East,2,22052.22,44104.44,6214.03
ORD011045,2025-02-28,Headphones,Electronics,South,7,43397.99,303785.93,42960.01
ORD003936,2025-02-28,Jacket,Clothing,North,3,4244.28,12732.84,2648.41
ORD001870,2025-02-28,Chair,Furniture,South,1,23108.31,23108.31,4313.94
ORD001787,2025-02-28,Sofa,Furniture,East,4,25523.03,102092.12,25361.49
ORD007957,2025-02-28,Dumbbell Set,Sports,Central,2,11950.64,23901.28,4085.96
ORD010815,2025-02-28,Dress,Clothing,West,2,2759.64,5519.28,2363.02
ORD010072,2025-02-28,Shoes,Clothing,Central,1,2616.53,2616.53,973.37
ORD000295,2025-02-28,Jacket,Clothing,South,1,901.82,901.82,214.61
ORD010465,2025-02-28,Cycle,Sports,West,3,1203.21,3609.63,746.41
ORD009772,2025-02-28,Cycle,Sports,East,2,2018.0,4036.0,761.22
ORD008460,2025-02-28,Wardrobe,Furniture,West,1,28814.38,28814.38,6436.77
ORD002965,2025-02-28,Wardrobe,Furniture,South,4,19205.98,76823.92,17966.84
ORD004724,2025-02-28,Dairy Bundle,Groceries,West,4,1944.09,7776.36,945.65
ORD006573,2025-02-28,Wardrobe,Furniture,West,2,5143.64,10287.28,2150.16
ORD000660,2025-02-28,Yoga Mat,Sports,East,4,1683.63,6734.52,1091.47
ORD002473,2025-02-28,Tablet,Electronics,Central,1,65163.33,65163.33,12571.25
ORD001016,2025-02-28,Smartwatch,Electronics,West,3,22263.03,66789.09,9874.07
ORD006309,2025-02-28,Dairy Bundle,Groceries,North,4,255.24,1020.96,64.87
ORD000956,2025-02-28,Chair,Furniture,North,3,10556.92,31670.76,7331.71
ORD000103,2025-02-28,Wardrobe,Furniture,Central,4,18980.01,75920.04,7696.74
ORD009748,2025-02-28,Chair,Furniture,South,2,13297.65,26595.3,3626.16
ORD011365,2025-02-28,Running Shoes,Sports,Central,4,4796.79,19187.16,3405.22
ORD012240,2025-02-28,T-Shirt,Clothing,North,2,2674.03,5348.06,1603.22
ORD000200,2025-02-28,Sofa,Furniture,Central,4,23024.39,92097.56,19633.49
ORD008945,2025-02-28,Spices Pack,Groceries,East,1,1583.57,1583.57,200.94
ORD007161,2025-02-28,Cooking Oil,Groceries,Central,3,381.84,1145.52,59.81
ORD005897,2025-03-01,Rice,Groceries,South,2,1984.79,3969.58,271.08
ORD001103,2025-03-01,Headphones,Electronics,Central,1,61273.1,61273.1,11652.26
ORD000187,2025-03-01,Spices Pack,Groceries,West,1,279.44,279.44,33.06
ORD005877,2025-03-01,Jeans,Clothing,East,1,3762.73,3762.73,955.37
ORD010309,2025-03-01,Snacks,Groceries,South,8,658.12,5264.96,778.34
ORD010558,2025-03-01,Smartwatch,Electronics,Central,1,8464.36,8464.36,830.17
ORD009267,2025-03-01,Shoes,Clothing,South,1,2441.71,2441.71,690.4
ORD010268,2025-03-01,Spices Pack,Groceries,West,5,904.99,4524.95,526.65
ORD012423,2025-03-01,Running Shoes,Sports,East,2,520.98,1041.96,229.88
ORD011484,2025-03-01,Spices Pack,Groceries,South,1,1647.62,1647.62,185.12
ORD009569,2025-03-01,Badminton Kit,Sports,Central,2,4498.32,8996.64,1441.21
ORD000067,2025-03-01,Running Shoes,Sports,North,5,2238.05,11190.25,2434.14
ORD012289,2025-03-01,Wardrobe,Furniture,East,2,11249.74,22499.48,5118.58
ORD007226,2025-03-01,Shoes,Clothing,South,2,4467.61,44795.39,10856.91
ORD011400,2025-03-01,Snacks,Groceries,West,3,1605.81,4817.43,378.2
ORD004370,2025-03-01,Wardrobe,Furniture,West,4,4515.12,18060.48,3406.44
ORD012257,2025-03-01,Jacket,Clothing,West,3,1736.62,5209.86,1352.46
ORD006287,2025-03-01,Tablet,Electronics,East,3,15900.11,47700.33,4512.94
ORD008876,2025-03-01,Dumbbell Set,Sports,South,6,11209.08,67254.48,14041.61
ORD012046,2025-03-01,Jacket,Clothing,West,1,1240.05,1240.05,390.64
ORD000593,2025-03-01,T-Shirt,Clothing,West,2,781.8,1563.6,679.08
ORD010145,2025-03-01,Spices Pack,Groceries,West,6,898.97,5393.82,719.86
ORD011231,2025-03-01,Smartwatch,Electronics,East,3,49768.43,149305.29,26657.43
ORD007172,2025-03-01,Jacket,Clothing,West,1,972.87,972.87,424.43
ORD003278,2025-03-01,Yoga Mat,Sports,North,3,11534.59,34603.77,10125.16
ORD003461,2025-03-01,Running Shoes,Sports,South,3,14048.96,42146.88,6730.56
ORD008791,2025-03-01,Snacks,Groceries,North,1,1052.22,1052.22,91.43
ORD005100,2025-03-01,Spices Pack,Groceries,East,4,482.78,1931.12,141.78
ORD002173,2025-03-01,T-Shirt,Clothing,West,4,3063.6,12254.4,3532.65
ORD006770,2025-03-01,Dress,Clothing,North,3,4221.0,12663.0,3495.57
ORD012457,2025-03-01,Jeans,Clothing,Central,4,898.04,3592.16,782.99
ORD010173,2025-03-01,Shoes,Clothing,North,1,4404.7,4404.7,1507.04
ORD011730,2025-03-01,Smartphone,Electronics,South,2,25666.07,51332.14,8855.18
ORD010826,2025-03-01,Wardrobe,Furniture,East,3,4306.68,12920.04,2591.7
ORD009842,2025-03-01,Rice,Groceries,West,4,1271.27,16661.15,2371.28
ORD001143,2025-03-01,Desk,Furniture,South,1,5920.67,5920.67,837.91
ORD010400,2025-03-01,Headphones,Electronics,North,2,57393.2,114786.4,17483.57
ORD002604,2025-03-01,Wardrobe,Furniture,West,3,24451.52,73354.56,12116.68
ORD007613,2025-03-02,Dumbbell Set,Sports,East,4,586.16,2344.64,374.07
ORD009207,2025-03-02,Badminton Kit,Sports,West,1,14274.43,14274.43,4949.91
ORD006643,2025-03-02,Spices Pack,Groceries,Central,2,1159.28,2318.56,337.79
ORD005900,2025-03-02,Smartphone,Electronics,South,1,17545.92,17545.92,2235.51
ORD006840,2025-03-02,Smartwatch,Electronics,East,1,40625.82,40625.82,4786.88
ORD001820,2025-03-02,Badminton Kit,Sports,North,7,4726.18,33083.26,6335.72
ORD000151,2025-03-02,Chair,Furniture,West,3,3447.09,10341.27,1858.36
ORD001271,2025-03-02,Dairy Bundle,Groceries,West,1,1351.23,1351.23,171.08
ORD005993,2025-03-02,Yoga Mat,Sports,South,5,6180.05,30900.25,8276.77
ORD007822,2025-03-02,Yoga Mat,Sports,South,5,13511.42,67557.1,14031.05
ORD002344,2025-03-02,Smartwatch,Electronics,North,7,18026.29,126184.03,10256.97
ORD001081,2025-03-02,T-Shirt,Clothing,West,1,3360.39,3360.39,1193.72
ORD004270,2025-03-02,Desk,Furniture,West,2,15181.35,30362.7,7035.56
ORD011348,2025-03-02,Dress,Clothing,North,3,3814.81,11444.43,4850.82
ORD006005,2025-03-02,Desk,Furniture,North,1,14570.75,14570.75,3597.33
ORD002709,2025-03-02,Tablet,Electronics,East,2,33450.07,66900.14,7885.92
ORD005943,2025-03-02,Dairy Bundle,Groceries,North,1,1464.65,1464.65,89.5
ORD011319,2025-03-02,Sofa,Furniture,North,2,22887.02,45774.04,5498.03
ORD003616,2025-03-02,Tablet,Electronics,South,4,8670.34,34681.36,4615.65
ORD007852,2025-03-02,Cycle,Sports,South,2,6431.6,12863.2,2002.85
ORD001607,2025-03-02,Cooking Oil,Groceries,North,1,440.58,440.58,52.6
ORD000296,2025-03-02,Cycle,Sports,Central,1,2512.99,2512.99,699.05
ORD007897,2025-03-02,Running Shoes,Sports,South,3,3397.4,10192.2,3182.04
ORD000784,2025-03-02,Smartwatch,Electronics,Central,2,56063.59,112127.18,10255.63
ORD001945,2025-03-02,Running Shoes,Sports,North,2,9632.4,19264.8,4443.27
ORD003780,2025-03-02,Laptop,Electronics,East,2,46058.06,436532.32,77385.16
ORD010174,2025-03-02,Jeans,Clothing,North,1,2109.97,2109.97,481.48
ORD003401,2025-03-02,Bookshelf,Furniture,Central,1,3598.77,3598.77,419.55
ORD010576,2025-03-02,Spices Pack,Groceries,West,1,1435.75,1435.75,205.09
ORD008085,2025-03-02,Dress,Clothing,Central,4,2366.2,9464.8,3430.0
ORD003944,2025-03-02,Dumbbell Set,Sports,North,1,3545.69,3545.69,811.31
ORD009741,2025-03-02,Badminton Kit,Sports,East,1,5421.91,5421.91,947.42
ORD004815,2025-03-02,Spices Pack,Groceries,North,3,190.41,571.23,50.58
ORD009477,2025-03-02,Spices Pack,Groceries,Central,2,1802.4,3604.8,429.42
ORD003654,2025-03-02,T-Shirt,Clothing,West,2,4215.07,8430.14,2313.17
ORD009603,2025-03-03,Bookshelf,Furniture,South,3,14010.01,42030.03,9008.3
ORD006788,2025-03-03,Laptop,Electronics,East,1,46724.32,46724.32,8115.37
ORD008046,2025-03-03,Rice,Groceries,South,8,634.54,5076.32,556.02
ORD004594,2025-03-03,Smartwatch,Electronics,West,3,60449.91,181349.73,14509.13
ORD000544,2025-03-03,Spices Pack,Groceries,West,2,1265.48,2530.96,168.82
ORD011538,2025-03-03,Yoga Mat,Sports,Central,1,7742.2,7742.2,2284.96
ORD011989,2025-03-03,Jacket,Clothing,West,5,1748.71,8743.55,3908.91
ORD007114,2025-03-03,Chair,Furniture,West,4,16496.74,65986.96,6685.55
ORD004034,2025-03-03,Dumbbell Set,Sports,West,3,7476.32,22428.96,4859.76
ORD007253,2025-03-03,Badminton Kit,Sports,West,2,976.11,1952.22,475.72
ORD002516,2025-03-03,Wardrobe,Furniture,Central,1,10477.7,10477.7,1884.63
ORD005705,2025-03-03,Headphones,Electronics,Central,1,44430.8,44430.8,5679.9
ORD010441,2025-03-03,Rice,Groceries,North,3,697.67,11023.57,1243.91
ORD004161,2025-03-03,Yoga Mat,Sports,Central,3,2398.5,7195.5,2081.26
ORD011638,2025-03-03,Desk,Furniture,South,1,5700.37,5700.37,632.21
ORD006644,2025-03-03,Headphones,Electronics,East,1,71292.46,71292.46,9164.07
ORD011125,2025-03-03,Badminton Kit,Sports,East,2,12993.06,25986.12,4046.72
ORD009853,2025-03-03,Dress,Clothing,Central,1,4895.88,4895.88,1501.62
ORD003723,2025-03-03,Snacks,Groceries,Central,4,745.36,2981.44,360.14
ORD008458,2025-03-03,Smartwatch,Electronics,East,1,10930.39,10930.39,1514.79
ORD002419,2025-03-03,Running Shoes,Sports,North,2,5971.77,11943.54,2779.3
ORD010960,2025-03-03,Sofa,Furniture,West,8,23000.95,184007.6,30599.51
ORD001923,2025-03-03,Tablet,Electronics,West,3,19607.75,229898.01,36500.71
ORD007935,2025-03-03,Headphones,Electronics,East,5,70960.0,354800.0,42934.67
ORD005907,2025-03-03,Wardrobe,Furniture,South,3,7429.98,22289.94,2769.54
ORD003109,2025-03-03,Rice,Groceries,South,3,391.48,1174.44,101.77
ORD010091,2025-03-03,Desk,Furniture,West,4,28083.1,112332.4,22513.9
ORD011891,2025-03-03,Shoes,Clothing,West,1,3525.26,3525.26,915.43
ORD012413,2025-03-03,Smartwatch,Electronics,East,3,55578.17,166734.51,19725.44
ORD004532,2025-03-03,Running Shoes,Sports,East,1,11735.81,11735.81,2682.18
ORD011822,2025-03-03,Dairy Bundle,Groceries,West,2,141.66,283.32,26.78
ORD010045,2025-03-03,Spices Pack,Groceries,Central,1,1055.57,1055.57,105.51
ORD003952,2025-03-03,Smartwatch,Electronics,West,2,27376.62,54753.24,9657.16
ORD004493,2025-03-03,Snacks,Groceries,South,2,121.64,243.28,29.11
ORD003043,2025-03-03,Dumbbell Set,Sports,West,3,4030.27,12090.81,2920.57
ORD004315,2025-03-04,Dress,Clothing,South,2,1632.27,3264.54,1213.39
ORD001572,2025-03-04,Chair,Furniture,Central,5,18364.57,91822.85,16596.96
ORD001146,2025-03-04,Wardrobe,Furniture,East,6,19101.84,114611.04,16286.51
ORD005891,2025-03-04,Cycle,Sports,North,3,4793.19,14379.57,3772.1
ORD003443,2025-03-04,Wardrobe,Furniture,East,3,28409.48,85228.44,20434.35
ORD001835,2025-03-04,Jeans,Clothing,East,1,417.37,417.37,130.33
ORD007268,2025-03-04,Wardrobe,Furniture,East,5,23673.73,118368.65,14520.79
ORD009273,2025-03-04,Smartphone,Electronics,East,1,32111.09,32111.09,5182.14
ORD009844,2025-03-04,Badminton Kit,Sports,North,5,7115.52,35577.6,8255.46
ORD012095,2025-03-04,Jacket,Clothing,North,1,4253.59,4253.59,1540.57
ORD007353,2025-03-04,Bookshelf,Furniture,North,3,27597.85,82793.55,14563.45
ORD009847,2025-03-04,Sofa,Furniture,South,2,3196.85,6393.7,1031.76
ORD007631,2025-03-04,T-Shirt,Clothing,East,1,3444.07,3444.07,1405.41
ORD005825,2025-03-04,Smartwatch,Electronics,North,3,9190.67,27572.01,4901.62
ORD001972,2025-03-04,Shoes,Clothing,South,2,695.4,1390.8,414.84
ORD002003,2025-03-04,Cycle,Sports,Central,4,2664.12,10656.48,2170.03
ORD006171,2025-03-04,Bookshelf,Furniture,East,2,20472.48,40944.96,6081.83
ORD007344,2025-03-04,Jeans,Clothing,West,2,1923.6,3847.2,1501.63
ORD003014,2025-03-04,Snacks,Groceries,Central,3,1762.06,5286.18,332.45
ORD009916,2025-03-04,Spices Pack,Groceries,West,3,1670.61,5011.83,386.47
ORD003875,2025-03-04,Badminton Kit,Sports,West,2,4888.28,9776.56,2761.63
ORD012030,2025-03-04,Dress,Clothing,South,3,3557.51,10672.53,2299.4
ORD004398,2025-03-04,Chair,Furniture,South,7,14243.89,99707.23,16006.23
ORD003237,2025-03-04,Cycle,Sports,West,1,9889.04,9889.04,3399.74
ORD007802,2025-03-04,Headphones,Electronics,West,2,50779.47,101558.94,17888.46
ORD008678,2025-03-04,Dumbbell Set,Sports,South,2,4385.95,8771.9,2005.57
ORD006639,2025-03-04,Wardrobe,Furniture,North,7,17106.18,119743.26,24384.29
ORD002755,2025-03-04,Cycle,Sports,Central,2,4242.56,8485.12,2060.16
ORD005664,2025-03-04,Dairy Bundle,Groceries,North,1,940.92,940.92,57.83
ORD006839,2025-03-04,Chair,Furniture,West,2,12451.33,24902.66,5809.98
ORD000829,2025-03-04,T-Shirt,Clothing,West,2,2902.87,5805.74,1604.6
ORD010115,2025-03-04,Dress,Clothing,East,3,2816.94,8450.82,3782.43
ORD010899,2025-03-04,Headphones,Electronics,Central,1,10277.76,10277.76,1965.49
ORD007899,2025-03-04,Smartphone,Electronics,North,1,34352.96,34352.96,6377.34
ORD002078,2025-03-04,Smartphone,Electronics,Central,1,26322.66,26322.66,2146.55
ORD005212,2025-03-04,Jacket,Clothing,West,5,3124.82,15624.1,4403.56
ORD011945,2025-03-04,T-Shirt,Clothing,East,1,3120.13,3120.13,917.31
ORD007060,2025-03-04,Jeans,Clothing,East,2,4934.02,9868.04,2051.4
ORD006393,2025-03-04,Smartphone,Electronics,East,6,47074.49,282446.94,49677.12
ORD011322,2025-03-04,Jacket,Clothing,Central,2,1292.45,2584.9,534.19
ORD010615,2025-03-05,Running Shoes,Sports,East,1,2091.78,2091.78,584.66
ORD004775,2025-03-05,Chair,Furniture,West,1,15166.97,15166.97,3688.11
ORD011529,2025-03-05,Chair,Furniture,North,3,27355.35,82066.05,15188.45
ORD005385,2025-03-05,Dairy Bundle,Groceries,South,2,1016.66,2033.32,223.13
ORD004870,2025-03-05,Headphones,Electronics,South,5,30447.99,152239.95,23831.44
ORD012148,2025-03-05,Smartphone,Electronics,East,2,29965.16,59930.32,10026.59
ORD003223,2025-03-05,Jeans,Clothing,Central,1,3097.8,3097.8,1037.14
ORD005014,2025-03-05,Laptop,Electronics,North,6,73680.53,442083.18,82729.46
ORD007104,2025-03-05,T-Shirt,Clothing,West,3,2452.67,7358.01,3062.18
ORD002329,2025-03-05,Jeans,Clothing,West,3,4231.28,12693.84,4280.71
ORD005076,2025-03-05,Cycle,Sports,North,3,13386.05,40158.15,7953.14
ORD005192,2025-03-05,Jeans,Clothing,South,2,1494.82,2989.64,1242.26
ORD002774,2025-03-05,Jacket,Clothing,East,1,828.27,828.27,175.86
ORD009783,2025-03-05,Desk,Furniture,West,1,11189.77,11189.77,2616.12
ORD000283,2025-03-05,Tablet,Electronics,East,4,33242.3,132969.2,20050.44
ORD007423,2025-03-05,Cooking Oil,Groceries,Central,1,1616.52,1616.52,207.98
ORD000693,2025-03-05,Rice,Groceries,Central,4,1347.8,5391.2,444.88
ORD012325,2025-03-05,Chair,Furniture,East,4,19487.61,77950.44,9116.45
ORD000138,2025-03-05,Running Shoes,Sports,West,2,7914.46,15828.92,3962.03
ORD005853,2025-03-05,Dairy Bundle,Groceries,North,2,381.93,763.86,86.78
ORD004196,2025-03-05,Wardrobe,Furniture,South,1,18968.42,18968.42,2151.87
ORD005275,2025-03-05,Smartwatch,Electronics,Central,4,29348.11,117392.44,11635.23
ORD011145,2025-03-05,Bookshelf,Furniture,Central,2,25936.58,51873.16,8200.34
ORD006478,2025-03-05,Chair,Furniture,South,4,13781.29,55125.16,11356.01
ORD011141,2025-03-05,Smartphone,Electronics,North,1,48308.25,48308.25,6275.25
ORD001841,2025-03-05,Dress,Clothing,North,2,3828.62,7657.24,1771.67
ORD011378,2025-03-05,Sofa,Furniture,East,5,29630.12,148150.6,30307.42
ORD006037,2025-03-05,Headphones,Electronics,East,4,18734.89,74939.56,14608.59
ORD002060,2025-03-05,Chair,Furniture,East,4,6011.88,24047.52,4982.83
ORD011367,2025-03-05,Sofa,Furniture,West,3,14959.65,44878.95,5975.65
ORD006331,2025-03-05,Dress,Clothing,North,4,1551.27,6205.08,2176.88
ORD001633,2025-03-05,Sofa,Furniture,North,1,24197.23,24197.23,2670.33
ORD005321,2025-03-06,Dress,Clothing,Central,1,2987.79,2987.79,1265.56
ORD000160,2025-03-06,Sofa,Furniture,North,2,6380.24,12760.48,1755.03
ORD007012,2025-03-06,Jacket,Clothing,North,4,1948.3,7793.2,1980.95
ORD005173,2025-03-06,Yoga Mat,Sports,East,1,13623.63,13623.63,3227.73
ORD000857,2025-03-06,Tablet,Electronics,East,3,64214.83,192644.49,26040.92
ORD012125,2025-03-06,Dumbbell Set,Sports,North,4,5702.57,22810.28,6691.61
ORD004194,2025-03-06,Jacket,Clothing,East,5,4884.98,24424.9,6919.83
ORD001964,2025-03-06,Laptop,Electronics,North,2,51454.07,102908.14,16376.88
ORD000195,2025-03-06,Tablet,Electronics,South,4,62044.26,248177.04,43882.71
ORD002977,2025-03-06,Yoga Mat,Sports,South,5,11956.21,59781.05,16335.66
ORD009576,2025-03-06,Rice,Groceries,East,1,1093.29,1093.29,132.9
ORD008228,2025-03-06,T-Shirt,Clothing,West,6,651.54,3909.24,1747.94
ORD004637,2025-03-06,Dairy Bundle,Groceries,West,3,1361.04,4083.12,359.76
ORD003925,2025-03-06,Cycle,Sports,North,4,2217.69,8870.76,1354.81
ORD012142,2025-03-06,Snacks,Groceries,Central,1,1254.31,1254.31,70.51
ORD001613,2025-03-06,Spices Pack,Groceries,Central,1,414.92,414.92,57.71
ORD005158,2025-03-06,Wardrobe,Furniture,East,1,21859.62,21859.62,3930.72
ORD002303,2025-03-06,Snacks,Groceries,South,1,1527.43,1527.43,213.38
ORD002316,2025-03-06,Smartwatch,Electronics,East,5,16636.61,83183.05,9769.66
ORD005328,2025-03-06,Bookshelf,Furniture,East,3,12706.21,38118.63,9155.47
ORD010357,2025-03-06,Shoes,Clothing,South,2,2347.41,4694.82,1544.97
ORD004495,2025-03-06,Headphones,Electronics,South,4,66894.9,267579.6,40276.97
ORD004535,2025-03-06,Chair,Furniture,West,4,2853.9,11415.6,1367.26
ORD011095,2025-03-06,Chair,Furniture,North,3,27825.05,83475.15,17019.3
ORD012333,2025-03-06,Shoes,Clothing,Central,4,2387.42,9549.68,2950.47
ORD008255,2025-03-06,Bookshelf,Furniture,East,1,8017.1,8017.1,941.76
ORD003034,2025-03-06,Desk,Furniture,North,1,15621.52,15621.52,2344.9
ORD007184,2025-03-06,Bookshelf,Furniture,West,5,29699.17,148495.85,31991.95
ORD002439,2025-03-06,Dumbbell Set,Sports,West,4,9213.71,36854.84,10659.01
ORD005731,2025-03-06,Chair,Furniture,South,4,8655.57,34622.28,3883.86
ORD003316,2025-03-06,Tablet,Electronics,East,6,37665.28,225991.68,21832.54
ORD004719,2025-03-06,Headphones,Electronics,Central,2,60240.91,120481.82,12961.33
ORD004584,2025-03-06,Smartphone,Electronics,East,5,69484.29,347421.45,34972.59
ORD012099,2025-03-06,Wardrobe,Furniture,South,3,20630.9,61892.7,11121.91
ORD005339,2025-03-06,Smartwatch,Electronics,South,8,71002.49,568019.92,87304.39
ORD001318,2025-03-06,Spices Pack,Groceries,North,1,1454.79,1454.79,169.68
ORD006996,2025-03-06,Spices Pack,Groceries,West,2,247.23,494.46,54.06
ORD004322,2025-03-06,Smartphone,Electronics,Central,2,27832.16,55664.32,6223.5
ORD009849,2025-03-06,Headphones,Electronics,South,4,54545.73,218182.92,35443.95
ORD003343,2025-03-06,Rice,Groceries,Central,1,1418.85,1418.85,73.23
ORD002015,2025-03-07,Dairy Bundle,Groceries,East,2,1502.11,3004.22,258.51
ORD011774,2025-03-07,Smartphone,Electronics,East,1,49279.65,49279.65,9663.85
ORD001109,2025-03-07,Jeans,Clothing,East,1,4198.15,4198.15,1135.1
ORD000095,2025-03-07,Cooking Oil,Groceries,West,8,1106.34,8850.72,656.59
ORD003423,2025-03-07,Cooking Oil,Groceries,East,3,1827.94,5483.82,380.37
ORD008860,2025-03-07,Dairy Bundle,Groceries,North,2,561.53,1123.06,124.53
ORD007633,2025-03-07,Tablet,Electronics,North,1,53838.15,53838.15,6232.03
ORD005379,2025-03-07,Running Shoes,Sports,South,2,3148.45,6296.9,1889.73
ORD000576,2025-03-07,Spices Pack,Groceries,East,1,1445.89,7382.75,987.08
ORD000553,2025-03-07,Smartphone,Electronics,West,1,79633.36,79633.36,8032.41
ORD009508,2025-03-07,Laptop,Electronics,West,2,8871.06,17742.12,2032.87
ORD001726,2025-03-07,Chair,Furniture,East,1,14733.4,14733.4,2964.62
ORD001023,2025-03-07,Badminton Kit,Sports,West,5,12972.03,64860.15,19105.39
ORD000696,2025-03-07,Wardrobe,Furniture,South,1,8609.41,8609.41,955.86
ORD002522,2025-03-07,Jeans,Clothing,Central,2,1202.51,7593.3,2784.25
ORD005447,2025-03-07,Smartphone,Electronics,South,1,68080.7,68080.7,8393.98
ORD002146,2025-03-07,Chair,Furniture,West,2,17127.81,34255.62,3832.93
ORD011292,2025-03-07,Shoes,Clothing,South,4,724.74,2898.96,1142.82
ORD004080,2025-03-07,Snacks,Groceries,Central,1,864.36,864.36,110.92
ORD008131,2025-03-07,Dress,Clothing,North,4,2364.2,9456.8,3751.5
ORD006007,2025-03-07,Laptop,Electronics,East,1,71786.5,71786.5,13044.57
ORD006739,2025-03-07,Snacks,Groceries,Central,4,274.68,1098.72,130.3
ORD008817,2025-03-07,Jacket,Clothing,East,1,2470.76,2470.76,889.23
ORD005336,2025-03-07,Cycle,Sports,West,1,13678.87,13678.87,2640.08
ORD007408,2025-03-07,Headphones,Electronics,North,3,50486.72,151460.16,20173.63
ORD008573,2025-03-07,Spices Pack,Groceries,North,2,1713.61,3427.22,400.95
ORD001806,2025-03-07,Smartwatch,Electronics,West,6,49130.75,294784.5,28641.3
ORD005259,2025-03-07,Laptop,Electronics,South,1,52660.07,52660.07,7651.72
ORD004336,2025-03-07,Cooking Oil,Groceries,West,2,1899.62,3799.24,241.61
ORD006769,2025-03-07,Cooking Oil,Groceries,East,3,812.22,2436.66,316.75
ORD012463,2025-03-07,Chair,Furniture,South,1,2638.98,2638.98,481.57
ORD001588,2025-03-07,Smartwatch,Electronics,East,5,13075.42,65377.1,6686.61
ORD010854,2025-03-07,Desk,Furniture,North,3,27235.13,81705.39,11936.2
ORD001457,2025-03-08,Laptop,Electronics,South,4,60512.83,242051.32,47447.25
ORD010835,2025-03-08,T-Shirt,Clothing,North,3,1300.94,3902.82,1131.91
ORD005992,2025-03-08,Jacket,Clothing,Central,2,2801.14,5602.28,1270.54
ORD003312,2025-03-08,Headphones,Electronics,South,2,42925.25,85850.5,12439.67
ORD011320,2025-03-08,Rice,Groceries,South,2,696.63,1393.26,86.18
ORD011826,2025-03-08,Jacket,Clothing,North,2,4502.26,9004.52,2209.02
ORD010994,2025-03-08,Chair,Furniture,East,4,27622.8,110491.2,17547.13
ORD001493,2025-03-08,Headphones,Electronics,South,5,47342.98,236714.9,46406.59
ORD004150,2025-03-08,Tablet,Electronics,North,4,10040.3,40161.2,7205.87
ORD010873,2025-03-08,Cooking Oil,Groceries,Central,1,656.22,656.22,97.39
ORD008271,2025-03-08,Shoes,Clothing,West,2,423.54,847.08,264.84
ORD001061,2025-03-08,Laptop,Electronics,Central,2,65859.45,131718.9,18522.95
ORD003362,2025-03-08,Desk,Furniture,South,3,25172.27,75516.81,12396.11
ORD001369,2025-03-08,Sofa,Furniture,West,7,29757.18,208300.26,37842.4
ORD005597,2025-03-08,Dairy Bundle,Groceries,North,3,492.82,1478.46,165.83
ORD003427,2025-03-08,Bookshelf,Furniture,South,1,27435.48,27435.48,5958.81
ORD003380,2025-03-08,Sofa,Furniture,South,4,29977.8,119911.2,17150.54
ORD006614,2025-03-08,Dairy Bundle,Groceries,North,5,882.54,4412.7,536.62
ORD000250,2025-03-08,Jacket,Clothing,West,3,4879.66,14638.98,6537.08
ORD000649,2025-03-08,Bookshelf,Furniture,East,1,6689.51,6689.51,773.88
ORD001930,2025-03-08,Badminton Kit,Sports,East,3,6346.51,19039.53,6030.37
ORD001680,2025-03-08,Laptop,Electronics,Central,2,67171.83,134343.66,21379.62
ORD011654,2025-03-08,Wardrobe,Furniture,West,2,29665.52,59331.04,7296.82
ORD005555,2025-03-08,Chair,Furniture,North,3,10184.12,30552.36,6060.57
ORD009554,2025-03-08,Sofa,Furniture,North,2,11915.66,23831.32,2486.48
ORD001955,2025-03-08,Smartwatch,Electronics,West,1,49259.04,49259.04,5863.07
ORD005157,2025-03-08,T-Shirt,Clothing,Central,1,4781.15,4781.15,1020.23
ORD004147,2025-03-08,Running Shoes,Sports,North,2,1528.28,3056.56,574.24
ORD008429,2025-03-08,Smartphone,Electronics,East,3,57503.23,172509.69,14512.13
ORD007074,2025-03-08,Dumbbell Set,Sports,Central,1,10070.04,10070.04,2092.47
ORD006679,2025-03-08,Smartwatch,Electronics,North,5,10559.74,52798.7,10543.15
ORD008034,2025-03-08,Headphones,Electronics,South,4,13327.2,53308.8,5565.16
ORD002121,2025-03-09,Bookshelf,Furniture,South,2,20918.56,41837.12,6668.44
ORD003229,2025-03-09,Jeans,Clothing,East,5,3192.52,15962.6,4811.58
ORD008083,2025-03-09,Dumbbell Set,Sports,South,1,6607.83,6607.83,2093.68
ORD004204,2025-03-09,Spices Pack,Groceries,North,5,107.07,535.35,39.7
ORD004940,2025-03-09,Dress,Clothing,South,3,3687.12,11061.36,3746.5
ORD011799,2025-03-09,Jacket,Clothing,East,3,327.46,982.38,219.95
ORD000432,2025-03-09,Jacket,Clothing,North,1,2764.63,2764.63,857.56
ORD004130,2025-03-09,Bookshelf,Furniture,West,1,19183.82,19183.82,4201.84
ORD008113,2025-03-09,Jacket,Clothing,North,1,514.92,514.92,224.68
ORD012456,2025-03-09,Snacks,Groceries,South,3,1283.32,3849.96,236.93
ORD004513,2025-03-09,Yoga Mat,Sports,South,1,8005.76,8005.76,1812.44
ORD003015,2025-03-09,Yoga Mat,Sports,Central,4,10939.95,178669.5,30415.47
ORD004492,2025-03-09,Wardrobe,Furniture,South,1,19848.47,19848.47,3632.55
ORD000908,2025-03-09,Dress,Clothing,South,2,686.21,1372.42,606.56
ORD008781,2025-03-09,Cycle,Sports,North,1,9793.81,9793.81,2677.78
ORD004058,2025-03-09,Dairy Bundle,Groceries,West,1,875.65,875.65,68.34
ORD008390,2025-03-09,Tablet,Electronics,North,3,38000.99,114002.97,13421.48
ORD001672,2025-03-09,Desk,Furniture,North,2,19706.96,39413.92,4866.5
ORD007736,2025-03-09,Headphones,Electronics,East,1,11941.25,11941.25,2067.34
ORD004808,2025-03-09,Smartphone,Electronics,East,3,78753.55,236260.65,43289.98
ORD010320,2025-03-09,Rice,Groceries,Central,2,1748.87,3497.74,207.49
ORD005839,2025-03-09,Yoga Mat,Sports,West,3,4988.76,14966.28,4091.43
ORD010251,2025-03-09,Jacket,Clothing,West,1,2334.85,2334.85,752.1
ORD004426,2025-03-09,T-Shirt,Clothing,North,4,4624.53,18498.12,5874.52
ORD007917,2025-03-09,Cooking Oil,Groceries,West,2,959.51,1919.02,120.45
ORD003267,2025-03-09,Jacket,Clothing,East,1,4653.11,4653.11,941.21
ORD010419,2025-03-09,Rice,Groceries,East,1,735.54,735.54,62.08
ORD005822,2025-03-09,Smartphone,Electronics,West,3,39318.57,117955.71,19731.05
ORD002802,2025-03-10,Cooking Oil,Groceries,West,1,337.98,337.98,39.05
ORD011895,2025-03-10,Bookshelf,Furniture,North,3,6410.77,19232.31,3461.49
ORD004285,2025-03-10,Rice,Groceries,Central,4,951.51,3806.04,294.74
ORD004157,2025-03-10,Cycle,Sports,North,5,922.97,4614.85,1250.72
ORD004328,2025-03-10,Smartphone,Electronics,South,3,34745.36,104236.08,13954.02
ORD008977,2025-03-10,Running Shoes,Sports,South,3,1481.29,4443.87,993.93
ORD005153,2025-03-10,Dumbbell Set,Sports,South,2,4249.47,8498.94,2505.84
ORD004555,2025-03-10,Dress,Clothing,Central,1,1346.45,1346.45,510.78
ORD010732,2025-03-10,Jeans,Clothing,West,4,3901.32,15605.28,5364.65
ORD008970,2025-03-10,Jacket,Clothing,West,5,4832.96,24164.8,10143.37
ORD005495,2025-03-10,Smartphone,Electronics,East,3,70643.97,211931.91,34207.33
ORD011097,2025-03-10,Wardrobe,Furniture,East,1,8450.29,8450.29,1179.11
ORD012494,2025-03-10,Cooking Oil,Groceries,West,2,1482.67,2965.34,264.99
ORD006372,2025-03-10,Sofa,Furniture,South,3,15662.54,46987.62,6013.69
ORD006279,2025-03-10,Snacks,Groceries,East,1,1397.63,1397.63,158.97
ORD009018,2025-03-10,Running Shoes,Sports,South,1,12238.9,12238.9,4162.02
ORD002730,2025-03-10,Spices Pack,Groceries,West,4,1955.27,7821.08,1137.71
ORD006902,2025-03-10,Yoga Mat,Sports,West,5,14505.59,72527.95,17748.03
ORD003552,2025-03-10,Smartphone,Electronics,Central,1,77049.74,77049.74,11835.47
ORD008007,2025-03-10,Smartphone,Electronics,West,4,36183.39,144733.56,28771.67
ORD000504,2025-03-10,Jeans,Clothing,West,3,3553.7,10661.1,4395.56
ORD008317,2025-03-10,Yoga Mat,Sports,East,1,7593.11,7593.11,1284.72
ORD009197,2025-03-10,Sofa,Furniture,East,3,8269.43,24808.29,4184.23
ORD000747,2025-03-10,Spices Pack,Groceries,East,3,531.81,1595.43,91.45
ORD006312,2025-03-10,Headphones,Electronics,South,2,75725.83,151451.66,15781.95
ORD011820,2025-03-10,Laptop,Electronics,West,2,25457.79,50915.58,5244.29
ORD000782,2025-03-10,Yoga Mat,Sports,West,1,11817.62,11817.62,2422.15
ORD002885,2025-03-10,Sofa,Furniture,South,2,9503.92,19007.84,4501.65
ORD003513,2025-03-10,Desk,Furniture,South,2,18906.49,37812.98,6579.51
ORD002300,2025-03-10,Snacks,Groceries,West,5,870.12,4350.6,334.63
ORD002878,2025-03-10,Bookshelf,Furniture,East,2,27485.49,54970.98,8653.81
ORD003566,2025-03-10,Spices Pack,Groceries,East,4,637.07,2548.28,244.86
ORD000053,2025-03-10,Running Shoes,Sports,North,1,13659.71,13659.71,2730.01
ORD010156,2025-03-10,Tablet,Electronics,West,2,31295.41,62590.82,6903.54
ORD002694,2025-03-10,Tablet,Electronics,North,1,40077.28,40077.28,7856.6
ORD007095,2025-03-11,Snacks,Groceries,South,1,662.69,662.69,74.71
ORD005542,2025-03-11,Laptop,Electronics,Central,3,35476.72,106430.16,16407.75
ORD007028,2025-03-11,Shoes,Clothing,North,5,1350.44,6752.2,2780.57
ORD009393,2025-03-11,Sofa,Furniture,North,2,26815.32,53630.64,10598.8
ORD001645,2025-03-11,Headphones,Electronics,Central,2,72927.73,145855.46,15229.75
ORD008681,2025-03-11,Cycle,Sports,East,6,8699.35,52196.1,10188.19
ORD007261,2025-03-11,Cycle,Sports,West,1,11891.59,11891.59,4023.9
ORD007001,2025-03-11,Cooking Oil,Groceries,North,1,239.03,239.03,14.09
ORD000279,2025-03-11,Dairy Bundle,Groceries,South,1,354.63,354.63,18.75
ORD011164,2025-03-11,Laptop,Electronics,Central,2,52288.88,104577.76,14668.97
ORD009829,2025-03-11,Shoes,Clothing,West,2,2409.08,4818.16,2003.18
ORD003799,2025-03-11,Spices Pack,Groceries,East,2,497.87,995.74,50.96
ORD009069,2025-03-11,Headphones,Electronics,North,1,70947.59,70947.59,13192.44
ORD010358,2025-03-11,Rice,Groceries,South,4,283.77,1135.08,141.18
ORD004697,2025-03-11,Rice,Groceries,West,2,547.27,1094.54,134.3
ORD004802,2025-03-11,Badminton Kit,Sports,West,3,2978.7,8936.1,1418.88
ORD012247,2025-03-11,Rice,Groceries,West,4,164.85,659.4,42.7
ORD003040,2025-03-11,Running Shoes,Sports,West,2,8499.83,16999.66,3762.23
ORD010114,2025-03-11,Headphones,Electronics,North,1,24421.4,24421.4,2158.95
ORD004841,2025-03-11,Running Shoes,Sports,East,3,7870.52,23611.56,3654.95
ORD001544,2025-03-11,Rice,Groceries,East,3,875.49,2626.47,135.37
ORD006586,2025-03-11,Snacks,Groceries,West,6,1111.03,26395.25,2465.94
ORD005489,2025-03-11,Yoga Mat,Sports,Central,2,14094.13,28188.26,8381.25
ORD008309,2025-03-11,Rice,Groceries,North,7,445.69,3119.83,257.05
ORD008446,2025-03-11,Laptop,Electronics,North,1,52017.42,52017.42,7424.93
ORD002461,2025-03-11,T-Shirt,Clothing,South,3,4774.69,14324.07,5507.35
ORD007403,2025-03-11,Tablet,Electronics,Central,3,13124.73,39374.19,5785.04
ORD002669,2025-03-11,Yoga Mat,Sports,West,1,5355.74,5355.74,1414.83
ORD003199,2025-03-11,Tablet,Electronics,West,8,43869.63,350957.04,41954.69
ORD006843,2025-03-11,Badminton Kit,Sports,Central,4,11946.86,47787.44,8882.28
ORD007865,2025-03-11,Tablet,Electronics,South,3,36313.75,108941.25,11555.18
ORD004993,2025-03-11,Cooking Oil,Groceries,West,1,1753.76,1753.76,185.59
ORD001709,2025-03-12,Rice,Groceries,Central,3,694.28,2082.84,240.43
ORD001960,2025-03-12,Dairy Bundle,Groceries,Central,1,1375.08,1375.08,179.51
ORD011117,2025-03-12,Chair,Furniture,Central,1,7127.46,7127.46,1669.05
ORD000471,2025-03-12,Dairy Bundle,Groceries,Central,3,620.7,1862.1,196.3
ORD005701,2025-03-12,Smartphone,Electronics,North,2,18603.71,37207.42,4997.24
ORD006473,2025-03-12,Snacks,Groceries,East,2,604.15,1208.3,97.87
ORD004955,2025-03-12,Headphones,Electronics,South,4,20133.05,80532.2,6736.58
ORD003876,2025-03-12,Jacket,Clothing,North,2,1043.93,2087.86,776.75
ORD010284,2025-03-12,Cycle,Sports,South,3,10369.05,31107.15,6779.15
ORD004628,2025-03-12,Yoga Mat,Sports,South,3,11676.81,35030.43,7547.1
ORD001971,2025-03-12,T-Shirt,Clothing,South,4,3859.23,15436.92,6552.84
ORD001895,2025-03-12,Laptop,Electronics,East,2,16547.05,33094.1,6541.65
ORD000942,2025-03-12,Dairy Bundle,Groceries,West,1,1308.95,1308.95,165.07
ORD002037,2025-03-12,Laptop,Electronics,South,3,50785.41,152356.23,23215.74
ORD007577,2025-03-12,Tablet,Electronics,East,3,76715.26,230145.78,24238.11
ORD006940,2025-03-12,Headphones,Electronics,North,2,56400.23,112800.46,21897.27
ORD000789,2025-03-12,Running Shoes,Sports,West,5,842.76,4213.8,1173.1
ORD009425,2025-03-12,T-Shirt,Clothing,North,4,4916.62,19666.48,7304.51
ORD000668,2025-03-12,Laptop,Electronics,North,3,78185.11,234555.33,37068.91
ORD005246,2025-03-12,Bookshelf,Furniture,North,6,8901.38,53408.28,5412.97
ORD007642,2025-03-12,Shoes,Clothing,North,3,4625.41,13876.23,4333.34
ORD003954,2025-03-12,Running Shoes,Sports,East,1,2390.1,2390.1,739.05
ORD001475,2025-03-12,Jeans,Clothing,Central,8,2035.62,16284.96,7055.15
ORD009350,2025-03-12,Tablet,Electronics,North,1,26674.34,26674.34,4513.24
ORD002928,2025-03-12,Jeans,Clothing,Central,3,2211.84,6635.52,2591.77
ORD008961,2025-03-12,Tablet,Electronics,Central,5,11956.97,59784.85,11533.38
ORD001621,2025-03-13,Shoes,Clothing,West,3,2254.14,6762.42,2077.66
ORD010142,2025-03-13,Tablet,Electronics,West,3,54072.54,162217.62,17393.24
ORD004634,2025-03-13,Yoga Mat,Sports,East,3,4798.39,14395.17,2965.79
ORD004489,2025-03-13,Tablet,Electronics,Central,2,31669.71,63339.42,10542.98
ORD004397,2025-03-13,Yoga Mat,Sports,Central,2,2539.47,5078.94,1489.79
ORD000756,2025-03-13,Dumbbell Set,Sports,Central,2,12288.29,24576.58,7216.29
ORD001660,2025-03-13,Dairy Bundle,Groceries,South,2,1628.54,3257.08,414.56
ORD008346,2025-03-13,Spices Pack,Groceries,North,5,1463.32,7316.6,597.43
ORD006656,2025-03-13,Bookshelf,Furniture,North,3,10561.27,31683.81,5352.6
ORD006831,2025-03-13,Yoga Mat,Sports,South,1,11705.67,11705.67,2340.39
ORD004436,2025-03-13,T-Shirt,Clothing,North,3,4610.36,13831.08,3229.47
ORD009664,2025-03-13,Smartwatch,Electronics,North,3,8991.06,26973.18,3925.12
ORD001019,2025-03-13,Laptop,Electronics,South,5,16214.9,81074.5,7957.43
ORD011248,2025-03-13,Headphones,Electronics,Central,3,38559.51,115678.53,19117.44
ORD009567,2025-03-13,Rice,Groceries,West,3,818.49,2455.47,276.58
ORD002122,2025-03-13,Jeans,Clothing,East,3,3854.39,11563.17,3625.58
ORD005333,2025-03-13,Badminton Kit,Sports,North,6,9039.68,54238.08,9645.57
ORD011680,2025-03-13,Jacket,Clothing,Central,4,4185.95,68919.0,30958.6
ORD001848,2025-03-13,Chair,Furniture,North,1,11662.34,11662.34,1218.9
ORD006415,2025-03-13,Sofa,Furniture,Central,4,12513.92,50055.68,5837.11
ORD010163,2025-03-13,Smartphone,Electronics,South,1,25565.37,25565.37,2921.92
ORD002679,2025-03-13,Sofa,Furniture,Central,3,6736.53,20209.59,4984.06
ORD012453,2025-03-13,Jacket,Clothing,Central,5,4495.14,22475.7,8816.82
ORD005340,2025-03-13,Badminton Kit,Sports,South,1,3228.9,3228.9,668.56
ORD002527,2025-03-13,Rice,Groceries,North,1,452.98,452.98,26.5
ORD000507,2025-03-13,Chair,Furniture,North,4,28433.66,113734.64,12046.09
ORD006712,2025-03-13,Laptop,Electronics,North,2,68218.59,136437.18,22211.83
ORD000016,2025-03-13,Cooking Oil,Groceries,East,1,1254.34,1254.34,84.11
ORD006872,2025-03-13,Smartphone,Electronics,South,2,55291.21,110582.42,17522.51
ORD006456,2025-03-13,Headphones,Electronics,West,2,47797.82,95595.64,18747.99
ORD006206,2025-03-13,Spices Pack,Groceries,North,2,1344.36,2688.72,371.07
ORD009698,2025-03-13,Laptop,Electronics,North,1,79705.28,79705.28,12072.65
ORD012173,2025-03-13,Spices Pack,Groceries,West,3,1373.33,4119.99,393.76
ORD007514,2025-03-13,Snacks,Groceries,East,1,677.99,677.99,78.27
ORD001733,2025-03-13,Tablet,Electronics,East,1,20913.63,20913.63,3442.73
ORD001078,2025-03-13,Headphones,Electronics,South,1,15245.9,15245.9,1658.52
ORD002596,2025-03-13,Laptop,Electronics,South,1,31916.42,31916.42,5237.39
ORD000690,2025-03-13,Smartphone,Electronics,West,4,33864.8,135459.2,20475.21
ORD002495,2025-03-13,Dairy Bundle,Groceries,North,4,1489.38,5957.52,756.45
ORD004998,2025-03-13,Jacket,Clothing,Central,1,885.69,885.69,367.04
ORD007235,2025-03-13,Spices Pack,Groceries,West,5,1211.69,6058.45,433.1
ORD009648,2025-03-14,Badminton Kit,Sports,North,3,14295.38,42886.14,7729.23
ORD006352,2025-03-14,Badminton Kit,Sports,South,4,11440.59,45762.36,13469.05
ORD011340,2025-03-14,Spices Pack,Groceries,Central,2,1382.05,2764.1,353.4
ORD009363,2025-03-14,Spices Pack,Groceries,South,1,119.39,119.39,9.41
ORD012048,2025-03-14,Dumbbell Set,Sports,East,1,11651.91,11651.91,3523.56
ORD007782,2025-03-14,T-Shirt,Clothing,Central,4,4050.82,16203.28,4106.37
ORD002960,2025-03-14,Snacks,Groceries,North,5,642.27,3211.35,348.69
ORD010411,2025-03-14,T-Shirt,Clothing,North,1,4647.91,4647.91,992.3
ORD002330,2025-03-14,Desk,Furniture,West,3,7297.48,21892.44,4554.89
ORD007521,2025-03-14,Shoes,Clothing,North,1,2812.9,2812.9,576.78
ORD009452,2025-03-14,Spices Pack,Groceries,West,5,1851.55,9257.75,907.75
ORD004363,2025-03-14,Shoes,Clothing,Central,1,4368.92,4368.92,1665.02
ORD007519,2025-03-14,Snacks,Groceries,Central,1,829.36,829.36,80.6
ORD009035,2025-03-14,Shoes,Clothing,West,2,3353.74,6707.48,2852.71
ORD003571,2025-03-14,Chair,Furniture,Central,3,28481.74,85445.22,10243.7
ORD008604,2025-03-14,Dress,Clothing,Central,2,2718.16,5436.32,1723.45
ORD006486,2025-03-14,Jeans,Clothing,North,5,2665.37,13326.85,5751.25
ORD002867,2025-03-14,Desk,Furniture,North,3,20362.98,61088.94,11032.13
ORD010448,2025-03-14,Spices Pack,Groceries,East,3,566.48,1699.44,126.46
ORD003838,2025-03-14,Smartphone,Electronics,West,1,45269.35,45269.35,6760.76
ORD005082,2025-03-14,Shoes,Clothing,North,5,2529.33,12646.65,3767.65
ORD007463,2025-03-14,Badminton Kit,Sports,Central,5,7916.87,39584.35,8040.99
ORD000182,2025-03-14,Headphones,Electronics,North,4,40994.21,163976.84,23854.37
ORD004935,2025-03-14,Headphones,Electronics,Central,2,73577.45,147154.9,14855.3
ORD002412,2025-03-14,Rice,Groceries,South,3,816.4,2449.2,218.79
ORD004342,2025-03-14,Cycle,Sports,West,1,3054.82,3054.82,828.6
ORD009686,2025-03-14,Jacket,Clothing,West,5,483.56,2417.8,932.41
ORD002882,2025-03-14,Headphones,Electronics,South,4,75734.06,302936.24,30588.61
ORD003269,2025-03-14,Chair,Furniture,Central,1,20740.83,20740.83,4837.61
ORD010807,2025-03-14,Jeans,Clothing,South,6,712.48,4274.88,1775.65
ORD001282,2025-03-14,Shoes,Clothing,West,1,536.06,536.06,116.98
ORD009379,2025-03-14,Rice,Groceries,South,3,524.98,1574.94,122.07
ORD008389,2025-03-15,Rice,Groceries,South,1,1331.42,1331.42,187.5
ORD004706,2025-03-15,Badminton Kit,Sports,Central,5,2781.99,13909.95,3953.14
ORD006994,2025-03-15,Sofa,Furniture,North,4,2268.4,9073.6,1293.69
ORD004239,2025-03-15,Spices Pack,Groceries,North,4,261.88,1047.52,120.47
ORD006729,2025-03-15,Spices Pack,Groceries,East,1,136.54,136.54,8.36
ORD010590,2025-03-15,Smartphone,Electronics,Central,4,37676.46,150705.84,17612.24
ORD003736,2025-03-15,T-Shirt,Clothing,South,4,4144.15,16576.6,3474.31
ORD009836,2025-03-15,Bookshelf,Furniture,West,1,26301.51,26301.51,5288.83
ORD003755,2025-03-15,Desk,Furniture,East,1,18987.3,18987.3,4548.74
ORD003714,2025-03-15,Chair,Furniture,East,2,4817.36,9634.72,1410.95
ORD005605,2025-03-15,Jeans,Clothing,East,4,416.6,1666.4,493.16
ORD004153,2025-03-15,Smartphone,Electronics,North,2,10903.77,21807.54,2270.96
ORD007398,2025-03-15,Dairy Bundle,Groceries,South,1,500.31,500.31,66.89
ORD007993,2025-03-15,Headphones,Electronics,Central,2,45835.22,91670.44,10979.11
ORD002297,2025-03-15,Headphones,Electronics,North,5,44320.83,221604.15,26030.24
ORD008663,2025-03-15,Badminton Kit,Sports,Central,2,7810.15,15620.3,4855.52
ORD005569,2025-03-15,Jeans,Clothing,West,2,1756.67,3513.34,1493.15
ORD008901,2025-03-15,Chair,Furniture,Central,4,29201.36,116805.44,28210.16
ORD002423,2025-03-15,Running Shoes,Sports,West,2,3096.88,6193.76,1414.92
ORD001249,2025-03-15,Sofa,Furniture,South,1,18163.81,18163.81,4174.71
ORD004618,2025-03-15,Jacket,Clothing,South,2,3752.09,7504.18,2189.67
ORD007581,2025-03-15,Rice,Groceries,East,1,938.89,938.89,96.63
ORD006316,2025-03-15,Badminton Kit,Sports,Central,1,7606.73,7606.73,1184.91
ORD006825,2025-03-15,Smartwatch,Electronics,South,1,45421.46,45421.46,7349.9
ORD004476,2025-03-15,Headphones,Electronics,East,2,27767.21,55534.42,9934.63
ORD011466,2025-03-15,Rice,Groceries,East,2,1365.01,2730.02,154.64
ORD007609,2025-03-15,Cycle,Sports,South,4,12980.18,51920.72,8801.7
ORD005391,2025-03-15,Dairy Bundle,Groceries,East,3,1922.18,5766.54,578.04
ORD003807,2025-03-15,Dumbbell Set,Sports,Central,2,13577.78,27155.56,6230.5
ORD004451,2025-03-15,Desk,Furniture,South,3,12222.34,36667.02,8685.96
ORD006120,2025-03-15,Smartwatch,Electronics,North,3,32027.47,96082.41,19124.69
ORD009784,2025-03-15,Yoga Mat,Sports,North,1,5839.77,5839.77,1721.99
ORD005057,2025-03-15,Yoga Mat,Sports,East,1,10714.14,10714.14,2661.64
ORD001388,2025-03-15,Dumbbell Set,Sports,East,1,8425.37,8425.37,1993.13
ORD006546,2025-03-15,Dumbbell Set,Sports,South,2,3292.35,6584.7,1456.65
ORD001912,2025-03-15,Smartphone,Electronics,Central,3,66011.45,198034.35,23641.65
ORD011495,2025-03-15,Dumbbell Set,Sports,North,2,6317.82,12635.64,3967.28
ORD001708,2025-03-15,Dumbbell Set,Sports,North,1,11864.2,11864.2,3123.09
ORD000993,2025-03-15,Running Shoes,Sports,East,4,2435.46,9741.84,1618.32
ORD009415,2025-03-15,T-Shirt,Clothing,East,1,4425.05,4425.05,1595.94
ORD011016,2025-03-15,Laptop,Electronics,West,5,11981.65,59908.25,9046.31
ORD007942,2025-03-15,Tablet,Electronics,East,3,30614.51,91843.53,9336.63
ORD005475,2025-03-16,Smartwatch,Electronics,South,2,24021.52,48043.04,9606.72
ORD000936,2025-03-16,Smartphone,Electronics,East,3,66880.54,200641.62,21192.04
ORD005423,2025-03-16,Badminton Kit,Sports,East,2,2367.79,4735.58,1520.42
ORD000706,2025-03-16,Bookshelf,Furniture,East,4,7763.55,31054.2,3626.76
ORD001188,2025-03-16,T-Shirt,Clothing,North,4,3462.94,13851.76,3723.98
ORD001592,2025-03-16,Cycle,Sports,East,4,4992.2,19968.8,3993.59
ORD006964,2025-03-16,Dairy Bundle,Groceries,North,2,173.97,347.94,18.65
ORD005478,2025-03-16,Cooking Oil,Groceries,Central,1,1762.37,1762.37,239.46
ORD000487,2025-03-16,Desk,Furniture,South,3,22512.02,67536.06,8931.04
ORD012122,2025-03-16,Jeans,Clothing,Central,1,2230.5,2230.5,576.02
ORD009502,2025-03-16,Cycle,Sports,East,2,1442.36,2884.72,478.57
ORD008235,2025-03-16,Bookshelf,Furniture,West,1,22424.43,22424.43,3041.53
ORD003264,2025-03-16,Smartwatch,Electronics,Central,1,9786.84,9786.84,1763.88
ORD006161,2025-03-16,Smartphone,Electronics,East,4,39082.61,156330.44,30691.1
ORD006852,2025-03-16,Shoes,Clothing,Central,8,3785.81,30286.48,9838.6
ORD000792,2025-03-16,Rice,Groceries,North,2,1229.51,2459.02,245.11
ORD003216,2025-03-16,Shoes,Clothing,Central,1,3690.81,3690.81,1606.68
ORD005190,2025-03-16,Tablet,Electronics,East,2,66609.2,133218.4,23076.52
ORD001602,2025-03-16,Dairy Bundle,Groceries,East,1,468.34,468.34,63.64
ORD009353,2025-03-16,Dairy Bundle,Groceries,South,4,185.71,742.84,65.78
ORD002682,2025-03-16,Rice,Groceries,South,5,1133.2,5666.0,677.07
ORD002758,2025-03-16,Laptop,Electronics,South,2,15647.4,31294.8,5417.29
ORD004984,2025-03-16,Desk,Furniture,East,1,22034.17,22034.17,2565.75
ORD011476,2025-03-16,Badminton Kit,Sports,South,1,6103.96,6103.96,1569.69
ORD007537,2025-03-16,Snacks,Groceries,Central,1,1267.4,1267.4,66.92
ORD011653,2025-03-16,Sofa,Furniture,East,3,20720.87,62162.61,10188.5
ORD012334,2025-03-16,Snacks,Groceries,North,3,1050.01,3150.03,377.19
ORD004710,2025-03-16,Jeans,Clothing,North,2,2779.83,5559.66,1831.16
ORD012252,2025-03-16,Jacket,Clothing,Central,1,3438.73,3438.73,1430.86
ORD000153,2025-03-16,Sofa,Furniture,Central,2,22330.56,44661.12,11003.51
ORD004591,2025-03-16,Headphones,Electronics,North,1,38911.24,38911.24,5017.46
ORD000236,2025-03-16,Desk,Furniture,North,1,2340.33,2340.33,574.51
ORD010028,2025-03-16,Yoga Mat,Sports,North,2,11289.17,22578.34,7748.09
ORD010896,2025-03-16,Smartphone,Electronics,Central,2,56182.69,112365.38,10629.03
ORD011019,2025-03-16,Rice,Groceries,South,4,1091.4,4365.6,288.79
ORD007729,2025-03-16,Jeans,Clothing,South,3,4372.15,13116.45,2694.8
ORD008466,2025-03-16,Chair,Furniture,West,2,19409.26,38818.52,5715.68
ORD012396,2025-03-16,Smartphone,Electronics,West,4,26105.55,104422.2,11044.53
ORD011651,2025-03-16,Jacket,Clothing,West,3,739.42,2218.26,598.76
ORD011546,2025-03-16,Spices Pack,Groceries,East,4,1489.03,5956.12,309.13
ORD000059,2025-03-17,Shoes,Clothing,Central,2,4077.26,8154.52,2011.25
ORD003794,2025-03-17,Dairy Bundle,Groceries,West,3,893.15,2679.45,329.75
ORD000965,2025-03-17,Chair,Furniture,South,1,19985.11,19985.11,2192.93
ORD001289,2025-03-17,Dairy Bundle,Groceries,North,1,1960.06,1960.06,216.29
ORD000571,2025-03-17,T-Shirt,Clothing,North,3,4176.0,12528.0,3594.94
ORD008819,2025-03-17,Cooking Oil,Groceries,South,1,130.98,130.98,8.83
ORD004539,2025-03-17,T-Shirt,Clothing,South,4,3985.68,15942.72,6230.75
ORD007853,2025-03-17,Jeans,Clothing,South,1,1291.96,1291.96,398.08
ORD002793,2025-03-17,Sofa,Furniture,South,3,14861.62,44584.86,4826.99
ORD006118,2025-03-17,Dumbbell Set,Sports,North,1,7359.87,7359.87,2529.75
ORD011842,2025-03-17,Chair,Furniture,East,3,18739.0,56217.0,8417.46
ORD006904,2025-03-17,Dress,Clothing,South,5,2160.92,10804.6,2894.18
ORD007368,2025-03-17,Dairy Bundle,Groceries,East,1,1128.73,1128.73,58.52
ORD012239,2025-03-17,Badminton Kit,Sports,South,4,10994.37,43977.48,13757.01
ORD010975,2025-03-17,Dairy Bundle,Groceries,North,1,1278.64,1278.64,148.92
ORD007198,2025-03-17,Sofa,Furniture,East,2,16114.1,32228.2,5768.96
ORD004108,2025-03-17,Dumbbell Set,Sports,North,3,6002.19,18006.57,4525.23
ORD004139,2025-03-17,Dress,Clothing,South,1,2695.76,2695.76,823.86
ORD001145,2025-03-17,Tablet,Electronics,East,2,42706.96,85413.92,8843.05
ORD009071,2025-03-17,Yoga Mat,Sports,North,2,5452.49,10904.98,2310.35
ORD001593,2025-03-17,Sofa,Furniture,West,3,16420.16,49260.48,8883.29
ORD002095,2025-03-17,Chair,Furniture,Central,1,21415.82,21415.82,4392.21
ORD002736,2025-03-17,Dumbbell Set,Sports,South,2,10464.9,20929.8,4448.98
ORD003424,2025-03-17,Jeans,Clothing,South,1,2256.54,2256.54,704.52
ORD004073,2025-03-17,Shoes,Clothing,Central,1,4769.42,4769.42,980.36
ORD010789,2025-03-17,Dumbbell Set,Sports,West,2,7320.75,14641.5,3455.37
ORD008025,2025-03-18,Snacks,Groceries,Central,1,1177.21,1177.21,148.85
ORD012260,2025-03-18,Cooking Oil,Groceries,West,4,1695.59,6782.36,977.77
ORD007800,2025-03-18,Yoga Mat,Sports,West,3,11330.1,33990.3,6468.54
ORD012075,2025-03-18,Desk,Furniture,South,3,5613.49,16840.47,1952.1
ORD003540,2025-03-18,Tablet,Electronics,East,1,48083.07,48083.07,8106.59
ORD011172,2025-03-18,Jeans,Clothing,East,2,2461.57,4923.14,1792.24
ORD006062,2025-03-18,Dress,Clothing,East,3,3096.35,9289.05,4119.56
ORD001082,2025-03-18,Cycle,Sports,Central,4,5609.44,22437.76,7141.7
ORD001286,2025-03-18,Rice,Groceries,South,1,869.7,869.7,122.29
ORD012407,2025-03-18,Dumbbell Set,Sports,North,8,5901.02,47208.16,10732.23
ORD012081,2025-03-18,Badminton Kit,Sports,South,1,14963.83,14963.83,5173.26
ORD012285,2025-03-18,Wardrobe,Furniture,South,1,29530.12,29530.12,3941.81
ORD000156,2025-03-18,Badminton Kit,Sports,West,2,6865.09,13730.18,2274.97
ORD010348,2025-03-18,Dairy Bundle,Groceries,West,1,1415.24,1415.24,124.29
ORD009139,2025-03-18,Laptop,Electronics,North,4,18731.04,74924.16,9105.94
ORD008562,2025-03-18,Headphones,Electronics,South,3,20227.06,60681.18,10682.87
ORD000631,2025-03-18,Jacket,Clothing,South,2,1564.27,3128.54,1249.51
ORD001721,2025-03-18,Dumbbell Set,Sports,West,5,5457.63,27288.15,6973.09
ORD011625,2025-03-18,Smartphone,Electronics,South,1,73423.64,73423.64,8716.37
ORD010036,2025-03-18,Bookshelf,Furniture,Central,1,13759.6,13759.6,1691.73
ORD000824,2025-03-18,Cooking Oil,Groceries,South,2,342.66,2922.59,387.56
ORD001755,2025-03-18,Yoga Mat,Sports,Central,1,12787.12,12787.12,2077.64
ORD011907,2025-03-18,Jeans,Clothing,West,3,2681.79,8045.37,3126.68
ORD003012,2025-03-18,Smartwatch,Electronics,East,3,69643.06,208929.18,19202.37
ORD010240,2025-03-18,Smartwatch,Electronics,South,1,22442.05,22442.05,2721.49
ORD003078,2025-03-18,Shoes,Clothing,North,4,1180.53,4722.12,982.76
ORD008392,2025-03-18,Jeans,Clothing,North,1,645.74,645.74,209.61
ORD002085,2025-03-18,Dress,Clothing,South,2,1780.12,3560.24,798.07
ORD006152,2025-03-18,Smartwatch,Electronics,South,1,32804.13,32804.13,5087.27
ORD000664,2025-03-18,Smartwatch,Electronics,West,6,21112.49,126674.94,22138.2
ORD001378,2025-03-18,Dairy Bundle,Groceries,West,5,1843.22,9216.1,728.54
ORD003031,2025-03-18,Spices Pack,Groceries,West,4,866.69,3466.76,288.89
ORD007392,2025-03-18,Chair,Furniture,North,7,26627.77,186394.39,34856.97
ORD012073,2025-03-18,Spices Pack,Groceries,West,2,407.4,814.8,73.33
ORD010724,2025-03-18,Cycle,Sports,South,1,13617.76,13617.76,2289.11
ORD004737,2025-03-18,Running Shoes,Sports,South,1,13317.97,13317.97,2549.02
ORD001720,2025-03-19,Laptop,Electronics,Central,1,74829.11,74829.11,14329.53
ORD010967,2025-03-19,Dumbbell Set,Sports,South,5,504.45,2522.25,725.32
ORD009431,2025-03-19,Jeans,Clothing,West,5,1591.3,7956.5,2743.73
ORD008605,2025-03-19,Desk,Furniture,East,3,22734.51,68203.53,15337.31
ORD003826,2025-03-19,Dumbbell Set,Sports,North,1,1547.33,1547.33,277.73
ORD005206,2025-03-19,T-Shirt,Clothing,East,1,4030.47,4030.47,1597.28
ORD002019,2025-03-19,Badminton Kit,Sports,North,5,14670.56,73352.8,22648.68
ORD011532,2025-03-19,Bookshelf,Furniture,South,1,11363.6,11363.6,2210.93
ORD002455,2025-03-19,Smartwatch,Electronics,South,1,61392.76,61392.76,8938.86
ORD004323,2025-03-19,Desk,Furniture,North,2,17013.38,34026.76,5695.13
ORD003416,2025-03-19,Laptop,Electronics,North,2,75071.2,150142.4,13615.09
ORD005623,2025-03-19,Chair,Furniture,North,1,7240.85,7240.85,1563.99
ORD012191,2025-03-19,Snacks,Groceries,Central,2,538.95,1077.9,146.4
ORD004581,2025-03-19,Smartphone,Electronics,North,4,73446.62,293786.48,45992.76
ORD011490,2025-03-19,Dairy Bundle,Groceries,South,2,1448.2,2896.4,365.9
ORD008774,2025-03-19,Jeans,Clothing,Central,6,4025.18,24151.08,7813.48
ORD012215,2025-03-19,Tablet,Electronics,South,4,60210.04,240840.16,25428.99
ORD007880,2025-03-19,Dumbbell Set,Sports,Central,3,2197.1,6591.3,1009.86
ORD004598,2025-03-19,Smartwatch,Electronics,East,1,68279.78,68279.78,6226.74
ORD000534,2025-03-19,Wardrobe,Furniture,South,1,8685.76,8685.76,1012.51
ORD007023,2025-03-19,Spices Pack,Groceries,South,4,460.42,1841.68,154.31
ORD003743,2025-03-19,Cooking Oil,Groceries,North,4,866.93,3467.72,408.73
ORD002319,2025-03-19,Shoes,Clothing,Central,3,1845.47,5536.41,2023.99
ORD011844,2025-03-19,Dress,Clothing,East,5,535.5,2677.5,853.53
ORD001346,2025-03-19,Spices Pack,Groceries,South,4,1108.78,4435.12,485.7
ORD008745,2025-03-19,Tablet,Electronics,North,2,69236.48,138472.96,26558.13
ORD003796,2025-03-19,Yoga Mat,Sports,Central,6,3284.24,19705.44,6266.32
ORD001070,2025-03-19,Headphones,Electronics,East,3,21493.66,64480.98,11798.81
ORD012467,2025-03-19,Jeans,Clothing,South,4,1552.6,6210.4,1837.39
ORD008517,2025-03-19,Chair,Furniture,Central,4,11488.69,45954.76,10441.86
ORD004646,2025-03-19,Dairy Bundle,Groceries,West,2,1072.84,2145.68,225.05
ORD006861,2025-03-19,Wardrobe,Furniture,Central,1,15007.08,15007.08,3184.75
ORD003554,2025-03-19,Cooking Oil,Groceries,North,3,153.56,460.68,34.31
ORD001529,2025-03-19,Spices Pack,Groceries,South,2,1246.91,2493.82,143.89
ORD012326,2025-03-20,Smartwatch,Electronics,West,2,26362.57,52725.14,5343.4
ORD001657,2025-03-20,Smartwatch,Electronics,Central,2,59031.13,118062.26,9563.47
ORD009965,2025-03-20,Cooking Oil,Groceries,Central,3,1826.77,5480.31,794.74
ORD001542,2025-03-20,Shoes,Clothing,Central,3,1252.37,3757.11,1303.33
ORD000311,2025-03-20,Wardrobe,Furniture,Central,1,7166.59,7166.59,941.71
ORD005488,2025-03-20,Badminton Kit,Sports,West,2,11232.17,22464.34,5383.03
ORD000405,2025-03-20,Cycle,Sports,East,1,7037.17,7037.17,1214.95
ORD006905,2025-03-20,Smartphone,Electronics,East,5,28999.43,144997.15,13744.38
ORD006800,2025-03-20,Running Shoes,Sports,North,3,1256.68,3770.04,1273.69
ORD000209,2025-03-20,Jacket,Clothing,East,3,1678.09,5034.27,1420.5
ORD000293,2025-03-20,Yoga Mat,Sports,Central,3,9684.31,29052.93,5753.33
ORD008920,2025-03-20,Smartwatch,Electronics,North,6,64750.77,388504.62,64427.22
ORD002333,2025-03-20,Badminton Kit,Sports,West,1,12528.66,12528.66,3656.84
ORD001810,2025-03-20,Rice,Groceries,Central,1,1612.26,1612.26,108.85
ORD005916,2025-03-20,Spices Pack,Groceries,North,7,962.71,6738.97,876.88
ORD000992,2025-03-20,Headphones,Electronics,Central,1,40989.46,40989.46,5654.75
ORD010232,2025-03-20,Jacket,Clothing,North,2,1989.59,3979.18,858.96
ORD009226,2025-03-20,Headphones,Electronics,North,1,19315.72,19315.72,2840.97
ORD003528,2025-03-20,Wardrobe,Furniture,West,4,15732.57,62930.28,7423.38
ORD003819,2025-03-20,Spices Pack,Groceries,West,5,720.58,3602.9,404.72
ORD009580,2025-03-20,Yoga Mat,Sports,South,2,2371.57,4743.14,932.75
ORD004931,2025-03-20,Running Shoes,Sports,East,1,12811.0,12811.0,3258.09
ORD001596,2025-03-20,Rice,Groceries,East,4,684.81,2739.24,387.27
ORD007248,2025-03-20,Dress,Clothing,West,2,3663.67,7327.34,2181.17
ORD009228,2025-03-20,Snacks,Groceries,East,3,1755.15,5265.45,360.76
ORD002276,2025-03-20,Running Shoes,Sports,Central,1,14024.92,14024.92,2160.22
ORD005817,2025-03-20,Cycle,Sports,North,7,10877.31,76141.17,24893.33
ORD003563,2025-03-20,Tablet,Electronics,Central,5,37521.71,187608.55,25859.85
ORD003414,2025-03-20,Laptop,Electronics,East,4,22201.47,88805.88,9380.08
ORD009432,2025-03-20,Smartphone,Electronics,East,1,12221.27,12221.27,1197.21
ORD007760,2025-03-20,Dress,Clothing,Central,2,2479.96,4959.92,1747.28
ORD004299,2025-03-20,Rice,Groceries,North,6,1106.32,6637.92,562.74
ORD004269,2025-03-20,Yoga Mat,Sports,West,1,2475.63,2475.63,810.8
ORD004229,2025-03-20,Smartwatch,Electronics,West,1,54284.0,54284.0,6830.97
ORD010790,2025-03-20,Spices Pack,Groceries,West,1,1188.83,1188.83,70.22
ORD008337,2025-03-21,Running Shoes,Sports,Central,2,14987.67,29975.34,8985.64
ORD007874,2025-03-21,Bookshelf,Furniture,West,6,19947.2,119683.2,13056.43
ORD004088,2025-03-21,Wardrobe,Furniture,North,8,19866.6,158932.8,22762.8
ORD007526,2025-03-21,Laptop,Electronics,Central,3,70663.69,211991.07,36696.37
ORD008568,2025-03-21,Laptop,Electronics,Central,2,79153.8,158307.6,30752.02
ORD009157,2025-03-21,Desk,Furniture,North,1,15104.97,15104.97,1994.12
ORD007142,2025-03-21,Badminton Kit,Sports,South,1,10495.43,10495.43,2975.68
ORD000190,2025-03-21,Cycle,Sports,Central,5,12309.79,61548.95,12701.92
ORD002476,2025-03-21,Shoes,Clothing,North,3,2156.75,6470.25,1376.97
ORD009747,2025-03-21,Spices Pack,Groceries,West,4,1647.93,6591.72,537.08
ORD004722,2025-03-21,Cooking Oil,Groceries,Central,1,551.28,551.28,48.51
ORD011086,2025-03-21,T-Shirt,Clothing,North,2,1745.9,3491.8,1125.47
ORD003510,2025-03-21,Bookshelf,Furniture,North,1,11979.33,11979.33,2541.39
ORD001776,2025-03-21,Rice,Groceries,Central,6,1627.23,9763.38,622.07
ORD000812,2025-03-21,Wardrobe,Furniture,East,4,17744.31,70977.24,17293.16
ORD002700,2025-03-21,Jacket,Clothing,Central,3,2154.05,6462.15,2693.2
ORD000983,2025-03-21,Smartphone,Electronics,West,3,49174.8,147524.4,22207.19
ORD006189,2025-03-21,Yoga Mat,Sports,South,4,1426.89,5707.56,1671.96
ORD000847,2025-03-21,Dress,Clothing,East,2,2173.72,23676.76,5601.77
ORD006357,2025-03-21,Running Shoes,Sports,East,2,10097.41,20194.82,5252.39
ORD011685,2025-03-21,Cycle,Sports,East,2,802.49,1604.98,437.19
ORD006781,2025-03-21,Chair,Furniture,South,3,3788.52,11365.56,1744.19
ORD003087,2025-03-21,Tablet,Electronics,North,1,11924.67,11924.67,2150.89
ORD006989,2025-03-21,Headphones,Electronics,North,5,51177.41,255887.05,30670.83
ORD005268,2025-03-21,Jacket,Clothing,East,1,3105.23,3105.23,953.18
ORD010597,2025-03-21,Dumbbell Set,Sports,Central,5,7360.89,36804.45,9655.23
ORD007380,2025-03-21,Snacks,Groceries,East,4,1475.12,5900.48,309.79
ORD005529,2025-03-21,Yoga Mat,Sports,North,1,9191.0,9191.0,3101.31
ORD003844,2025-03-21,Laptop,Electronics,West,4,61800.17,247200.68,29022.45
ORD008676,2025-03-21,Jacket,Clothing,North,3,3970.9,11912.7,4528.84
ORD007160,2025-03-21,Snacks,Groceries,South,4,1768.09,7072.36,410.08
ORD009119,2025-03-21,Badminton Kit,Sports,Central,2,4845.62,9691.24,1776.14
ORD011515,2025-03-21,Jeans,Clothing,North,1,329.54,329.54,77.62
ORD008587,2025-03-21,Bookshelf,Furniture,North,3,2117.52,6352.56,814.44
ORD008836,2025-03-21,Jeans,Clothing,East,1,388.01,388.01,146.59
ORD000588,2025-03-22,Wardrobe,Furniture,West,1,19752.16,19752.16,3575.1
ORD006889,2025-03-22,Laptop,Electronics,West,4,37197.52,148790.08,22058.47
ORD009125,2025-03-22,Smartwatch,Electronics,West,3,16631.78,49895.34,5258.66
ORD009375,2025-03-22,T-Shirt,Clothing,West,7,1092.45,7647.15,2977.31
ORD004920,2025-03-22,Dumbbell Set,Sports,East,1,11080.64,11080.64,3459.41
ORD003141,2025-03-22,Rice,Groceries,North,2,1671.05,3342.1,355.15
ORD002830,2025-03-22,Rice,Groceries,North,1,1929.19,1929.19,217.68
ORD012156,2025-03-22,Dress,Clothing,Central,5,3449.51,17247.55,5561.12
ORD000869,2025-03-22,T-Shirt,Clothing,South,2,2413.99,4827.98,1200.5
ORD003110,2025-03-22,Wardrobe,Furniture,West,4,12453.89,49815.56,6112.95
ORD009287,2025-03-22,Spices Pack,Groceries,West,6,360.14,2160.84,264.68
ORD009593,2025-03-22,Shoes,Clothing,East,1,4620.7,4620.7,1822.74
ORD000133,2025-03-22,Wardrobe,Furniture,North,1,26566.45,26566.45,5608.58
ORD008680,2025-03-22,Shoes,Clothing,South,1,4085.18,4085.18,1468.86
ORD007861,2025-03-22,Rice,Groceries,West,3,863.32,2589.96,147.86
ORD011062,2025-03-22,Dairy Bundle,Groceries,West,4,1913.05,7652.2,978.02
ORD007629,2025-03-22,Smartphone,Electronics,East,1,64375.16,64375.16,6546.51
ORD011277,2025-03-22,Cooking Oil,Groceries,North,1,1511.84,1511.84,151.4
ORD005791,2025-03-22,Yoga Mat,Sports,West,4,2080.09,8320.36,1665.29
ORD000300,2025-03-22,Running Shoes,Sports,East,3,3288.19,9864.57,1560.32
ORD000927,2025-03-22,Dress,Clothing,West,1,4348.44,4348.44,1789.94
ORD007472,2025-03-22,Laptop,Electronics,South,3,16958.48,50875.44,6176.59
ORD009825,2025-03-22,Smartphone,Electronics,East,2,50049.38,100098.76,9763.62
ORD003502,2025-03-22,Desk,Furniture,West,6,25274.88,151649.28,32606.91
ORD007196,2025-03-22,Wardrobe,Furniture,West,6,2239.53,13437.18,3023.92
ORD005932,2025-03-22,Dress,Clothing,Central,4,4102.79,16411.16,7132.54
ORD010932,2025-03-22,Headphones,Electronics,Central,3,45126.21,135378.63,25881.22
ORD007558,2025-03-22,Dumbbell Set,Sports,West,1,3641.92,3641.92,1148.8
ORD002897,2025-03-22,Cooking Oil,Groceries,South,6,1934.35,11606.1,1643.21
ORD005138,2025-03-22,Chair,Furniture,East,4,27822.46,111289.84,19145.8
ORD002728,2025-03-22,Rice,Groceries,East,2,1437.66,2875.32,206.29
ORD010397,2025-03-22,Spices Pack,Groceries,Central,7,1270.06,8890.42,724.75
ORD011387,2025-03-22,Running Shoes,Sports,East,4,13807.02,55228.08,12251.47
ORD003408,2025-03-22,Running Shoes,Sports,East,1,7418.62,7418.62,1306.98
ORD006226,2025-03-22,Rice,Groceries,South,1,1766.03,1766.03,226.36
ORD005202,2025-03-22,Jeans,Clothing,West,1,1046.61,1046.61,260.52
ORD004128,2025-03-22,Sofa,Furniture,East,3,13559.5,40678.5,9314.49
ORD000999,2025-03-22,Tablet,Electronics,South,1,76876.25,374297.77,33041.12
ORD005184,2025-03-22,Spices Pack,Groceries,South,3,1655.23,4965.69,430.15
ORD010152,2025-03-22,Dumbbell Set,Sports,Central,2,9995.41,19990.82,3159.06
ORD002520,2025-03-22,Dairy Bundle,Groceries,Central,3,1482.5,4447.5,632.7
ORD011980,2025-03-22,Bookshelf,Furniture,East,5,20357.36,101786.8,17150.07
ORD006211,2025-03-23,Laptop,Electronics,East,3,78408.51,235225.53,31080.45
ORD007559,2025-03-23,Badminton Kit,Sports,South,6,10223.41,61340.46,20173.53
ORD006410,2025-03-23,Rice,Groceries,North,1,911.24,911.24,92.28
ORD006048,2025-03-23,Snacks,Groceries,East,1,1271.31,1271.31,87.28
ORD002321,2025-03-23,Dumbbell Set,Sports,East,1,14213.37,14213.37,3021.53
ORD011000,2025-03-23,Badminton Kit,Sports,South,1,11793.67,11793.67,2652.94
ORD007595,2025-03-23,Chair,Furniture,East,2,7995.25,15990.5,2922.54
ORD005880,2025-03-23,Wardrobe,Furniture,West,1,27472.11,27472.11,4845.72
ORD002869,2025-03-23,Dress,Clothing,East,1,3255.05,3255.05,867.55
ORD005137,2025-03-23,Badminton Kit,Sports,West,5,14699.3,73496.5,12327.32
ORD009224,2025-03-23,Bookshelf,Furniture,West,3,11212.35,33637.05,5593.98
ORD008152,2025-03-23,Desk,Furniture,Central,5,12803.95,64019.75,9663.89
ORD009808,2025-03-23,Smartphone,Electronics,South,7,61697.68,431883.76,43503.93
ORD000864,2025-03-23,Spices Pack,Groceries,East,3,1067.9,3203.7,479.5
ORD007621,2025-03-23,Badminton Kit,Sports,North,4,14912.97,59651.88,15432.42
ORD007130,2025-03-23,Cycle,Sports,East,2,2699.17,5398.34,898.25
ORD012356,2025-03-23,Sofa,Furniture,North,2,14565.39,29130.78,3442.91
ORD011594,2025-03-23,Jacket,Clothing,East,4,4288.6,17154.4,3520.24
ORD011217,2025-03-23,Smartwatch,Electronics,East,1,9397.92,9397.92,1070.39
ORD005740,2025-03-23,Running Shoes,Sports,West,4,5059.91,20239.64,6391.26
ORD009695,2025-03-23,Dress,Clothing,North,4,2254.05,9016.2,2816.29
ORD001100,2025-03-23,Dairy Bundle,Groceries,South,3,1138.63,3415.89,300.74
ORD001925,2025-03-23,Spices Pack,Groceries,North,2,1458.03,2916.06,165.76
ORD012284,2025-03-23,Dumbbell Set,Sports,West,2,5668.93,11337.86,3922.47
ORD001242,2025-03-23,Rice,Groceries,South,1,1893.68,1893.68,122.86
ORD010267,2025-03-23,Running Shoes,Sports,South,1,6589.04,6589.04,1259.76
ORD012157,2025-03-23,Smartphone,Electronics,Central,2,39470.18,78940.36,9064.78
ORD003734,2025-03-23,Smartwatch,Electronics,South,1,68236.66,68236.66,10787.85
ORD000497,2025-03-23,Desk,Furniture,East,5,9620.06,48100.3,9068.57
ORD011720,2025-03-23,Rice,Groceries,West,2,222.64,445.28,51.27
ORD006767,2025-03-23,Laptop,Electronics,South,2,36344.69,382142.0,44454.83
ORD009056,2025-03-23,Sofa,Furniture,South,6,16170.07,97020.42,10942.17
ORD003682,2025-03-23,Sofa,Furniture,West,2,17137.11,34274.22,7795.33
ORD011777,2025-03-23,Dumbbell Set,Sports,Central,1,5891.29,5891.29,1077.9
ORD005445,2025-03-23,Spices Pack,Groceries,South,2,1656.54,3313.08,192.12
ORD002144,2025-03-23,T-Shirt,Clothing,West,2,4397.99,8795.98,3027.98
ORD004531,2025-03-23,Shoes,Clothing,West,1,4635.74,4635.74,1915.33
ORD002205,2025-03-23,Smartwatch,Electronics,East,1,35514.04,35514.04,5205.22
ORD002948,2025-03-24,Dairy Bundle,Groceries,North,3,981.48,2944.44,219.6
ORD011690,2025-03-24,Tablet,Electronics,Central,2,50114.32,100228.64,9054.66
ORD007704,2025-03-24,Tablet,Electronics,Central,2,60839.43,121678.86,13890.69
ORD010633,2025-03-24,Dairy Bundle,Groceries,Central,4,849.11,3396.44,407.22
ORD001332,2025-03-24,Spices Pack,Groceries,West,3,509.91,1529.73,180.17
ORD008221,2025-03-24,Rice,Groceries,South,7,850.22,5951.54,449.23
ORD009466,2025-03-24,Cycle,Sports,Central,5,6465.83,32329.15,10809.8
ORD004660,2025-03-24,Jeans,Clothing,South,1,3348.11,3348.11,1276.79
ORD003184,2025-03-24,Dress,Clothing,East,1,1976.82,1976.82,476.55
ORD001938,2025-03-24,Jeans,Clothing,South,2,497.0,994.0,302.97
ORD001662,2025-03-24,Spices Pack,Groceries,North,3,1556.38,4669.14,506.0
ORD003511,2025-03-24,T-Shirt,Clothing,South,4,2888.25,11553.0,4669.7
ORD012121,2025-03-24,Dumbbell Set,Sports,North,3,7104.02,119777.25,29184.93
ORD005366,2025-03-24,Rice,Groceries,North,2,791.89,1583.78,214.18
ORD009987,2025-03-24,Dress,Clothing,Central,4,2884.95,11539.8,4814.98
ORD002201,2025-03-24,Badminton Kit,Sports,South,2,2287.61,4575.22,1160.79
ORD005244,2025-03-24,Rice,Groceries,Central,4,118.92,475.68,68.36
ORD006368,2025-03-24,Wardrobe,Furniture,Central,1,9241.93,9241.93,1573.06
ORD011053,2025-03-24,Jeans,Clothing,East,1,686.88,686.88,201.82
ORD003051,2025-03-24,Dairy Bundle,Groceries,South,4,769.81,3079.24,376.49
ORD001189,2025-03-24,Running Shoes,Sports,East,5,4941.55,24707.75,7604.97
ORD009385,2025-03-24,Dairy Bundle,Groceries,Central,4,1431.28,5725.12,769.25
ORD006263,2025-03-24,Chair,Furniture,North,2,2452.75,4905.5,925.91
ORD009052,2025-03-24,Headphones,Electronics,South,1,17920.56,17920.56,1523.37
ORD006959,2025-03-24,Chair,Furniture,West,4,24530.81,98123.24,20652.4
ORD003942,2025-03-24,Jacket,Clothing,North,5,2883.22,14416.1,6082.94
ORD010920,2025-03-24,Dairy Bundle,Groceries,North,4,840.51,3362.04,332.36
ORD006509,2025-03-24,Jacket,Clothing,South,4,4281.12,17124.48,5736.98
ORD006363,2025-03-24,Bookshelf,Furniture,North,1,21550.52,21550.52,5149.03
ORD008343,2025-03-25,Cycle,Sports,East,3,4398.69,13196.07,2622.77
ORD010212,2025-03-25,Dress,Clothing,Central,2,3097.05,6194.1,2087.28
ORD002242,2025-03-25,Cycle,Sports,West,1,8525.34,8525.34,2251.18
ORD010223,2025-03-25,Sofa,Furniture,East,2,8099.09,16198.18,3263.91
ORD005606,2025-03-25,Snacks,Groceries,Central,4,368.94,1475.76,178.62
ORD008403,2025-03-25,Dress,Clothing,West,2,4448.25,8896.5,3930.6
ORD002696,2025-03-25,Chair,Furniture,North,5,5904.61,29523.05,5473.01
ORD011893,2025-03-25,Sofa,Furniture,Central,6,8554.74,51328.44,12639.43
ORD000424,2025-03-25,Rice,Groceries,East,3,262.16,786.48,117.73
ORD001707,2025-03-25,T-Shirt,Clothing,East,5,405.4,2027.0,588.05
ORD001446,2025-03-25,Dress,Clothing,East,1,1861.3,1861.3,695.02
ORD003230,2025-03-25,Wardrobe,Furniture,West,2,3150.31,6300.62,958.28
ORD001158,2025-03-25,Dairy Bundle,Groceries,East,4,1986.35,7945.4,501.74
ORD002284,2025-03-25,Badminton Kit,Sports,North,4,4214.78,16859.12,3272.86
ORD004182,2025-03-25,Smartwatch,Electronics,South,1,24804.53,24804.53,3333.84
ORD004186,2025-03-25,Bookshelf,Furniture,South,4,6377.28,25509.12,4223.16
ORD010446,2025-03-25,Running Shoes,Sports,South,2,12574.98,25149.96,7150.97
ORD009072,2025-03-25,Dumbbell Set,Sports,West,8,11037.96,88303.68,18626.71
ORD002138,2025-03-25,Snacks,Groceries,North,2,1243.43,2486.86,269.01
ORD003573,2025-03-25,Laptop,Electronics,East,3,75218.71,225656.13,37548.08
ORD005103,2025-03-25,Tablet,Electronics,East,2,19493.36,38986.72,4078.87
ORD010731,2025-03-25,Running Shoes,Sports,West,4,10943.56,43774.24,12340.13
ORD002133,2025-03-25,Bookshelf,Furniture,East,2,20471.33,40942.66,6808.97
ORD006616,2025-03-25,Dress,Clothing,Central,2,519.19,1038.38,319.91
ORD004486,2025-03-25,Cycle,Sports,North,1,2188.46,2188.46,589.34
ORD011294,2025-03-25,Badminton Kit,Sports,East,1,5249.5,5249.5,1217.24
ORD005395,2025-03-25,Chair,Furniture,East,3,22051.57,66154.71,10033.4
ORD010750,2025-03-25,Dress,Clothing,Central,3,1143.86,3431.58,1462.62
ORD005119,2025-03-25,Bookshelf,Furniture,South,1,23646.52,23646.52,3544.64
ORD004526,2025-03-25,Headphones,Electronics,East,3,66975.73,200927.19,29266.11
ORD000256,2025-03-26,Desk,Furniture,Central,3,19175.63,57526.89,9361.72
ORD004001,2025-03-26,Snacks,Groceries,North,2,1468.51,2937.02,348.71
ORD012492,2025-03-26,Headphones,Electronics,West,2,55732.35,111464.7,15637.19
ORD007541,2025-03-26,Cycle,Sports,West,2,10213.93,20427.86,4983.95
ORD000483,2025-03-26,Shoes,Clothing,West,3,1656.86,4970.58,1436.09
ORD006583,2025-03-26,Running Shoes,Sports,East,2,5122.58,10245.16,1641.83
ORD002141,2025-03-26,Dress,Clothing,West,2,1064.51,2129.02,816.67
ORD010167,2025-03-26,Desk,Furniture,North,3,23432.84,70298.52,10803.71
ORD010879,2025-03-26,Dumbbell Set,Sports,Central,3,12673.07,38019.21,11633.6
ORD011074,2025-03-26,Spices Pack,Groceries,West,3,652.81,1958.43,215.72
ORD007939,2025-03-26,Badminton Kit,Sports,West,1,2934.24,2934.24,445.81
ORD009931,2025-03-26,Badminton Kit,Sports,North,8,11137.84,89102.72,30002.0
ORD003006,2025-03-26,Snacks,Groceries,West,1,1627.02,1627.02,214.41
ORD010253,2025-03-26,Spices Pack,Groceries,East,5,910.01,4550.05,551.71
ORD011505,2025-03-26,Cycle,Sports,West,5,6722.29,193853.33,65478.6
ORD008918,2025-03-26,Cooking Oil,Groceries,Central,7,914.43,6401.01,469.75
ORD008582,2025-03-26,Dairy Bundle,Groceries,Central,4,1219.28,4877.12,690.21
ORD005004,2025-03-26,Tablet,Electronics,Central,2,10311.89,20623.78,3243.38
ORD008148,2025-03-26,Laptop,Electronics,Central,4,26620.55,106482.2,12679.62
ORD001133,2025-03-26,T-Shirt,Clothing,North,1,3153.32,3153.32,1128.34
ORD012206,2025-03-26,Wardrobe,Furniture,Central,6,23235.49,139412.94,20199.67
ORD005908,2025-03-26,Cycle,Sports,Central,2,3987.76,7975.52,2018.68
ORD010805,2025-03-26,Tablet,Electronics,South,3,30530.12,91590.36,11697.74
ORD007076,2025-03-26,Spices Pack,Groceries,North,8,1314.84,10518.72,1444.09
ORD002711,2025-03-26,Jeans,Clothing,Central,2,1203.61,2407.22,667.68
ORD008188,2025-03-26,Badminton Kit,Sports,Central,1,1780.1,1780.1,338.91
ORD012227,2025-03-27,Jeans,Clothing,South,6,1051.52,6309.12,1899.23
ORD002052,2025-03-27,Cooking Oil,Groceries,Central,2,1141.48,2282.96,154.02
ORD005911,2025-03-27,Cycle,Sports,Central,3,13870.9,41612.7,11707.51
ORD000951,2025-03-27,Jacket,Clothing,West,2,2904.86,5809.72,1169.54
ORD004279,2025-03-27,Badminton Kit,Sports,West,2,1472.86,2945.72,791.64
ORD002199,2025-03-27,Shoes,Clothing,South,3,1694.08,5082.24,1114.52
ORD004690,2025-03-27,Yoga Mat,Sports,East,2,13206.55,26413.1,5536.08
ORD001462,2025-03-27,Snacks,Groceries,North,2,1651.88,3303.76,225.19
ORD002992,2025-03-27,Laptop,Electronics,North,1,77146.41,77146.41,6584.49
ORD005129,2025-03-27,Yoga Mat,Sports,East,2,9024.34,18048.68,4517.21
ORD005921,2025-03-27,Shoes,Clothing,East,1,357.77,357.77,124.65
ORD005510,2025-03-27,Spices Pack,Groceries,East,2,855.97,1711.94,248.75
ORD010781,2025-03-27,Desk,Furniture,Central,1,22944.1,22944.1,2897.37
ORD003848,2025-03-27,Laptop,Electronics,West,3,75391.58,226174.74,36498.88
ORD008208,2025-03-27,Rice,Groceries,North,4,1171.46,4685.84,422.88
ORD000039,2025-03-27,Laptop,Electronics,South,2,63531.46,127062.92,11294.03
ORD008055,2025-03-27,Running Shoes,Sports,North,3,1173.51,3520.53,639.71
ORD007340,2025-03-27,Bookshelf,Furniture,Central,7,13343.53,93404.71,21565.1
ORD009610,2025-03-27,Sofa,Furniture,East,2,19529.25,39058.5,4836.08
ORD003775,2025-03-27,Smartphone,Electronics,North,1,67734.35,67734.35,11140.43
ORD001050,2025-03-27,T-Shirt,Clothing,North,2,4050.2,8100.4,2421.96
ORD006578,2025-03-27,Smartphone,Electronics,South,1,25385.42,25385.42,2220.67
ORD006917,2025-03-27,Snacks,Groceries,West,2,1406.44,2812.88,419.94
ORD003595,2025-03-27,Spices Pack,Groceries,Central,1,1053.68,1053.68,116.44
ORD004824,2025-03-27,Snacks,Groceries,South,3,1586.55,4759.65,490.6
ORD002187,2025-03-27,Wardrobe,Furniture,Central,3,3432.21,10296.63,1644.05
ORD008026,2025-03-27,Chair,Furniture,West,3,23212.35,69637.05,12454.22
ORD002094,2025-03-28,Cycle,Sports,South,1,2360.73,2360.73,627.24
ORD011577,2025-03-28,Sofa,Furniture,South,1,16896.2,16896.2,2776.77
ORD003930,2025-03-28,Dress,Clothing,North,1,940.94,4840.76,1206.18
ORD001580,2025-03-28,Shoes,Clothing,West,5,4176.29,20881.45,5702.64
ORD008384,2025-03-28,Desk,Furniture,South,1,16766.45,16766.45,2281.96
ORD010014,2025-03-28,Laptop,Electronics,South,2,18734.46,37468.92,3097.06
ORD003305,2025-03-28,Rice,Groceries,South,3,1879.48,5638.44,455.78
ORD000654,2025-03-28,Smartwatch,Electronics,Central,1,59414.26,59414.26,10469.23
ORD012032,2025-03-28,Wardrobe,Furniture,North,4,20230.21,80920.84,16979.68
ORD002026,2025-03-28,Dairy Bundle,Groceries,South,1,1875.42,1875.42,223.0
ORD000234,2025-03-28,Jeans,Clothing,East,1,1642.85,1642.85,685.31
ORD005612,2025-03-28,Desk,Furniture,North,4,23415.74,93662.96,22224.01
ORD012066,2025-03-28,Dumbbell Set,Sports,Central,3,5571.22,16713.66,5734.65
ORD002335,2025-03-28,Dairy Bundle,Groceries,Central,5,1374.92,6874.6,822.91
ORD008843,2025-03-28,Dumbbell Set,Sports,South,2,9072.18,18144.36,6238.45
ORD006920,2025-03-28,Bookshelf,Furniture,North,2,14979.46,29958.92,6310.05
ORD009818,2025-03-28,Dumbbell Set,Sports,Central,3,6401.1,19203.3,5141.97
ORD002298,2025-03-28,Snacks,Groceries,Central,1,912.19,5191.79,594.57
ORD007569,2025-03-28,T-Shirt,Clothing,East,1,429.18,429.18,115.2
ORD006552,2025-03-28,Snacks,Groceries,West,2,481.65,963.3,122.75
ORD009133,2025-03-28,Spices Pack,Groceries,Central,2,1142.22,2284.44,294.2
ORD008366,2025-03-28,Shoes,Clothing,East,2,3017.26,6034.52,1286.24
ORD006128,2025-03-28,Bookshelf,Furniture,Central,3,24329.69,72989.07,13822.02
ORD008597,2025-03-28,Rice,Groceries,West,2,769.72,1539.44,147.36
ORD011438,2025-03-28,Shoes,Clothing,North,4,3726.14,14904.56,5408.23
ORD006649,2025-03-28,Snacks,Groceries,West,2,1945.32,3890.64,477.48
ORD010919,2025-03-28,Dress,Clothing,North,1,3557.62,3557.62,1072.86
ORD008119,2025-03-28,Laptop,Electronics,Central,5,15834.13,79170.65,15189.33
ORD006057,2025-03-28,Cycle,Sports,Central,6,4378.92,26273.52,8250.2
ORD009000,2025-03-28,Laptop,Electronics,North,3,57826.21,173478.63,30980.64
ORD011689,2025-03-28,Wardrobe,Furniture,Central,2,4257.12,8514.24,1830.7
ORD010711,2025-03-28,Sofa,Furniture,North,5,24135.57,120677.85,15710.99
ORD005080,2025-03-29,Cooking Oil,Groceries,East,2,1812.66,12770.9,1703.53
ORD007994,2025-03-29,Dress,Clothing,West,1,4906.0,4906.0,1373.31
ORD001873,2025-03-29,Dress,Clothing,South,4,332.33,1329.32,336.47
ORD004627,2025-03-29,Sofa,Furniture,West,2,8959.0,17918.0,2609.28
ORD003673,2025-03-29,Running Shoes,Sports,East,3,7932.36,23797.08,4844.01
ORD004271,2025-03-29,Yoga Mat,Sports,South,1,8994.86,8994.86,2562.08
ORD012422,2025-03-29,Cycle,Sports,West,1,13108.76,13108.76,3605.95
ORD007462,2025-03-29,Cycle,Sports,East,2,13854.93,165720.75,42593.77
ORD006210,2025-03-29,Shoes,Clothing,South,1,3970.58,3970.58,1158.09
ORD003647,2025-03-29,Shoes,Clothing,East,1,798.81,798.81,258.17
ORD009658,2025-03-29,Rice,Groceries,South,3,824.92,2474.76,364.52
ORD011191,2025-03-29,Dumbbell Set,Sports,East,5,7142.0,35710.0,8499.28
ORD006202,2025-03-29,Smartphone,Electronics,North,1,37608.37,37608.37,4221.75
ORD006251,2025-03-29,Jacket,Clothing,East,1,4091.56,4091.56,835.23
ORD007413,2025-03-29,Desk,Furniture,South,5,13016.55,65082.75,7795.47
ORD003583,2025-03-29,Sofa,Furniture,Central,3,21911.41,65734.23,7085.82
ORD000842,2025-03-29,Desk,Furniture,Central,1,19947.22,19947.22,4455.65
ORD003764,2025-03-29,Badminton Kit,Sports,North,4,8987.94,35951.76,9330.32
ORD008755,2025-03-29,Cooking Oil,Groceries,West,2,428.23,856.46,115.85
ORD007412,2025-03-29,Running Shoes,Sports,North,1,4965.18,4965.18,1021.46
ORD011473,2025-03-29,Yoga Mat,Sports,East,2,5827.12,11654.24,3754.51
ORD003926,2025-03-29,Dairy Bundle,Groceries,East,2,676.12,1352.24,162.0
ORD007768,2025-03-29,Laptop,Electronics,North,2,26972.82,53945.64,10156.72
ORD011374,2025-03-29,Running Shoes,Sports,East,6,13362.51,80175.06,15957.21
ORD003550,2025-03-29,Dairy Bundle,Groceries,East,1,549.6,549.6,76.38
ORD012316,2025-03-29,Cooking Oil,Groceries,South,1,883.98,883.98,126.12
ORD001488,2025-03-29,Spices Pack,Groceries,North,1,830.27,830.27,43.61
ORD009238,2025-03-29,Smartwatch,Electronics,East,1,73185.26,73185.26,10915.01
ORD002951,2025-03-29,Bookshelf,Furniture,East,1,19683.24,19683.24,3571.35
ORD000958,2025-03-29,Cycle,Sports,North,5,7004.85,35024.25,10311.64
ORD010763,2025-03-29,Yoga Mat,Sports,South,5,8866.09,44330.45,7358.73
ORD006435,2025-03-29,T-Shirt,Clothing,East,2,3049.2,6098.4,2233.85
ORD010629,2025-03-29,Chair,Furniture,East,4,12076.58,48306.32,6817.53
ORD001415,2025-03-29,Badminton Kit,Sports,West,3,6716.18,20148.54,3139.83
ORD002829,2025-03-29,Dairy Bundle,Groceries,North,2,1384.77,2769.54,376.27
ORD002859,2025-03-29,Tablet,Electronics,East,4,21557.78,86231.12,10041.46
ORD005520,2025-03-29,Shoes,Clothing,West,1,4643.5,4643.5,1828.74
ORD009098,2025-03-29,Desk,Furniture,East,3,18091.86,54275.58,9991.94
ORD004220,2025-03-30,Dress,Clothing,East,4,3311.34,13245.36,4019.72
ORD011290,2025-03-30,Wardrobe,Furniture,East,2,15263.77,30527.54,5423.3
ORD004735,2025-03-30,Dumbbell Set,Sports,West,1,7926.46,7926.46,1759.9
ORD002116,2025-03-30,Wardrobe,Furniture,West,3,21648.67,64946.01,11915.62
ORD002115,2025-03-30,Bookshelf,Furniture,North,2,15053.08,30106.16,3868.35
ORD005708,2025-03-30,Spices Pack,Groceries,East,4,890.24,3560.96,286.79
ORD004234,2025-03-30,Spices Pack,Groceries,North,1,929.88,929.88,94.86
ORD005474,2025-03-30,Rice,Groceries,South,5,210.45,1052.25,150.38
ORD009889,2025-03-30,Spices Pack,Groceries,South,1,840.1,840.1,85.57
ORD011958,2025-03-30,Laptop,Electronics,East,4,26419.26,105677.04,10696.43
ORD004640,2025-03-30,Sofa,Furniture,West,3,2664.06,7992.18,894.87
ORD008944,2025-03-30,Wardrobe,Furniture,West,3,10903.33,32709.99,5853.85
ORD010405,2025-03-30,Cycle,Sports,West,1,7429.3,7429.3,2324.93
ORD011326,2025-03-30,Sofa,Furniture,North,1,3670.87,3670.87,627.09
ORD009641,2025-03-30,Cooking Oil,Groceries,North,4,891.33,3565.32,522.49
ORD009349,2025-03-30,Desk,Furniture,South,2,26133.48,52266.96,7820.59
ORD000609,2025-03-30,Cycle,Sports,North,1,1694.53,1694.53,484.8
ORD000617,2025-03-30,Badminton Kit,Sports,North,1,3590.02,3590.02,560.86
ORD010006,2025-03-30,Rice,Groceries,East,6,887.51,5325.06,283.75
ORD007056,2025-03-30,Yoga Mat,Sports,Central,1,12526.98,12526.98,3389.12
ORD002645,2025-03-30,Snacks,Groceries,South,5,283.72,1418.6,173.13
ORD010861,2025-03-30,Cooking Oil,Groceries,West,1,1135.07,1135.07,94.38
ORD007680,2025-03-30,Sofa,Furniture,Central,6,13154.57,78927.42,11670.55
ORD006763,2025-03-30,Headphones,Electronics,South,1,48195.91,48195.91,8837.37
ORD001333,2025-03-30,Headphones,Electronics,South,1,51758.15,51758.15,5974.76
ORD000468,2025-03-30,Dress,Clothing,Central,4,1106.89,4427.56,1186.93
ORD008352,2025-03-30,Jacket,Clothing,Central,1,999.09,999.09,343.88
ORD009170,2025-03-30,Cooking Oil,Groceries,South,4,829.96,3319.84,346.6
ORD011786,2025-03-30,Cycle,Sports,East,1,4361.53,4361.53,1155.07
ORD007892,2025-03-30,Chair,Furniture,South,2,9079.41,18158.82,2883.57
ORD000565,2025-03-30,Cycle,Sports,East,1,5903.98,5903.98,1192.31
ORD003719,2025-03-30,Yoga Mat,Sports,Central,1,3555.25,3555.25,695.08
ORD011281,2025-03-30,Rice,Groceries,West,4,1654.91,6619.64,693.48
ORD003538,2025-03-30,Headphones,Electronics,North,1,44265.81,44265.81,4511.35
ORD008599,2025-03-30,Dairy Bundle,Groceries,West,6,296.08,1776.48,183.52
ORD010224,2025-03-30,Dress,Clothing,North,2,728.32,1456.64,344.93
ORD007511,2025-03-30,Jacket,Clothing,Central,3,1580.21,4740.63,1934.25
ORD002108,2025-03-30,Cycle,Sports,West,2,9747.73,19495.46,6121.84
ORD011966,2025-03-31,Sofa,Furniture,West,2,4426.41,8852.82,1273.43
ORD009900,2025-03-31,Bookshelf,Furniture,North,1,26144.19,26144.19,3957.74
ORD010644,2025-03-31,T-Shirt,Clothing,West,2,3795.42,7590.84,2267.79
ORD010242,2025-03-31,Shoes,Clothing,South,3,4332.27,12996.81,4170.97
ORD000198,2025-03-31,Wardrobe,Furniture,East,1,11542.5,11542.5,2765.74
ORD006777,2025-03-31,Running Shoes,Sports,West,2,12263.69,24527.38,4740.86
ORD004435,2025-03-31,Jeans,Clothing,East,4,3350.68,13402.72,3854.07
ORD004006,2025-03-31,Dress,Clothing,East,1,4245.22,4245.22,1324.69
ORD011725,2025-03-31,Jacket,Clothing,West,1,4145.05,4145.05,1017.68
ORD005563,2025-03-31,Badminton Kit,Sports,East,2,763.29,1526.58,449.57
ORD004822,2025-03-31,Wardrobe,Furniture,Central,1,11006.55,11006.55,1318.85
ORD008808,2025-03-31,Dumbbell Set,Sports,Central,3,10869.99,32609.97,7301.23
ORD005196,2025-03-31,Dumbbell Set,Sports,East,2,13352.46,26704.92,6898.88
ORD008205,2025-03-31,Chair,Furniture,West,8,15894.58,127156.64,29887.09
ORD010008,2025-03-31,Yoga Mat,Sports,Central,1,5458.79,5458.79,1800.95
ORD010668,2025-03-31,Cycle,Sports,South,1,7765.52,7765.52,2188.25
ORD002591,2025-03-31,Smartwatch,Electronics,West,5,35934.04,179670.2,32259.41
ORD001416,2025-03-31,Badminton Kit,Sports,Central,1,7472.91,7472.91,2111.0
ORD010188,2025-03-31,Chair,Furniture,East,3,14093.9,42281.7,7759.47
ORD008969,2025-03-31,Wardrobe,Furniture,North,3,20381.17,61143.51,10390.03
ORD008688,2025-03-31,Dress,Clothing,South,4,1562.74,6250.96,2524.11
ORD000568,2025-03-31,Snacks,Groceries,East,2,1398.19,2796.38,161.11
ORD010344,2025-03-31,T-Shirt,Clothing,South,2,2692.32,5384.64,1502.55
ORD008461,2025-03-31,Laptop,Electronics,West,5,55633.91,278169.55,27689.83
ORD001524,2025-03-31,Cooking Oil,Groceries,East,3,903.18,2709.54,229.37
ORD005399,2025-03-31,Dress,Clothing,West,6,2219.89,13319.34,3824.99
ORD010293,2025-03-31,Jeans,Clothing,West,2,2425.21,4850.42,2043.32
ORD001045,2025-03-31,Laptop,Electronics,Central,5,67191.43,335957.15,42213.15
ORD006506,2025-04-01,Headphones,Electronics,South,1,48718.8,48718.8,7623.35
ORD008790,2025-04-01,Dress,Clothing,South,5,615.64,3078.2,1178.21
ORD000570,2025-04-01,Desk,Furniture,East,5,15456.42,77282.1,14595.59
ORD010158,2025-04-01,Cooking Oil,Groceries,West,2,782.63,1565.26,78.83
ORD011757,2025-04-01,Cooking Oil,Groceries,Central,1,1047.93,1047.93,74.56
ORD000944,2025-04-01,Desk,Furniture,North,6,2261.29,13567.74,1858.81
ORD010499,2025-04-01,Cooking Oil,Groceries,East,2,1664.79,3329.58,270.91
ORD009326,2025-04-01,Jeans,Clothing,Central,1,1878.83,1878.83,498.2
ORD010069,2025-04-01,Cycle,Sports,South,1,4150.5,4150.5,770.35
ORD007836,2025-04-01,Running Shoes,Sports,West,1,9437.17,34836.54,9998.3
ORD002204,2025-04-01,Cycle,Sports,South,7,14260.22,99821.54,17819.27
ORD002799,2025-04-01,Bookshelf,Furniture,East,2,11947.95,128012.38,25906.73
ORD000712,2025-04-01,Bookshelf,Furniture,West,8,3164.04,25312.32,3094.47
ORD011559,2025-04-01,Tablet,Electronics,North,1,46650.25,46650.25,7363.37
ORD000968,2025-04-01,Badminton Kit,Sports,Central,7,10308.79,72161.53,22442.08
ORD002474,2025-04-01,Smartphone,Electronics,North,2,52871.15,105742.3,17869.95
ORD003561,2025-04-01,Chair,Furniture,North,5,27408.97,137044.85,16222.3
ORD007517,2025-04-01,Bookshelf,Furniture,Central,2,3155.55,6311.1,1500.96
ORD002123,2025-04-01,Bookshelf,Furniture,South,7,13543.83,94806.81,22773.5
ORD003981,2025-04-01,Wardrobe,Furniture,Central,1,26608.67,26608.67,3917.86
ORD000356,2025-04-01,Smartphone,Electronics,West,6,62736.41,376418.46,57018.61
ORD001560,2025-04-01,Dress,Clothing,South,2,1467.37,2934.74,744.25
ORD007593,2025-04-01,Smartwatch,Electronics,South,3,8760.83,26282.49,4226.8
ORD001017,2025-04-01,Yoga Mat,Sports,West,2,7227.02,14454.04,4977.99
ORD001605,2025-04-02,Tablet,Electronics,West,6,39623.16,237738.96,36437.21
ORD009335,2025-04-02,Headphones,Electronics,North,1,78213.85,78213.85,15327.39
ORD000809,2025-04-02,T-Shirt,Clothing,Central,2,4972.45,9944.9,3634.46
ORD008431,2025-04-02,Jacket,Clothing,West,3,2396.47,7189.41,1998.82
ORD001511,2025-04-02,Sofa,Furniture,East,1,10001.23,10001.23,1649.35
ORD012017,2025-04-02,Snacks,Groceries,Central,2,375.71,751.42,69.21
ORD006871,2025-04-02,Smartwatch,Electronics,South,3,27601.82,82805.46,7428.01
ORD009529,2025-04-02,Chair,Furniture,South,5,20862.32,104311.6,11508.56
ORD007534,2025-04-02,Smartphone,Electronics,North,5,10090.87,50454.35,7776.47
ORD005463,2025-04-02,Laptop,Electronics,Central,3,62010.82,186032.46,19676.74
ORD008651,2025-04-02,Tablet,Electronics,South,4,39199.0,156796.0,22842.88
ORD011612,2025-04-02,Dress,Clothing,South,1,742.49,742.49,189.4
ORD000729,2025-04-02,Laptop,Electronics,North,4,57645.93,230583.72,37165.85
ORD003832,2025-04-02,Shoes,Clothing,Central,3,3956.03,11868.09,3858.19
ORD011325,2025-04-02,Snacks,Groceries,West,2,1361.41,2722.82,254.52
ORD008332,2025-04-02,Running Shoes,Sports,South,3,13101.18,39303.54,10952.52
ORD008485,2025-04-02,Dress,Clothing,Central,1,3796.27,3796.27,1208.58
ORD002825,2025-04-02,Desk,Furniture,North,1,19518.2,19518.2,3652.12
ORD003438,2025-04-02,Dumbbell Set,Sports,South,4,12910.92,51643.68,12236.23
ORD011561,2025-04-02,Jacket,Clothing,South,5,3919.05,19595.25,5680.03
ORD005730,2025-04-02,Smartphone,Electronics,West,2,73166.34,146332.68,26972.16
ORD006913,2025-04-02,Bookshelf,Furniture,Central,1,18771.72,18771.72,2557.3
ORD006105,2025-04-02,Jeans,Clothing,North,2,1953.59,3907.18,1008.63
ORD000380,2025-04-02,Bookshelf,Furniture,North,8,27028.99,216231.92,47201.18
ORD003537,2025-04-02,Running Shoes,Sports,East,3,9536.0,28608.0,4717.05
ORD010287,2025-04-02,Laptop,Electronics,West,1,8937.82,8937.82,1354.47
ORD001499,2025-04-02,Sofa,Furniture,South,5,6403.65,32018.25,4689.65
ORD004340,2025-04-02,Running Shoes,Sports,North,4,8239.02,32956.08,5891.46
ORD004795,2025-04-02,Dress,Clothing,West,5,1971.42,9857.1,3920.67
ORD008354,2025-04-02,Laptop,Electronics,West,4,74295.07,297180.28,58494.86
ORD007775,2025-04-02,Dress,Clothing,South,2,405.02,810.04,325.78
ORD005666,2025-04-02,Tablet,Electronics,West,2,68047.33,136094.66,13178.62
ORD007694,2025-04-02,Cooking Oil,Groceries,Central,3,539.73,1619.19,121.72
ORD000967,2025-04-02,Laptop,Electronics,West,1,48367.53,48367.53,7372.11
ORD003022,2025-04-02,Shoes,Clothing,East,2,2309.45,4618.9,1109.53
ORD006991,2025-04-02,Headphones,Electronics,East,8,16151.89,129215.12,23404.26
ORD011717,2025-04-02,Cycle,Sports,West,1,11498.9,11498.9,1872.9
ORD002103,2025-04-02,Sofa,Furniture,East,6,5025.25,30151.5,5179.23
ORD000022,2025-04-02,Tablet,Electronics,Central,2,10475.97,20951.94,3962.4
ORD009478,2025-04-02,Sofa,Furniture,East,1,9251.89,9251.89,2176.51
ORD011539,2025-04-02,Shoes,Clothing,West,8,2674.4,21395.2,7450.37
ORD000959,2025-04-02,Desk,Furniture,South,4,26813.48,107253.92,20266.34
ORD003948,2025-04-03,Smartwatch,Electronics,South,2,43324.18,86648.36,15757.19
ORD005408,2025-04-03,Jacket,Clothing,Central,1,3616.41,3616.41,1245.26
ORD001616,2025-04-03,Smartphone,Electronics,North,5,45384.17,226920.85,34703.08
ORD010802,2025-04-03,Jeans,Clothing,East,8,3719.64,29757.12,6512.23
ORD006342,2025-04-03,Jeans,Clothing,East,1,2168.03,2168.03,547.66
ORD010296,2025-04-03,Desk,Furniture,West,2,16992.57,33985.14,7786.68
ORD005686,2025-04-03,T-Shirt,Clothing,East,3,4684.92,14054.76,3660.75
ORD001612,2025-04-03,T-Shirt,Clothing,Central,2,692.71,1385.42,283.71
ORD012221,2025-04-03,Smartphone,Electronics,North,3,26551.66,79654.98,6665.38
ORD005939,2025-04-03,Desk,Furniture,West,2,24487.48,48974.96,8031.95
ORD007075,2025-04-03,Dairy Bundle,Groceries,West,2,367.41,734.82,48.25
ORD000218,2025-04-03,Jacket,Clothing,North,5,695.3,3476.5,1304.53
ORD002381,2025-04-03,Wardrobe,Furniture,South,1,15530.5,15530.5,3852.1
ORD008491,2025-04-03,Yoga Mat,Sports,Central,3,11970.74,35912.22,7936.01
ORD008947,2025-04-03,Desk,Furniture,North,1,28356.12,28356.12,5496.85
ORD004899,2025-04-03,Desk,Furniture,North,3,27921.05,83763.15,16484.74
ORD003974,2025-04-03,Wardrobe,Furniture,East,3,19498.43,58495.29,12244.85
ORD007841,2025-04-03,Shoes,Clothing,South,8,4154.13,33233.04,6725.33
ORD009013,2025-04-03,Smartwatch,Electronics,South,5,57750.14,288750.7,53832.39
ORD002636,2025-04-03,T-Shirt,Clothing,South,1,1205.58,1205.58,280.02
ORD003662,2025-04-03,T-Shirt,Clothing,East,1,2567.07,2567.07,964.49
ORD009787,2025-04-03,Desk,Furniture,Central,1,25693.82,25693.82,4322.33
ORD004746,2025-04-03,Running Shoes,Sports,North,1,7769.59,31963.65,5071.97
ORD008838,2025-04-03,Jacket,Clothing,South,1,2980.13,2980.13,1019.47
ORD003904,2025-04-03,Sofa,Furniture,South,1,22144.88,22144.88,5053.14
ORD000286,2025-04-03,Headphones,Electronics,Central,2,45007.24,90014.48,15665.97
ORD012023,2025-04-03,Spices Pack,Groceries,South,5,812.96,4064.8,360.08
ORD006420,2025-04-03,Desk,Furniture,East,2,7385.61,14771.22,2076.96
ORD001773,2025-04-03,Rice,Groceries,North,4,1742.85,6971.4,456.57
ORD007399,2025-04-03,Sofa,Furniture,East,5,10118.24,50591.2,6475.8
ORD009402,2025-04-03,Jeans,Clothing,South,1,2308.22,2308.22,705.34
ORD011017,2025-04-03,Sofa,Furniture,North,3,21075.8,63227.4,15672.19
ORD003903,2025-04-03,Running Shoes,Sports,South,2,2171.87,4343.74,744.51
ORD010702,2025-04-03,Running Shoes,Sports,Central,1,1867.7,1867.7,477.63
ORD010721,2025-04-03,Sofa,Furniture,North,1,15313.55,15313.55,1689.93
ORD002839,2025-04-03,Chair,Furniture,Central,2,18234.2,36468.4,4557.66
ORD005415,2025-04-03,Tablet,Electronics,South,1,69332.25,69332.25,9908.34
ORD008535,2025-04-03,Dumbbell Set,Sports,East,3,11340.85,118240.05,37839.63
ORD011276,2025-04-03,Dumbbell Set,Sports,West,1,5585.39,5585.39,1319.93
ORD012468,2025-04-03,Dairy Bundle,Groceries,East,1,609.66,609.66,80.51
ORD007625,2025-04-03,Smartwatch,Electronics,East,2,65544.35,131088.7,14758.49
ORD003053,2025-04-03,Snacks,Groceries,North,5,340.61,1703.05,115.56
ORD007676,2025-04-04,Sofa,Furniture,North,1,2339.85,2339.85,405.49
ORD007101,2025-04-04,Shoes,Clothing,West,1,2500.66,2500.66,1055.48
ORD009636,2025-04-04,Smartwatch,Electronics,East,1,43604.18,43604.18,8675.73
ORD011879,2025-04-04,Desk,Furniture,Central,3,10651.34,31954.02,3404.18
ORD000037,2025-04-04,Cooking Oil,Groceries,West,1,110.49,110.49,14.53
ORD009380,2025-04-04,Bookshelf,Furniture,West,1,18429.47,18429.47,3666.54
ORD002272,2025-04-04,Bookshelf,Furniture,North,3,7991.85,23975.55,3416.34
ORD011411,2025-04-04,Jacket,Clothing,East,4,1049.37,4197.48,1563.3
ORD006632,2025-04-04,Badminton Kit,Sports,West,5,10189.44,50947.2,14946.73
ORD008727,2025-04-04,Cycle,Sports,North,2,8341.78,16683.56,2832.44
ORD006757,2025-04-04,Sofa,Furniture,Central,1,22932.09,22932.09,4806.14
ORD011636,2025-04-04,Smartwatch,Electronics,South,1,44798.49,44798.49,3896.99
ORD009573,2025-04-04,Spices Pack,Groceries,North,1,339.29,339.29,23.39
ORD000470,2025-04-04,Bookshelf,Furniture,North,2,5297.03,10594.06,1975.55
ORD010086,2025-04-04,Bookshelf,Furniture,East,1,29685.62,29685.62,3289.29
ORD003683,2025-04-04,Yoga Mat,Sports,North,3,7461.96,22385.88,5028.8
ORD006235,2025-04-04,Bookshelf,Furniture,East,2,17437.26,34874.52,6654.41
ORD001142,2025-04-04,Wardrobe,Furniture,East,7,15229.81,106608.67,11390.85
ORD012264,2025-04-04,Badminton Kit,Sports,Central,8,3564.82,28518.56,4504.39
ORD000113,2025-04-04,Headphones,Electronics,East,2,27094.57,54189.14,5921.72
ORD001008,2025-04-04,Jacket,Clothing,West,3,2802.38,8407.14,2545.46
ORD006224,2025-04-04,Desk,Furniture,East,2,16220.14,32440.28,8101.83
ORD008422,2025-04-04,Cooking Oil,Groceries,South,4,1666.8,6667.2,830.04
ORD002241,2025-04-04,Dress,Clothing,North,2,1058.85,2117.7,673.29
ORD008045,2025-04-04,Jacket,Clothing,North,2,3333.81,6667.62,2910.71
ORD004022,2025-04-04,Smartwatch,Electronics,South,4,10950.43,43801.72,7210.1
ORD010513,2025-04-04,Jeans,Clothing,South,4,4277.27,17109.08,6921.64
ORD003148,2025-04-04,Snacks,Groceries,West,1,1749.39,1749.39,241.63
ORD011950,2025-04-04,Yoga Mat,Sports,East,4,8884.0,35536.0,12352.71
ORD003243,2025-04-04,Headphones,Electronics,West,1,22028.52,22028.52,3061.08
ORD000815,2025-04-04,Running Shoes,Sports,West,8,1901.81,15214.48,3652.6
ORD005931,2025-04-04,Tablet,Electronics,East,4,73564.1,294256.4,24064.18
ORD002390,2025-04-04,Wardrobe,Furniture,West,2,8752.63,17505.26,2363.82
ORD011163,2025-04-04,Laptop,Electronics,South,4,49443.04,197772.16,29231.95
ORD007257,2025-04-05,T-Shirt,Clothing,East,2,786.15,1572.3,405.32
ORD008932,2025-04-05,Desk,Furniture,Central,2,10186.43,20372.86,2501.97
ORD008229,2025-04-05,Yoga Mat,Sports,West,2,10284.55,20569.1,6184.92
ORD001941,2025-04-05,Yoga Mat,Sports,East,3,7785.2,23355.6,6920.2
ORD005180,2025-04-05,Laptop,Electronics,West,4,15226.46,60905.84,9504.57
ORD000821,2025-04-05,Running Shoes,Sports,East,2,8329.38,16658.76,5304.26
ORD009877,2025-04-05,Cycle,Sports,North,2,1260.93,2521.86,670.37
ORD004366,2025-04-05,Wardrobe,Furniture,South,3,6930.5,20791.5,4397.4
ORD002541,2025-04-05,Cycle,Sports,South,1,1585.99,1585.99,271.57
ORD002772,2025-04-05,Tablet,Electronics,East,3,70495.97,211487.91,37937.19
ORD002862,2025-04-05,Smartwatch,Electronics,Central,1,65281.64,65281.64,6330.1
ORD002497,2025-04-05,Desk,Furniture,Central,1,11565.95,51085.24,10077.57
ORD010172,2025-04-05,Shoes,Clothing,West,2,2374.58,4749.16,1024.61
ORD001917,2025-04-05,Dress,Clothing,West,4,4171.03,16684.12,4941.05
ORD010509,2025-04-05,Bookshelf,Furniture,North,6,19548.44,117290.64,23783.72
ORD005067,2025-04-05,Rice,Groceries,West,6,1285.5,7713.0,740.7
ORD009831,2025-04-05,Sofa,Furniture,East,1,29241.92,108370.4,12065.72
ORD011931,2025-04-05,Smartwatch,Electronics,North,5,9214.44,46072.2,7692.41
ORD005465,2025-04-05,Snacks,Groceries,North,6,1196.45,7178.7,985.6
ORD005062,2025-04-05,Laptop,Electronics,North,2,72128.0,144256.0,23978.77
ORD004359,2025-04-05,Desk,Furniture,North,6,16712.1,100272.6,20428.12
ORD000717,2025-04-05,Shoes,Clothing,South,2,2597.58,5195.16,1905.15
ORD010117,2025-04-05,Laptop,Electronics,South,1,67558.75,67558.75,11638.89
ORD004497,2025-04-05,Running Shoes,Sports,North,1,5435.58,5435.58,1333.42
ORD004654,2025-04-05,Laptop,Electronics,Central,1,26173.79,26173.79,4392.31
ORD007752,2025-04-05,Sofa,Furniture,South,2,12202.31,24404.62,5876.39
ORD003739,2025-04-05,Spices Pack,Groceries,South,1,1368.09,1368.09,70.15
ORD002385,2025-04-05,Dress,Clothing,North,1,3619.95,3619.95,1036.74
ORD006528,2025-04-05,Smartwatch,Electronics,South,7,11043.37,77303.59,11627.28
ORD012275,2025-04-05,Sofa,Furniture,Central,2,28160.55,56321.1,5806.37
ORD007870,2025-04-05,Jeans,Clothing,Central,2,1896.36,3792.72,1164.51
ORD006532,2025-04-05,Jeans,Clothing,North,3,1213.33,3639.99,1614.28
ORD001193,2025-04-05,Spices Pack,Groceries,Central,2,705.85,1411.7,152.77
ORD009369,2025-04-05,Sofa,Furniture,West,2,14713.83,29427.66,4166.48
ORD006488,2025-04-05,Dumbbell Set,Sports,South,2,14742.84,29485.68,8601.68
ORD005691,2025-04-05,Jacket,Clothing,Central,1,2299.53,2299.53,894.23
ORD000739,2025-04-05,Dumbbell Set,Sports,South,1,12213.77,12213.77,3694.14
ORD004982,2025-04-05,Bookshelf,Furniture,Central,1,15559.45,15559.45,2839.55
ORD006042,2025-04-06,Jacket,Clothing,West,6,543.09,3258.54,823.63
ORD007007,2025-04-06,Dress,Clothing,South,1,1495.4,1495.4,587.89
ORD010769,2025-04-06,Badminton Kit,Sports,North,4,8391.55,33566.2,5297.12
ORD010997,2025-04-06,Dairy Bundle,Groceries,South,1,887.06,887.06,75.23
ORD007327,2025-04-06,Desk,Furniture,East,1,12391.13,12391.13,2535.53
ORD007989,2025-04-06,Smartphone,Electronics,East,5,41631.47,208157.35,37509.31
ORD005795,2025-04-06,Jeans,Clothing,North,4,3986.88,15947.52,5895.45
ORD005800,2025-04-06,Headphones,Electronics,North,1,23485.15,23485.15,3728.21
ORD012315,2025-04-06,Rice,Groceries,South,1,1881.06,1881.06,95.99
ORD006061,2025-04-06,Smartphone,Electronics,East,4,33127.64,132510.56,17817.69
ORD012477,2025-04-06,Desk,Furniture,North,1,7622.35,7622.35,1108.34
ORD007077,2025-04-06,Badminton Kit,Sports,East,1,6437.7,6437.7,1183.92
ORD003191,2025-04-06,Headphones,Electronics,South,1,51238.5,51238.5,7358.17
ORD003532,2025-04-06,Snacks,Groceries,North,1,1386.48,1386.48,177.26
ORD002961,2025-04-06,Snacks,Groceries,South,1,308.02,308.02,45.15
ORD003342,2025-04-06,Jacket,Clothing,Central,1,4362.69,4362.69,1209.96
ORD009882,2025-04-06,Laptop,Electronics,Central,3,72581.34,217744.02,25038.44
ORD003054,2025-04-06,Cycle,Sports,North,3,7648.94,22946.82,3818.07
ORD003160,2025-04-06,Rice,Groceries,East,8,1330.67,10645.36,563.46
ORD002312,2025-04-06,Running Shoes,Sports,East,1,2627.08,2627.08,756.77
ORD008441,2025-04-06,Jeans,Clothing,North,1,2669.25,2669.25,1076.01
ORD006091,2025-04-06,Jeans,Clothing,South,3,1606.23,4818.69,2036.28
ORD005979,2025-04-06,Sofa,Furniture,North,4,20996.98,83987.92,20417.66
ORD004180,2025-04-06,Dress,Clothing,North,7,542.92,3800.44,910.71
ORD003417,2025-04-06,Chair,Furniture,East,2,16322.72,32645.44,7762.37
ORD005556,2025-04-06,Headphones,Electronics,Central,3,54196.64,162589.92,17094.44
ORD008821,2025-04-06,Badminton Kit,Sports,South,3,4541.54,13624.62,3467.86
ORD008620,2025-04-06,Shoes,Clothing,South,1,3947.81,3947.81,1730.55
ORD008787,2025-04-06,Desk,Furniture,West,8,18275.92,146207.36,17008.63
ORD003729,2025-04-06,Cycle,Sports,North,2,9312.56,18625.12,4301.31
ORD009830,2025-04-06,Spices Pack,Groceries,North,2,1751.97,3503.94,340.12
ORD009049,2025-04-06,Bookshelf,Furniture,North,1,2994.09,2994.09,726.44
ORD010993,2025-04-06,Headphones,Electronics,West,3,29022.27,87066.81,16583.93
ORD008464,2025-04-06,Tablet,Electronics,West,6,20022.41,120134.46,13464.73
ORD003858,2025-04-06,Desk,Furniture,West,1,4026.54,4026.54,978.93
ORD011874,2025-04-06,Bookshelf,Furniture,Central,3,3768.99,11306.97,2637.55
ORD007418,2025-04-06,Headphones,Electronics,Central,1,58515.15,58515.15,7732.91
ORD011761,2025-04-06,Headphones,Electronics,Central,2,42068.47,84136.94,15387.54
ORD010783,2025-04-06,Jacket,Clothing,West,3,951.52,2854.56,1011.54
ORD002408,2025-04-06,Chair,Furniture,West,5,23544.39,117721.95,28279.09
ORD008035,2025-04-07,Rice,Groceries,West,3,276.51,829.53,46.72
ORD010825,2025-04-07,Wardrobe,Furniture,West,4,28537.73,114150.92,23761.63
ORD000567,2025-04-07,Dumbbell Set,Sports,Central,4,1675.17,6700.68,1300.18
ORD011652,2025-04-07,Smartwatch,Electronics,Central,3,31120.79,93362.37,18322.54
ORD007471,2025-04-07,Dairy Bundle,Groceries,West,4,1022.21,4088.84,286.66
ORD003462,2025-04-07,Spices Pack,Groceries,East,1,499.52,499.52,53.24
ORD009510,2025-04-07,Snacks,Groceries,Central,2,897.05,1794.1,111.49
ORD004325,2025-04-07,Chair,Furniture,Central,2,22120.9,44241.8,5842.59
ORD000383,2025-04-07,Jeans,Clothing,East,6,457.6,2745.6,940.29
ORD005682,2025-04-07,Yoga Mat,Sports,North,2,11497.61,22995.22,5159.22
ORD003790,2025-04-07,Jeans,Clothing,North,3,4608.22,13824.66,5203.24
ORD006714,2025-04-07,Desk,Furniture,South,3,11701.86,35105.58,7588.41
ORD008402,2025-04-07,Smartphone,Electronics,West,5,67623.81,338119.05,59165.74
ORD006117,2025-04-07,Snacks,Groceries,East,1,311.5,311.5,22.18
ORD001671,2025-04-07,Badminton Kit,Sports,South,8,13392.35,107138.8,28473.35
ORD009515,2025-04-07,Cooking Oil,Groceries,Central,2,346.21,692.42,34.77
ORD006477,2025-04-07,Jeans,Clothing,North,2,3194.47,6388.94,1744.71
ORD011634,2025-04-07,T-Shirt,Clothing,Central,2,1427.26,15013.7,3739.94
ORD000614,2025-04-07,Snacks,Groceries,North,2,855.43,1710.86,132.46
ORD007185,2025-04-07,Rice,Groceries,South,3,1927.94,5783.82,740.12
ORD004785,2025-04-07,Dairy Bundle,Groceries,East,4,1042.73,4170.92,552.53
ORD008480,2025-04-07,Cooking Oil,Groceries,East,1,1790.24,1790.24,252.73
ORD010944,2025-04-07,Dress,Clothing,North,3,3377.38,10132.14,3800.27
ORD004429,2025-04-07,Spices Pack,Groceries,West,3,507.12,1521.36,85.88
ORD011204,2025-04-07,Rice,Groceries,West,1,1335.33,1335.33,140.68
ORD011968,2025-04-07,Wardrobe,Furniture,South,1,3099.94,3099.94,453.35
ORD001868,2025-04-07,Cooking Oil,Groceries,East,2,568.65,1137.3,110.43
ORD007528,2025-04-07,Smartphone,Electronics,North,4,41967.23,167868.92,28414.07
ORD006798,2025-04-07,Dairy Bundle,Groceries,Central,1,968.1,968.1,88.18
ORD008939,2025-04-07,Cycle,Sports,North,3,3943.41,11830.23,2394.84
ORD010515,2025-04-07,Jeans,Clothing,North,1,1511.78,1511.78,563.08
ORD007322,2025-04-07,Badminton Kit,Sports,North,1,11490.1,11490.1,3143.37
ORD001027,2025-04-07,Sofa,Furniture,South,3,6641.69,19925.07,4818.97
ORD001623,2025-04-07,Smartphone,Electronics,North,1,58554.52,58554.52,5890.78
ORD010065,2025-04-07,Dumbbell Set,Sports,Central,1,4627.94,4627.94,1312.82
ORD006501,2025-04-07,Dress,Clothing,West,1,4879.29,4879.29,996.81
ORD001459,2025-04-07,Smartwatch,Electronics,Central,5,61416.54,307082.7,55831.03
ORD005983,2025-04-07,Yoga Mat,Sports,South,2,8447.74,16895.48,4065.1
ORD006514,2025-04-07,Smartwatch,Electronics,South,2,10881.41,21762.82,2265.56
ORD001444,2025-04-07,Chair,Furniture,East,3,16193.77,48581.31,7841.6
ORD008484,2025-04-08,T-Shirt,Clothing,South,4,2809.81,11239.24,2913.65
ORD006221,2025-04-08,Yoga Mat,Sports,East,4,12576.31,50305.24,13727.39
ORD000634,2025-04-08,Smartwatch,Electronics,Central,2,36259.54,72519.08,9978.09
ORD010813,2025-04-08,Rice,Groceries,West,5,1303.9,6519.5,448.2
ORD003425,2025-04-08,Cooking Oil,Groceries,Central,5,1238.12,6190.6,353.94
ORD011553,2025-04-08,Desk,Furniture,West,1,13081.02,13081.02,2595.29
ORD005342,2025-04-08,Chair,Furniture,South,2,8925.84,17851.68,3744.33
ORD008529,2025-04-08,Spices Pack,Groceries,East,5,991.85,4959.25,710.63
ORD006924,2025-04-08,Shoes,Clothing,North,1,3585.23,3585.23,1125.98
ORD010399,2025-04-08,Jeans,Clothing,Central,1,4689.33,4689.33,1369.02
ORD005851,2025-04-08,Dairy Bundle,Groceries,North,2,350.67,701.34,69.82
ORD004110,2025-04-08,Sofa,Furniture,North,1,10263.05,10263.05,2155.35
ORD011848,2025-04-08,Dairy Bundle,Groceries,North,2,1420.75,2841.5,281.8
ORD007983,2025-04-08,Sofa,Furniture,North,3,20691.35,62074.05,9573.26
ORD009591,2025-04-08,Spices Pack,Groceries,North,6,1675.02,10050.12,775.65
ORD000950,2025-04-08,Snacks,Groceries,North,1,775.23,775.23,99.52
ORD004292,2025-04-08,Snacks,Groceries,South,2,1781.53,3563.06,257.08
ORD001661,2025-04-08,Jeans,Clothing,North,1,2877.57,2877.57,623.33
ORD004183,2025-04-08,Cooking Oil,Groceries,South,5,1082.53,5412.65,683.95
ORD012261,2025-04-08,Yoga Mat,Sports,West,2,12191.77,24383.54,5387.55
ORD011058,2025-04-08,T-Shirt,Clothing,South,1,4657.77,4657.77,2066.12
ORD009061,2025-04-08,Headphones,Electronics,East,1,70777.81,70777.81,13923.08
ORD001320,2025-04-08,Sofa,Furniture,Central,1,28621.64,28621.64,5878.34
ORD000042,2025-04-08,Cycle,Sports,South,1,5298.02,5298.02,862.05
ORD000692,2025-04-08,Cooking Oil,Groceries,West,3,1941.88,5825.64,441.66
ORD002499,2025-04-08,Running Shoes,Sports,South,2,2231.02,4462.04,961.88
ORD005029,2025-04-08,Headphones,Electronics,North,3,40228.92,120686.76,20881.57
ORD000648,2025-04-08,Tablet,Electronics,Central,1,65642.24,341392.8,35511.01
ORD006620,2025-04-08,Wardrobe,Furniture,Central,1,29302.85,29302.85,7159.91
ORD006201,2025-04-08,T-Shirt,Clothing,West,2,3795.56,7591.12,2520.36
ORD006878,2025-04-08,Sofa,Furniture,West,2,7397.12,14794.24,2754.89
ORD004829,2025-04-08,Bookshelf,Furniture,West,1,28458.53,28458.53,3680.7
ORD010408,2025-04-08,Badminton Kit,Sports,South,3,2512.46,7537.38,2170.3
ORD003212,2025-04-09,Cooking Oil,Groceries,North,5,210.65,1053.25,80.29
ORD002613,2025-04-09,Dress,Clothing,North,3,2179.92,6539.76,1401.78
ORD006205,2025-04-09,Jacket,Clothing,North,1,4864.04,4864.04,2163.57
ORD012302,2025-04-09,Shoes,Clothing,West,1,2734.23,2734.23,1147.63
ORD006361,2025-04-09,Smartphone,Electronics,West,3,48339.45,145018.35,13075.02
ORD004219,2025-04-09,Cooking Oil,Groceries,South,4,955.18,3820.72,199.49
ORD011521,2025-04-09,Running Shoes,Sports,North,2,14501.72,29003.44,5524.36
ORD011509,2025-04-09,Cycle,Sports,East,8,11880.76,95046.08,22500.18
ORD008770,2025-04-09,Shoes,Clothing,Central,4,4757.31,19029.24,5524.42
ORD010502,2025-04-09,Laptop,Electronics,Central,1,64805.0,64805.0,5756.04
ORD002365,2025-04-09,Badminton Kit,Sports,Central,2,11263.24,22526.48,4135.03
ORD011424,2025-04-09,Wardrobe,Furniture,Central,2,25783.52,51567.04,6663.44
ORD007674,2025-04-09,Shoes,Clothing,South,1,2156.69,2156.69,735.55
ORD009924,2025-04-09,Snacks,Groceries,South,3,399.51,1198.53,68.43
ORD004806,2025-04-09,Wardrobe,Furniture,West,6,21591.97,129551.82,17740.91
ORD001191,2025-04-09,Smartwatch,Electronics,South,7,67214.41,470500.87,86058.13
ORD008828,2025-04-09,Headphones,Electronics,South,4,21861.36,87445.44,14439.72
ORD008072,2025-04-09,Tablet,Electronics,North,2,72375.75,144751.5,28335.05
ORD006549,2025-04-09,Dress,Clothing,South,4,1071.34,4285.36,915.48
ORD008204,2025-04-09,Desk,Furniture,North,4,8683.29,34733.16,4511.36
ORD010326,2025-04-09,Smartwatch,Electronics,South,2,52661.82,105323.64,16577.72
ORD009828,2025-04-09,Smartwatch,Electronics,North,5,46511.27,232556.35,37711.48
ORD009752,2025-04-09,Shoes,Clothing,Central,4,3268.05,13072.2,3873.96
ORD004228,2025-04-09,Shoes,Clothing,West,5,4741.43,23707.15,5580.73
ORD008632,2025-04-09,Badminton Kit,Sports,Central,3,11398.5,34195.5,7774.49
ORD011618,2025-04-09,Jeans,Clothing,East,3,4078.22,12234.66,3427.2
ORD005091,2025-04-09,Headphones,Electronics,North,1,56910.8,56910.8,7766.05
ORD000344,2025-04-09,Shoes,Clothing,West,6,2986.58,17919.48,4838.17
ORD003068,2025-04-09,Spices Pack,Groceries,Central,1,134.26,134.26,8.09
ORD005928,2025-04-09,Dairy Bundle,Groceries,South,1,1170.59,1170.59,72.58
ORD001059,2025-04-09,Bookshelf,Furniture,East,1,14329.06,14329.06,2755.4
ORD002903,2025-04-09,Rice,Groceries,North,5,818.8,4094.0,240.89
ORD010102,2025-04-09,Cycle,Sports,East,3,7568.98,22706.94,4071.22
ORD009012,2025-04-09,Smartwatch,Electronics,North,3,59496.51,178489.53,34779.18
ORD011731,2025-04-09,Rice,Groceries,East,4,1628.3,6513.2,488.07
ORD006463,2025-04-09,T-Shirt,Clothing,East,2,2314.25,4628.5,1340.38
ORD002785,2025-04-09,Wardrobe,Furniture,West,4,25418.6,101674.4,25028.77
ORD004369,2025-04-09,Wardrobe,Furniture,North,1,12950.58,12950.58,1450.43
ORD000074,2025-04-09,Shoes,Clothing,South,2,3164.95,6329.9,2061.46
ORD003572,2025-04-09,Desk,Furniture,North,1,23690.84,23690.84,3310.14
ORD002874,2025-04-09,Dumbbell Set,Sports,East,6,10277.26,61663.56,21335.04
ORD011148,2025-04-09,Cooking Oil,Groceries,South,1,319.09,319.09,21.04
ORD004597,2025-04-10,Snacks,Groceries,South,1,1874.33,1874.33,245.5
ORD012027,2025-04-10,Shoes,Clothing,West,2,2690.81,5381.62,1154.81
ORD008275,2025-04-10,Laptop,Electronics,East,2,43355.23,86710.46,7888.05
ORD001961,2025-04-10,Running Shoes,Sports,East,2,14227.97,28455.94,6546.07
ORD006375,2025-04-10,Chair,Furniture,East,5,6917.23,34586.15,5387.98
ORD007157,2025-04-10,Cycle,Sports,West,4,9979.95,39919.8,9485.2
ORD001056,2025-04-10,Cooking Oil,Groceries,Central,2,367.35,734.7,51.58
ORD007776,2025-04-10,Cycle,Sports,East,1,7621.51,7621.51,1610.94
ORD004178,2025-04-10,Smartwatch,Electronics,South,5,22206.61,111033.05,13109.74
ORD005023,2025-04-10,Running Shoes,Sports,North,2,11579.35,23158.7,6342.48
ORD009690,2025-04-10,Headphones,Electronics,South,1,28637.85,28637.85,4813.85
ORD010589,2025-04-10,Cooking Oil,Groceries,West,7,193.63,1355.41,163.16
ORD010819,2025-04-10,Desk,Furniture,West,3,2243.07,37425.29,4631.25
ORD001099,2025-04-10,Bookshelf,Furniture,North,1,14890.03,14890.03,3420.01
ORD003413,2025-04-10,Dress,Clothing,South,2,1311.76,2623.52,1056.69
ORD001154,2025-04-10,Smartwatch,Electronics,West,2,14270.68,28541.36,4396.74
ORD003580,2025-04-10,Wardrobe,Furniture,East,2,10804.15,21608.3,4043.89
ORD000474,2025-04-10,Headphones,Electronics,South,4,17855.77,71423.08,13427.7
ORD003250,2025-04-10,Tablet,Electronics,Central,2,23968.12,47936.24,8324.44
ORD008544,2025-04-10,Badminton Kit,Sports,West,2,12019.4,24038.8,4838.92
ORD001886,2025-04-10,Jeans,Clothing,North,6,2869.47,17216.82,7327.53
ORD004938,2025-04-10,Chair,Furniture,Central,3,18774.78,56324.34,6383.77
ORD003208,2025-04-10,Laptop,Electronics,South,1,22339.3,22339.3,2925.9
ORD009469,2025-04-10,T-Shirt,Clothing,West,3,3688.49,11065.47,4714.12
ORD011942,2025-04-10,Dairy Bundle,Groceries,North,3,830.64,2491.92,341.16
ORD003691,2025-04-10,Rice,Groceries,East,1,918.87,918.87,62.0
ORD004988,2025-04-11,T-Shirt,Clothing,South,5,2383.29,11916.45,2938.13
ORD009218,2025-04-11,Bookshelf,Furniture,Central,2,22714.26,45428.52,4609.16
ORD007057,2025-04-11,Dress,Clothing,Central,1,1178.47,1178.47,395.39
ORD011753,2025-04-11,Headphones,Electronics,South,4,12836.63,51346.52,5370.59
ORD012272,2025-04-11,Cooking Oil,Groceries,West,2,286.14,572.28,67.52
ORD005875,2025-04-11,Badminton Kit,Sports,South,4,4038.92,16155.68,2792.64
ORD002234,2025-04-11,Tablet,Electronics,North,2,17576.71,35153.42,3481.89
ORD001443,2025-04-11,Headphones,Electronics,East,7,12968.55,90779.85,17510.9
ORD006252,2025-04-11,Jacket,Clothing,North,4,1178.0,4712.0,1713.88
ORD010011,2025-04-11,Running Shoes,Sports,South,3,5251.0,15753.0,3370.63
ORD008908,2025-04-11,Sofa,Furniture,South,1,18994.47,18994.47,2250.15
ORD009538,2025-04-11,Running Shoes,Sports,South,5,6722.99,33614.95,9375.06
ORD010926,2025-04-11,Jacket,Clothing,Central,1,511.41,511.41,106.01
ORD011724,2025-04-11,Rice,Groceries,South,1,1084.68,1084.68,98.3
ORD010656,2025-04-11,Jeans,Clothing,West,1,2896.33,2896.33,1212.82
ORD010288,2025-04-11,Snacks,Groceries,West,5,1890.52,9452.6,1048.68
ORD008650,2025-04-11,Laptop,Electronics,East,2,51312.47,102624.94,17485.5
ORD002994,2025-04-11,Snacks,Groceries,West,1,1177.03,1177.03,168.58
ORD008639,2025-04-11,Dress,Clothing,East,1,2723.96,2723.96,1052.89
ORD011928,2025-04-11,Dress,Clothing,Central,2,1046.54,2093.08,914.45
ORD004508,2025-04-11,Running Shoes,Sports,East,3,4175.13,12525.39,2064.8
ORD001937,2025-04-11,Badminton Kit,Sports,South,1,2773.78,2773.78,875.02
ORD005197,2025-04-12,Bookshelf,Furniture,West,1,20099.25,20099.25,3654.13
ORD011878,2025-04-12,Headphones,Electronics,South,4,12835.88,51343.52,4978.14
ORD003471,2025-04-12,Jeans,Clothing,West,1,4116.25,4116.25,1715.6
ORD002884,2025-04-12,Yoga Mat,Sports,Central,1,4166.14,4166.14,680.98
ORD007714,2025-04-12,Chair,Furniture,West,1,19120.16,19120.16,2109.72
ORD004590,2025-04-12,Snacks,Groceries,West,1,1169.94,1169.94,59.17
ORD005781,2025-04-12,Yoga Mat,Sports,Central,2,6503.99,13007.98,2611.21
ORD001202,2025-04-12,Chair,Furniture,East,2,13469.61,26939.22,3951.52
ORD008837,2025-04-12,Cooking Oil,Groceries,West,1,1453.55,1453.55,89.46
ORD006538,2025-04-12,Snacks,Groceries,East,3,1906.05,5718.15,643.52
ORD002678,2025-04-12,Tablet,Electronics,West,4,46399.3,185597.2,23882.17
ORD002039,2025-04-12,Spices Pack,Groceries,South,3,915.22,2745.66,213.04
ORD001827,2025-04-12,Bookshelf,Furniture,South,3,25171.49,75514.47,9485.09
ORD007021,2025-04-12,Cooking Oil,Groceries,North,6,149.37,896.22,58.51
ORD002950,2025-04-12,T-Shirt,Clothing,South,1,4775.64,4775.64,1591.55
ORD009225,2025-04-12,Cycle,Sports,East,3,3287.36,9862.08,2366.82
ORD002358,2025-04-12,Snacks,Groceries,North,1,1074.46,1074.46,88.2
ORD012449,2025-04-12,Headphones,Electronics,North,1,48965.35,48965.35,7201.13
ORD007422,2025-04-12,Wardrobe,Furniture,North,2,8450.5,16901.0,3158.98
ORD001452,2025-04-12,Laptop,Electronics,South,1,8000.84,8000.84,1040.01
ORD004075,2025-04-12,Dairy Bundle,Groceries,South,7,709.78,4968.46,373.75
ORD002480,2025-04-12,Dumbbell Set,Sports,West,3,3203.09,9609.27,2881.57
ORD002308,2025-04-12,Headphones,Electronics,North,7,25894.87,888899.51,104919.58
ORD000023,2025-04-12,Shoes,Clothing,Central,1,1516.27,1516.27,554.39
ORD011342,2025-04-12,Rice,Groceries,South,5,1663.43,8317.15,627.78
ORD010518,2025-04-12,Cooking Oil,Groceries,Central,2,610.17,1220.34,84.33
ORD008510,2025-04-12,Cycle,Sports,North,6,10759.52,64557.12,19160.61
ORD008435,2025-04-12,Bookshelf,Furniture,East,7,7984.19,55889.33,11179.78
ORD009891,2025-04-12,Chair,Furniture,North,4,4603.45,18413.8,3556.96
ORD002254,2025-04-13,Shoes,Clothing,Central,4,3752.66,15010.64,3091.99
ORD012150,2025-04-13,Badminton Kit,Sports,Central,3,10181.21,30543.63,9482.52
ORD008015,2025-04-13,Smartphone,Electronics,North,2,26249.78,52499.56,9716.82
ORD012197,2025-04-13,Desk,Furniture,West,1,20573.12,20573.12,2377.48
ORD006773,2025-04-13,Smartwatch,Electronics,East,5,23781.27,118906.35,19194.42
ORD004698,2025-04-13,Headphones,Electronics,West,1,35218.24,35218.24,2851.73
ORD008465,2025-04-13,Laptop,Electronics,West,2,12552.15,25104.3,4404.65
ORD010965,2025-04-13,Wardrobe,Furniture,East,1,15526.83,15526.83,2207.05
ORD003898,2025-04-13,Dumbbell Set,Sports,West,3,11043.4,33130.2,4974.28
ORD000799,2025-04-13,Dairy Bundle,Groceries,Central,2,620.91,1241.82,71.95
ORD001066,2025-04-13,Rice,Groceries,West,3,408.24,1224.72,62.78
ORD007053,2025-04-13,Tablet,Electronics,Central,3,64374.89,193124.67,22326.13
ORD008232,2025-04-13,Dumbbell Set,Sports,East,1,2959.55,2959.55,856.71
ORD005318,2025-04-13,Bookshelf,Furniture,Central,4,12192.77,48771.08,11896.04
ORD002086,2025-04-13,Tablet,Electronics,South,3,20736.58,62209.74,12347.41
ORD006330,2025-04-13,Cooking Oil,Groceries,East,3,1124.54,3373.62,436.47
ORD009461,2025-04-13,Tablet,Electronics,South,1,40912.68,40912.68,3606.86
ORD003434,2025-04-13,Dress,Clothing,West,2,2146.34,4292.68,1051.33
ORD003106,2025-04-13,Dress,Clothing,East,4,2633.62,10534.48,2431.67
ORD003430,2025-04-13,Smartwatch,Electronics,South,2,73490.24,146980.48,22938.76
ORD009955,2025-04-13,Smartphone,Electronics,West,1,70657.4,70657.4,12306.6
ORD011890,2025-04-13,Snacks,Groceries,East,2,966.15,1932.3,204.39
ORD010884,2025-04-13,Snacks,Groceries,North,1,1995.25,1995.25,254.34
ORD004885,2025-04-13,Bookshelf,Furniture,South,5,29608.78,148043.9,18810.99
ORD001237,2025-04-13,Yoga Mat,Sports,Central,2,13687.09,27374.18,8059.74
ORD011543,2025-04-13,Jacket,Clothing,South,3,3012.45,9037.35,2002.39
ORD001825,2025-04-13,Jacket,Clothing,West,6,3105.48,18632.88,8382.74
ORD009290,2025-04-14,Smartwatch,Electronics,East,3,17736.46,53209.38,6266.79
ORD002279,2025-04-14,Jeans,Clothing,South,2,3416.23,6832.46,2526.42
ORD005913,2025-04-14,Chair,Furniture,South,1,24901.61,24901.61,3575.18
ORD003063,2025-04-14,Rice,Groceries,North,1,1624.32,1624.32,209.0
ORD006577,2025-04-14,Yoga Mat,Sports,Central,1,527.15,527.15,116.04
ORD009354,2025-04-14,Dairy Bundle,Groceries,North,8,752.14,6017.12,792.26
ORD002227,2025-04-14,Smartwatch,Electronics,South,2,67948.05,135896.1,23985.64
ORD011337,2025-04-14,Shoes,Clothing,North,5,1628.18,8140.9,2775.93
ORD005188,2025-04-14,T-Shirt,Clothing,North,1,4988.31,4988.31,1613.1
ORD012424,2025-04-14,Smartphone,Electronics,East,8,69765.63,558125.04,46479.73
ORD001861,2025-04-14,Snacks,Groceries,Central,4,752.43,3009.72,401.67
ORD005856,2025-04-14,Bookshelf,Furniture,South,2,25975.49,51950.98,6110.44
ORD001495,2025-04-14,Cycle,Sports,East,1,10917.58,10917.58,3521.23
ORD003009,2025-04-14,Tablet,Electronics,East,1,17537.89,17537.89,2554.04
ORD000881,2025-04-14,Desk,Furniture,North,1,14722.57,14722.57,3336.92
ORD000991,2025-04-14,Tablet,Electronics,North,5,21399.3,106996.5,18865.32
ORD006811,2025-04-14,Dress,Clothing,West,3,2569.88,7709.64,2116.68
ORD006877,2025-04-14,Cooking Oil,Groceries,North,5,572.91,2864.55,210.41
ORD010403,2025-04-14,Headphones,Electronics,Central,1,46755.96,46755.96,4740.83
ORD005967,2025-04-14,Cycle,Sports,South,5,1623.54,8117.7,1481.69
ORD004259,2025-04-14,Shoes,Clothing,South,1,4792.82,4792.82,2064.87
ORD012350,2025-04-14,Jacket,Clothing,North,8,4108.17,32865.36,7719.7
ORD003469,2025-04-14,T-Shirt,Clothing,West,2,1791.12,3582.24,1402.72
ORD002558,2025-04-14,Jacket,Clothing,West,4,1640.47,6561.88,2347.14
ORD010169,2025-04-14,Headphones,Electronics,Central,3,62585.97,187757.91,15780.6
ORD006711,2025-04-14,Running Shoes,Sports,East,2,14035.36,28070.72,5446.45
ORD012306,2025-04-14,Dress,Clothing,North,2,3352.18,6704.36,1805.91
ORD005610,2025-04-14,Running Shoes,Sports,West,1,6726.57,6726.57,1602.66
ORD011508,2025-04-14,Smartwatch,Electronics,Central,3,19470.37,58411.11,6439.57
ORD001514,2025-04-14,Laptop,Electronics,West,6,76000.3,456001.8,71595.99
ORD009175,2025-04-14,Running Shoes,Sports,East,3,14367.81,43103.43,8762.64
ORD010708,2025-04-14,Smartwatch,Electronics,North,4,9321.19,37284.76,4598.22
ORD010097,2025-04-14,Dumbbell Set,Sports,South,3,9809.83,29429.49,8330.09
ORD011694,2025-04-14,Tablet,Electronics,South,2,16708.96,33417.92,6634.28
ORD000280,2025-04-14,Rice,Groceries,East,1,1534.76,1534.76,171.94
ORD001685,2025-04-14,Jacket,Clothing,West,2,1197.35,2394.7,894.8
ORD010113,2025-04-14,Cooking Oil,Groceries,East,2,1338.01,2676.02,247.25
ORD006113,2025-04-14,Dairy Bundle,Groceries,Central,4,1591.07,6364.28,627.2
ORD003738,2025-04-15,Shoes,Clothing,West,1,2171.78,2171.78,704.29
ORD000403,2025-04-15,Headphones,Electronics,East,2,38537.41,77074.82,12977.34
ORD005619,2025-04-15,Yoga Mat,Sports,North,4,8172.0,32688.0,10631.47
ORD006760,2025-04-15,Headphones,Electronics,West,7,26528.62,185700.34,20869.01
ORD007427,2025-04-15,Badminton Kit,Sports,South,5,11364.49,56822.45,10752.39
ORD003791,2025-04-15,Laptop,Electronics,East,2,56368.11,112736.22,14353.68
ORD005744,2025-04-15,Bookshelf,Furniture,North,4,11616.06,166924.69,26730.55
ORD009966,2025-04-15,Spices Pack,Groceries,North,1,611.39,611.39,76.68
ORD011347,2025-04-15,Cycle,Sports,South,2,11917.43,23834.86,7755.92
ORD008512,2025-04-15,Dairy Bundle,Groceries,East,4,990.9,3963.6,206.82
ORD002638,2025-04-15,Chair,Furniture,West,1,15205.54,15205.54,2039.4
ORD012430,2025-04-15,Wardrobe,Furniture,West,2,15645.92,31291.84,6106.9
ORD007641,2025-04-15,Bookshelf,Furniture,North,2,28212.12,56424.24,12819.82
ORD007915,2025-04-15,Yoga Mat,Sports,West,3,4241.64,12724.92,2094.42
ORD007851,2025-04-15,Jeans,Clothing,South,2,1703.81,17972.75,4130.34
ORD007764,2025-04-15,Jeans,Clothing,South,1,4048.56,4048.56,1528.16
ORD000226,2025-04-15,Yoga Mat,Sports,North,2,11768.63,23537.26,6159.25
ORD011880,2025-04-15,Jacket,Clothing,North,5,1753.68,8768.4,1885.05
ORD002518,2025-04-15,Tablet,Electronics,East,1,19970.38,19970.38,2507.65
ORD003947,2025-04-15,T-Shirt,Clothing,Central,5,4067.72,20338.6,6312.77
ORD005890,2025-04-15,Spices Pack,Groceries,East,1,1730.12,1730.12,203.82
ORD012015,2025-04-15,Laptop,Electronics,West,3,22955.52,68866.56,13463.65
ORD010482,2025-04-15,Dress,Clothing,East,8,4745.86,37966.88,12410.18
ORD011988,2025-04-15,T-Shirt,Clothing,South,1,1593.53,1593.53,645.49
ORD011327,2025-04-15,Jacket,Clothing,North,2,2728.77,5457.54,2257.62
ORD011814,2025-04-15,Cycle,Sports,Central,3,10689.83,32069.49,10999.84
ORD011835,2025-04-15,Desk,Furniture,West,1,2404.38,2404.38,476.09
ORD003315,2025-04-15,Bookshelf,Furniture,North,3,17564.38,52693.14,10798.36
ORD009564,2025-04-15,Shoes,Clothing,East,1,4667.47,4667.47,1453.08
ORD003027,2025-04-15,Rice,Groceries,Central,3,1117.81,3353.43,299.86
ORD010540,2025-04-15,Cycle,Sports,Central,2,1386.05,2772.1,657.95
ORD006012,2025-04-15,Snacks,Groceries,West,3,1724.34,5173.02,762.63
ORD010729,2025-04-15,Dumbbell Set,Sports,Central,1,2438.69,2438.69,675.82
ORD002827,2025-04-15,Chair,Furniture,North,2,7764.7,15529.4,2374.01
ORD002798,2025-04-15,Snacks,Groceries,East,2,784.11,1568.22,153.35
ORD012305,2025-04-16,Jeans,Clothing,North,1,2742.07,2742.07,1199.92
ORD006764,2025-04-16,Dress,Clothing,West,3,4206.33,12618.99,3413.57
ORD009348,2025-04-16,Dress,Clothing,East,1,2482.37,2482.37,743.36
ORD012179,2025-04-16,Headphones,Electronics,Central,4,59642.78,238571.12,26256.76
ORD007594,2025-04-16,Yoga Mat,Sports,East,1,6643.51,6643.51,1675.3
ORD008493,2025-04-16,Cycle,Sports,South,1,4771.97,4771.97,722.99
ORD002545,2025-04-16,Desk,Furniture,East,2,18150.62,36301.24,4279.25
ORD001967,2025-04-16,Tablet,Electronics,Central,2,52838.25,105676.5,11277.92
ORD010822,2025-04-16,Chair,Furniture,South,5,8643.24,43216.2,7544.24
ORD010044,2025-04-16,T-Shirt,Clothing,West,1,1281.79,1281.79,277.85
ORD001021,2025-04-16,Cycle,Sports,South,3,12833.93,38501.79,10096.88
ORD002795,2025-04-16,Cooking Oil,Groceries,South,2,1864.26,3728.52,425.46
ORD002409,2025-04-16,Smartphone,Electronics,West,3,73462.55,220387.65,39307.24
ORD005902,2025-04-16,Tablet,Electronics,West,3,34889.42,104668.26,20847.88
ORD000727,2025-04-16,Sofa,Furniture,North,2,26329.34,52658.68,9773.0
ORD002569,2025-04-16,Wardrobe,Furniture,South,4,18889.97,75559.88,8459.48
ORD007916,2025-04-16,Jeans,Clothing,South,2,3734.58,7469.16,2052.3
ORD008054,2025-04-16,Dumbbell Set,Sports,Central,3,7344.11,22032.33,6824.2
ORD003934,2025-04-16,Jeans,Clothing,South,1,1210.47,1210.47,346.75
ORD006265,2025-04-16,Tablet,Electronics,Central,1,52359.1,52359.1,5376.34
ORD011416,2025-04-16,Jeans,Clothing,South,1,3970.84,3970.84,1188.71
ORD002843,2025-04-16,Headphones,Electronics,West,1,18385.28,18385.28,3145.3
ORD005643,2025-04-16,Badminton Kit,Sports,West,1,13255.95,13255.95,2517.91
ORD002203,2025-04-16,T-Shirt,Clothing,North,3,4950.68,14852.04,5511.27
ORD008729,2025-04-16,Dress,Clothing,Central,2,4749.17,9498.34,2828.67
ORD003474,2025-04-16,Cooking Oil,Groceries,East,1,359.36,359.36,26.19
ORD007657,2025-04-16,Yoga Mat,Sports,East,7,2853.07,19971.49,3045.32
ORD004364,2025-04-16,Dairy Bundle,Groceries,South,4,867.24,3468.96,247.94
ORD009816,2025-04-16,Desk,Furniture,East,1,13636.84,13636.84,1568.59
ORD004401,2025-04-16,Jacket,Clothing,West,5,3888.99,19444.95,5144.47
ORD002649,2025-04-16,Smartwatch,Electronics,East,5,41675.88,208379.4,31821.12
ORD007777,2025-04-16,Jeans,Clothing,East,2,779.08,1558.16,336.06
ORD006978,2025-04-16,Jeans,Clothing,West,4,4827.05,19308.2,7275.67
ORD003689,2025-04-17,Dairy Bundle,Groceries,Central,1,1101.89,1101.89,99.48
ORD002652,2025-04-17,Cooking Oil,Groceries,West,1,1547.59,1547.59,215.63
ORD008075,2025-04-17,Desk,Furniture,Central,5,11930.78,59653.9,13905.99
ORD003071,2025-04-17,Desk,Furniture,North,1,15058.49,15058.49,2322.77
ORD003916,2025-04-17,Shoes,Clothing,South,1,1242.2,1242.2,376.84
ORD004521,2025-04-17,Desk,Furniture,North,1,6068.01,6068.01,894.69
ORD008169,2025-04-17,Headphones,Electronics,East,3,32816.47,98449.41,12009.98
ORD008911,2025-04-17,Bookshelf,Furniture,North,1,24885.7,24885.7,3365.44
ORD009405,2025-04-17,Badminton Kit,Sports,South,6,1313.91,7883.46,2468.38
ORD011057,2025-04-17,Desk,Furniture,East,2,14386.9,28773.8,6341.21
ORD003963,2025-04-17,Snacks,Groceries,South,5,1886.75,9433.75,717.59
ORD010311,2025-04-17,Cycle,Sports,North,5,7729.67,38648.35,12631.08
ORD006749,2025-04-17,Laptop,Electronics,South,3,74796.72,224390.16,20494.64
ORD008649,2025-04-17,Shoes,Clothing,West,1,4412.78,20961.46,8476.72
ORD005249,2025-04-17,Badminton Kit,Sports,Central,3,8165.13,24495.39,6565.33
ORD007644,2025-04-17,Sofa,Furniture,East,7,21492.09,150444.63,35144.13
ORD008985,2025-04-17,Spices Pack,Groceries,Central,1,916.71,916.71,59.42
ORD004368,2025-04-17,Laptop,Electronics,North,1,35781.88,35781.88,7079.42
ORD004384,2025-04-17,Jeans,Clothing,East,3,4022.22,12066.66,2797.0
ORD008954,2025-04-17,Dress,Clothing,East,4,2155.75,8623.0,2647.64
ORD003910,2025-04-17,Snacks,Groceries,North,3,1821.29,5463.87,582.89
ORD001942,2025-04-17,Cycle,Sports,South,3,14392.71,43178.13,8380.41
ORD010582,2025-04-17,Badminton Kit,Sports,Central,1,11273.2,11273.2,1998.41
ORD006416,2025-04-17,Desk,Furniture,West,7,11869.31,83085.17,10471.27
ORD006347,2025-04-17,Spices Pack,Groceries,East,2,1078.4,2156.8,283.4
ORD009762,2025-04-17,Wardrobe,Furniture,West,2,13577.76,27155.52,4188.29
ORD000341,2025-04-17,Smartphone,Electronics,Central,3,66829.19,200487.57,22243.76
ORD001504,2025-04-17,Cooking Oil,Groceries,East,2,1821.57,3643.14,186.59
ORD005469,2025-04-17,Smartphone,Electronics,Central,1,73118.62,73118.62,7587.7
ORD012397,2025-04-17,Smartphone,Electronics,South,1,60679.52,60679.52,8279.16
ORD009440,2025-04-17,Snacks,Groceries,North,2,665.31,1330.62,77.72
ORD006075,2025-04-17,Smartphone,Electronics,West,1,17317.02,17317.02,1908.33
ORD005922,2025-04-17,Dumbbell Set,Sports,North,4,13357.65,53430.6,15181.38
ORD001014,2025-04-17,Rice,Groceries,East,4,1488.56,5954.24,882.0
ORD010984,2025-04-17,Snacks,Groceries,East,2,963.73,1927.46,247.91
ORD008350,2025-04-18,Dumbbell Set,Sports,West,1,10171.52,10171.52,1688.06
ORD012487,2025-04-18,Desk,Furniture,Central,2,25428.9,50857.8,5576.32
ORD004264,2025-04-18,Spices Pack,Groceries,Central,1,943.81,943.81,120.94
ORD006689,2025-04-18,Spices Pack,Groceries,South,4,1808.74,7234.96,1063.49
ORD008744,2025-04-18,Jacket,Clothing,East,1,2434.16,10843.7,3595.07
ORD004686,2025-04-18,Yoga Mat,Sports,East,2,11821.39,23642.78,4453.23
ORD008775,2025-04-18,Jeans,Clothing,South,2,4327.82,8655.64,2912.96
ORD008375,2025-04-18,Wardrobe,Furniture,East,3,24250.54,72751.62,9271.9
ORD009498,2025-04-18,Cooking Oil,Groceries,East,2,1714.62,3429.24,192.0
ORD006868,2025-04-18,Sofa,Furniture,North,3,22272.25,66816.75,8545.49
ORD007503,2025-04-18,Dairy Bundle,Groceries,West,1,452.6,452.6,32.56
ORD000060,2025-04-18,T-Shirt,Clothing,East,3,4495.03,13485.09,4515.29
ORD001231,2025-04-18,Cycle,Sports,West,2,14910.8,29821.6,9723.72
ORD010611,2025-04-18,Shoes,Clothing,Central,3,1720.2,5160.6,2000.75
ORD008612,2025-04-18,Dumbbell Set,Sports,North,1,13886.78,13886.78,3739.38
ORD008060,2025-04-18,Jacket,Clothing,West,2,1696.26,3392.52,877.02
ORD012234,2025-04-18,Wardrobe,Furniture,Central,2,18340.25,36680.5,4118.11
ORD005522,2025-04-18,Badminton Kit,Sports,West,1,13902.59,13902.59,4066.21
ORD001319,2025-04-18,Smartphone,Electronics,North,2,77555.42,155110.84,26574.29
ORD006543,2025-04-18,Smartwatch,Electronics,East,2,24357.77,48715.54,3921.22
ORD009518,2025-04-18,Cycle,Sports,East,3,5252.9,15758.7,3626.57
ORD002128,2025-04-18,T-Shirt,Clothing,Central,1,1061.04,1061.04,386.78
ORD002126,2025-04-18,Wardrobe,Furniture,Central,8,12579.5,100636.0,11000.07
ORD006371,2025-04-18,Desk,Furniture,Central,2,20659.95,41319.9,7743.69
ORD004838,2025-04-18,Spices Pack,Groceries,East,2,856.48,1712.96,184.99
ORD003126,2025-04-18,Dress,Clothing,South,4,2479.91,9919.64,2415.38
ORD005240,2025-04-18,Yoga Mat,Sports,West,3,7565.12,22695.36,5017.66
ORD009929,2025-04-18,Chair,Furniture,West,1,2225.47,2225.47,503.8
ORD003700,2025-04-18,Snacks,Groceries,South,2,1403.45,2806.9,210.49
ORD003232,2025-04-18,Cooking Oil,Groceries,Central,8,1902.7,15221.6,1169.09
ORD005566,2025-04-18,Rice,Groceries,South,4,1573.74,6294.96,496.14
ORD007324,2025-04-18,Tablet,Electronics,South,1,71449.97,71449.97,10988.23
ORD007650,2025-04-18,Tablet,Electronics,South,1,53035.77,53035.77,6738.52
ORD010638,2025-04-18,Tablet,Electronics,West,4,54939.18,219756.72,18268.37
ORD001734,2025-04-18,Cycle,Sports,South,4,7099.99,28399.96,8052.87
ORD009516,2025-04-18,Dress,Clothing,North,1,4678.2,16387.53,5550.84
ORD011027,2025-04-18,Dairy Bundle,Groceries,North,5,990.02,4950.1,700.91
ORD004482,2025-04-19,Bookshelf,Furniture,South,2,14615.02,90488.29,9206.89
ORD010012,2025-04-19,Snacks,Groceries,North,1,720.34,720.34,84.49
ORD008500,2025-04-19,Smartphone,Electronics,East,2,58650.93,117301.86,11309.14
ORD008638,2025-04-19,Chair,Furniture,East,5,8936.61,44683.05,7207.44
ORD002190,2025-04-19,Headphones,Electronics,South,8,18463.52,147708.16,20780.12
ORD011527,2025-04-19,Rice,Groceries,South,4,1212.56,4850.24,576.54
ORD011302,2025-04-19,Running Shoes,Sports,North,1,4530.96,4530.96,1386.19
ORD009976,2025-04-19,Yoga Mat,Sports,Central,5,8067.98,40339.9,13738.19
ORD003329,2025-04-19,Laptop,Electronics,West,8,26085.82,208686.56,24722.7
ORD006631,2025-04-19,Jeans,Clothing,West,2,3809.82,7619.64,2143.92
ORD007671,2025-04-19,Yoga Mat,Sports,Central,1,10735.65,10735.65,2455.59
ORD001799,2025-04-19,Tablet,Electronics,West,1,24547.52,24547.52,3591.78
ORD006422,2025-04-19,Dress,Clothing,Central,2,2438.55,4877.1,1157.87
ORD009730,2025-04-19,Badminton Kit,Sports,East,3,4143.26,12429.78,2092.16
ORD001314,2025-04-19,Jacket,Clothing,South,1,719.66,719.66,267.54
ORD008827,2025-04-19,Smartwatch,Electronics,North,5,48888.12,244440.6,44051.9
ORD007136,2025-04-19,Desk,Furniture,North,8,16004.15,128033.2,20914.58
ORD004551,2025-04-19,Dumbbell Set,Sports,South,2,8857.88,17715.76,5463.55
ORD004162,2025-04-19,Jacket,Clothing,Central,1,1268.55,1268.55,393.64
ORD012318,2025-04-19,Laptop,Electronics,North,1,29808.44,29808.44,4166.06
ORD007893,2025-04-19,Dairy Bundle,Groceries,West,5,1327.27,6636.35,621.49
ORD005422,2025-04-19,Rice,Groceries,South,2,1750.39,3500.78,277.11
ORD008199,2025-04-19,Desk,Furniture,East,1,14858.65,14858.65,3656.58
ORD008307,2025-04-19,Yoga Mat,Sports,South,2,3865.86,7731.72,1233.38
ORD010255,2025-04-19,T-Shirt,Clothing,Central,4,1268.85,5075.4,1333.57
ORD004245,2025-04-19,Running Shoes,Sports,North,1,3857.95,3857.95,718.52
ORD009126,2025-04-19,T-Shirt,Clothing,North,2,1109.29,2218.58,481.0
ORD006176,2025-04-19,Smartphone,Electronics,East,2,55242.78,110485.56,20173.68
ORD011251,2025-04-19,Yoga Mat,Sports,West,2,6614.56,13229.12,2274.18
ORD000399,2025-04-19,Jacket,Clothing,North,6,4680.96,28085.76,9585.2
ORD001519,2025-04-20,Rice,Groceries,South,1,920.84,920.84,136.32
ORD011160,2025-04-20,Wardrobe,Furniture,East,5,20268.83,101344.15,13249.03
ORD008811,2025-04-20,Snacks,Groceries,Central,1,162.54,162.54,18.01
ORD002710,2025-04-20,Dairy Bundle,Groceries,Central,2,1032.94,2065.88,169.55
ORD010131,2025-04-20,Smartphone,Electronics,East,1,68436.37,68436.37,12584.87
ORD005056,2025-04-20,Running Shoes,Sports,North,2,4311.77,8623.54,1355.19
ORD000897,2025-04-20,Tablet,Electronics,South,5,44879.98,224399.9,36269.16
ORD005755,2025-04-20,Wardrobe,Furniture,Central,3,11508.05,34524.15,5188.41
ORD004720,2025-04-20,T-Shirt,Clothing,West,5,304.26,1521.3,576.28
ORD003756,2025-04-20,Bookshelf,Furniture,South,5,25433.98,127169.9,31706.32
ORD010643,2025-04-20,Smartphone,Electronics,South,2,29287.42,58574.84,11096.9
ORD007932,2025-04-20,Yoga Mat,Sports,South,1,9027.62,9027.62,1817.32
ORD000050,2025-04-20,Laptop,Electronics,Central,2,9830.18,19660.36,1827.37
ORD012131,2025-04-20,Jeans,Clothing,South,2,2947.2,5894.4,1665.27
ORD005784,2025-04-20,Jacket,Clothing,West,3,318.47,955.41,309.42
ORD002835,2025-04-20,Jacket,Clothing,Central,6,564.21,3385.26,1309.69
ORD005312,2025-04-20,Dairy Bundle,Groceries,East,3,1268.06,3804.18,533.64
ORD009112,2025-04-20,Yoga Mat,Sports,East,2,12559.96,25119.92,8051.55
ORD003046,2025-04-20,Badminton Kit,Sports,Central,4,6574.53,26298.12,8025.48
ORD006970,2025-04-20,Chair,Furniture,East,2,14021.6,28043.2,6428.76
ORD001192,2025-04-20,Yoga Mat,Sports,North,6,13791.21,82747.26,19544.66
ORD003056,2025-04-20,Cycle,Sports,North,2,14659.1,29318.2,6603.98
ORD011889,2025-04-20,Jeans,Clothing,West,2,3594.67,7189.34,2062.33
ORD008741,2025-04-20,Jacket,Clothing,North,4,3078.43,12313.72,5209.41
ORD004197,2025-04-20,Spices Pack,Groceries,South,3,1922.55,5767.65,701.15
ORD007556,2025-04-20,Cooking Oil,Groceries,West,1,1554.32,1554.32,193.39
ORD005874,2025-04-20,Jeans,Clothing,West,4,326.29,1305.16,274.99
ORD006314,2025-04-20,Shoes,Clothing,North,3,1986.18,5958.54,2554.23
ORD004177,2025-04-20,Dress,Clothing,Central,2,4306.46,8612.92,2903.42
ORD002502,2025-04-21,Wardrobe,Furniture,West,2,25927.33,203478.88,30725.44
ORD004537,2025-04-21,Cycle,Sports,Central,1,6631.59,6631.59,1680.64
ORD002880,2025-04-21,Jeans,Clothing,South,1,2357.5,2357.5,654.42
ORD009733,2025-04-21,Dress,Clothing,South,2,4306.75,8613.5,2330.1
ORD012415,2025-04-21,Dress,Clothing,North,4,4964.93,19859.72,6492.19
ORD011708,2025-04-21,T-Shirt,Clothing,West,1,3004.03,3004.03,1128.28
ORD005120,2025-04-21,Chair,Furniture,South,3,25279.67,75839.01,10707.39
ORD000196,2025-04-21,Dumbbell Set,Sports,Central,4,14862.32,59449.28,13823.36
ORD006564,2025-04-21,Tablet,Electronics,South,1,20348.94,20348.94,3007.21
ORD011597,2025-04-21,Cycle,Sports,North,2,4438.94,8877.88,1743.63
ORD001757,2025-04-21,Laptop,Electronics,South,4,78224.71,312898.84,55707.53
ORD005058,2025-04-21,Yoga Mat,Sports,Central,2,1866.52,3733.04,688.14
ORD002926,2025-04-21,Headphones,Electronics,South,2,19700.8,39401.6,7689.99
ORD008492,2025-04-21,Dairy Bundle,Groceries,West,4,1912.86,7651.44,1033.5
ORD011211,2025-04-21,Jeans,Clothing,North,2,411.18,822.36,357.65
ORD005358,2025-04-21,Dairy Bundle,Groceries,North,1,1947.78,1947.78,104.7
ORD002057,2025-04-21,Jacket,Clothing,West,3,626.15,1878.45,417.9
ORD009051,2025-04-21,Cycle,Sports,East,4,1608.44,6433.76,1711.63
ORD002091,2025-04-21,Dumbbell Set,Sports,North,1,6339.2,6339.2,1803.51
ORD005221,2025-04-21,Rice,Groceries,North,3,1418.11,4254.33,535.86
ORD006939,2025-04-21,T-Shirt,Clothing,East,3,2725.44,8176.32,2342.46
ORD004560,2025-04-21,Smartwatch,Electronics,North,6,75519.05,453114.3,83127.6
ORD009693,2025-04-21,Shoes,Clothing,Central,4,4382.55,17530.2,7374.68
ORD011481,2025-04-21,T-Shirt,Clothing,West,1,1807.31,1807.31,796.04
ORD003914,2025-04-21,Dairy Bundle,Groceries,North,4,1893.78,7575.12,633.24
ORD010642,2025-04-21,Chair,Furniture,North,2,18975.45,37950.9,8609.71
ORD001157,2025-04-21,Snacks,Groceries,North,3,1037.74,3113.22,374.29
ORD003435,2025-04-21,Desk,Furniture,South,8,18186.02,145488.16,35455.01
ORD001107,2025-04-21,Headphones,Electronics,South,6,9296.47,55778.82,10906.84
ORD003521,2025-04-21,Desk,Furniture,North,1,23951.21,23951.21,3813.54
ORD009136,2025-04-21,Laptop,Electronics,Central,1,19186.67,19186.67,2489.01
ORD002544,2025-04-22,Wardrobe,Furniture,East,2,23524.92,47049.84,5142.17
ORD003325,2025-04-22,Running Shoes,Sports,South,3,10442.84,31328.52,10081.4
ORD005739,2025-04-22,Dairy Bundle,Groceries,South,8,1258.75,10070.0,1234.69
ORD007749,2025-04-22,Badminton Kit,Sports,Central,4,6410.18,25640.72,3981.77
ORD006029,2025-04-22,T-Shirt,Clothing,South,2,4110.86,8221.72,2542.73
ORD001693,2025-04-22,Smartphone,Electronics,Central,3,10424.7,180948.25,33566.32
ORD002906,2025-04-22,Chair,Furniture,South,1,6663.08,6663.08,1651.95
ORD006011,2025-04-22,Running Shoes,Sports,West,5,6303.18,31515.9,8363.83
ORD009933,2025-04-22,Dairy Bundle,Groceries,Central,1,1569.61,1569.61,192.52
ORD004999,2025-04-22,Sofa,Furniture,East,6,27130.25,162781.5,39394.13
ORD005264,2025-04-22,Yoga Mat,Sports,South,3,8947.03,26841.09,4407.34
ORD009277,2025-04-22,Smartwatch,Electronics,West,3,44458.37,133375.11,18515.71
ORD012480,2025-04-22,Badminton Kit,Sports,South,8,9293.18,74345.44,21879.65
ORD002442,2025-04-22,Dumbbell Set,Sports,South,3,12113.61,36340.83,6760.55
ORD011054,2025-04-22,Rice,Groceries,Central,1,219.75,219.75,22.46
ORD011150,2025-04-22,Laptop,Electronics,North,2,22674.94,45349.88,8236.94
ORD004968,2025-04-22,Laptop,Electronics,Central,1,29852.73,29852.73,2777.29
ORD008528,2025-04-22,Shoes,Clothing,Central,4,2712.48,10849.92,2399.28
ORD007530,2025-04-22,Running Shoes,Sports,South,3,3926.73,11780.19,2799.87
ORD012265,2025-04-22,Cycle,Sports,North,3,2634.4,7903.2,2711.66
ORD002791,2025-04-22,Headphones,Electronics,South,1,10876.25,10876.25,1342.95
ORD003370,2025-04-22,Wardrobe,Furniture,Central,1,8667.5,8667.5,2086.85
ORD011257,2025-04-22,Wardrobe,Furniture,Central,4,29521.35,118085.4,26597.69
ORD001988,2025-04-22,Dress,Clothing,Central,2,1576.01,3152.02,1342.95
ORD007982,2025-04-22,Desk,Furniture,West,1,18067.17,18067.17,2525.72
ORD005086,2025-04-22,Dress,Clothing,Central,4,2738.78,10955.12,2574.23
ORD005898,2025-04-22,Snacks,Groceries,East,2,993.47,1986.94,272.61
ORD008800,2025-04-22,Sofa,Furniture,Central,2,25475.17,50950.34,11030.23
ORD010101,2025-04-23,Spices Pack,Groceries,Central,2,214.07,428.14,38.16
ORD010462,2025-04-23,Badminton Kit,Sports,West,3,3934.18,11802.54,2531.22
ORD009400,2025-04-23,Running Shoes,Sports,Central,5,13174.59,65872.95,22765.69
ORD003539,2025-04-23,Spices Pack,Groceries,South,3,1190.55,3571.65,406.24
ORD005741,2025-04-23,Sofa,Furniture,South,2,18895.69,37791.38,5984.96
ORD009615,2025-04-23,Smartphone,Electronics,South,1,20596.15,20596.15,3459.87
ORD011810,2025-04-23,Sofa,Furniture,North,6,14910.89,89465.34,19826.79
ORD000013,2025-04-23,Spices Pack,Groceries,Central,3,966.53,2899.59,372.65
ORD007552,2025-04-23,Cooking Oil,Groceries,North,2,454.17,908.34,96.33
ORD005748,2025-04-23,Tablet,Electronics,West,2,47313.77,94627.54,13781.87
ORD004527,2025-04-23,Sofa,Furniture,West,5,3141.98,15709.9,2313.3
ORD001330,2025-04-23,Cooking Oil,Groceries,Central,3,502.79,1508.37,174.57
ORD001516,2025-04-23,Jeans,Clothing,North,6,1235.26,7411.56,2257.44
ORD004753,2025-04-23,Dairy Bundle,Groceries,Central,6,818.14,4908.84,473.05
ORD001860,2025-04-23,Yoga Mat,Sports,South,5,6920.57,34602.85,6997.03
ORD003868,2025-04-23,Shoes,Clothing,North,1,711.6,711.6,255.08
ORD006946,2025-04-23,Dumbbell Set,Sports,Central,1,11583.79,11583.79,3683.32
ORD009454,2025-04-23,Jeans,Clothing,West,2,4157.05,8314.1,3284.2
ORD008706,2025-04-23,Bookshelf,Furniture,North,1,8827.07,8827.07,1344.93
ORD004952,2025-04-23,Dress,Clothing,South,2,999.3,1998.6,678.72
ORD001884,2025-04-23,Smartphone,Electronics,West,3,50917.9,152753.7,20172.85
ORD003578,2025-04-23,Yoga Mat,Sports,North,5,4420.05,22100.25,6951.68
ORD006935,2025-04-23,Headphones,Electronics,South,2,52499.08,104998.16,14196.59
ORD004478,2025-04-23,Smartphone,Electronics,East,3,32422.65,97267.95,11547.85
ORD011060,2025-04-23,Dress,Clothing,Central,2,4824.09,9648.18,3889.17
ORD005252,2025-04-23,Jeans,Clothing,Central,4,3773.89,15095.56,4219.25
ORD001106,2025-04-23,Cooking Oil,Groceries,West,1,1532.53,1532.53,199.98
ORD006582,2025-04-23,Smartphone,Electronics,North,1,47131.24,47131.24,4330.74
ORD001465,2025-04-23,Yoga Mat,Sports,South,5,11436.6,57183.0,13074.27
ORD002927,2025-04-23,Wardrobe,Furniture,Central,2,25844.28,51688.56,11866.06
ORD011899,2025-04-24,Dumbbell Set,Sports,West,5,5228.92,26144.6,6243.27
ORD009245,2025-04-24,Desk,Furniture,East,5,23670.9,118354.5,19890.93
ORD001177,2025-04-24,Desk,Furniture,Central,4,19152.06,76608.24,17700.7
ORD012464,2025-04-24,Shoes,Clothing,South,1,1752.75,1752.75,571.2
ORD000064,2025-04-24,Rice,Groceries,West,1,1654.23,1654.23,225.1
ORD006035,2025-04-24,Jacket,Clothing,Central,2,4358.18,8716.36,2447.21
ORD012465,2025-04-24,Jacket,Clothing,North,2,2925.95,5851.9,1521.63
ORD000117,2025-04-24,Laptop,Electronics,East,2,49537.08,99074.16,13781.43
ORD010534,2025-04-24,Wardrobe,Furniture,South,2,19820.19,39640.38,6055.97
ORD009229,2025-04-24,T-Shirt,Clothing,East,2,1359.2,2718.4,993.13
ORD012020,2025-04-24,Rice,Groceries,North,1,1021.86,1021.86,148.97
ORD005828,2025-04-24,Headphones,Electronics,South,1,72057.95,72057.95,11027.93
ORD005826,2025-04-24,Wardrobe,Furniture,Central,1,12057.42,12057.42,2255.49
ORD005352,2025-04-24,Laptop,Electronics,East,1,19933.93,19933.93,3943.84
ORD006910,2025-04-24,Running Shoes,Sports,South,3,9963.99,29891.97,5209.0
ORD001412,2025-04-24,Smartwatch,Electronics,East,1,53674.19,53674.19,5724.3
ORD000186,2025-04-24,Running Shoes,Sports,Central,3,1961.28,5883.84,904.02
ORD004487,2025-04-24,Smartphone,Electronics,South,3,27798.5,83395.5,7468.69
ORD009216,2025-04-24,Rice,Groceries,North,8,1887.42,15099.36,1888.17
ORD005812,2025-04-24,Yoga Mat,Sports,Central,4,1445.3,5781.2,924.9
ORD007549,2025-04-24,Shoes,Clothing,West,4,1726.38,6905.52,2346.26
ORD005804,2025-04-24,Shoes,Clothing,Central,1,1951.78,1951.78,471.89
ORD009127,2025-04-24,Headphones,Electronics,Central,1,56335.75,56335.75,7639.6
ORD011929,2025-04-24,Yoga Mat,Sports,South,1,12451.69,12451.69,4288.9
ORD000793,2025-04-24,Laptop,Electronics,East,2,79120.56,158241.12,15250.14
ORD012375,2025-04-24,Laptop,Electronics,Central,4,54215.91,216863.64,42432.99
ORD009676,2025-04-24,Shoes,Clothing,West,2,443.55,887.1,197.66
ORD003500,2025-04-24,Dress,Clothing,West,1,1924.41,1924.41,683.89
ORD005009,2025-04-24,Jeans,Clothing,East,8,332.7,2661.6,692.1
ORD000367,2025-04-24,Jacket,Clothing,Central,1,3426.43,3426.43,1133.35
ORD006122,2025-04-24,Laptop,Electronics,Central,1,69603.39,69603.39,13313.16
ORD003867,2025-04-24,Smartwatch,Electronics,Central,3,8056.84,24170.52,4283.42
ORD010925,2025-04-24,Wardrobe,Furniture,South,6,3646.53,21879.18,3925.56
ORD009687,2025-04-24,Cooking Oil,Groceries,North,4,728.73,2914.92,356.25
ORD006106,2025-04-24,Rice,Groceries,South,1,1272.08,1272.08,128.35
ORD006807,2025-04-25,Jacket,Clothing,Central,8,1832.53,14660.24,3421.55
ORD012295,2025-04-25,Snacks,Groceries,Central,4,1157.71,4630.84,618.15
ORD010851,2025-04-25,Snacks,Groceries,North,1,202.39,202.39,30.0
ORD006803,2025-04-25,Smartphone,Electronics,North,6,9327.26,55963.56,5470.69
ORD006858,2025-04-25,Chair,Furniture,Central,1,7301.35,7301.35,961.79
ORD000653,2025-04-25,Rice,Groceries,South,3,1447.21,4341.63,595.22
ORD002704,2025-04-25,Smartphone,Electronics,Central,4,77596.8,310387.2,41347.51
ORD000214,2025-04-25,Desk,Furniture,West,4,14362.85,57451.4,13395.12
ORD010795,2025-04-25,Badminton Kit,Sports,South,4,8963.6,35854.4,6693.9
ORD002742,2025-04-25,Bookshelf,Furniture,Central,2,14497.14,28994.28,6061.33
ORD008408,2025-04-25,Desk,Furniture,Central,1,18377.52,18377.52,1871.35
ORD000575,2025-04-25,Badminton Kit,Sports,East,3,12833.44,38500.32,12453.27
ORD000301,2025-04-25,Bookshelf,Furniture,Central,1,6730.18,6730.18,954.26
ORD003559,2025-04-25,Desk,Furniture,North,3,24522.48,73567.44,8083.18
ORD010738,2025-04-25,Jacket,Clothing,South,7,2893.76,20256.32,6617.53
ORD011205,2025-04-25,Tablet,Electronics,South,2,13614.16,27228.32,3898.64
ORD005370,2025-04-25,Wardrobe,Furniture,West,7,8293.0,58051.0,7504.61
ORD010893,2025-04-25,Dairy Bundle,Groceries,Central,2,1485.9,2971.8,314.46
ORD006049,2025-04-25,Snacks,Groceries,South,2,436.7,873.4,119.92
ORD000065,2025-04-25,Jacket,Clothing,South,1,332.68,332.68,109.01
ORD002225,2025-04-25,Bookshelf,Furniture,South,1,11357.4,11357.4,2380.86
ORD010603,2025-04-25,Sofa,Furniture,Central,1,7970.58,7970.58,905.28
ORD001946,2025-04-25,Running Shoes,Sports,North,4,11409.77,45639.08,11695.42
ORD000625,2025-04-25,Wardrobe,Furniture,North,1,27783.74,27783.74,5348.3
ORD004406,2025-04-25,Headphones,Electronics,Central,1,22621.08,22621.08,2900.8
ORD008022,2025-04-25,Running Shoes,Sports,Central,6,1014.31,6085.86,1963.53
ORD005210,2025-04-25,T-Shirt,Clothing,East,3,2265.84,6797.52,2309.97
ORD003485,2025-04-25,Dumbbell Set,Sports,South,1,10076.81,10076.81,2460.39
ORD011358,2025-04-25,Dumbbell Set,Sports,Central,3,1294.07,3882.21,644.37
ORD002362,2025-04-25,T-Shirt,Clothing,West,4,1259.94,5039.76,1535.48
ORD005604,2025-04-25,T-Shirt,Clothing,Central,3,3950.21,11850.63,3046.59
ORD001007,2025-04-25,Dairy Bundle,Groceries,South,1,1822.23,1822.23,116.49
ORD006664,2025-04-25,Rice,Groceries,West,4,1037.27,4149.08,330.26
ORD009531,2025-04-25,Snacks,Groceries,Central,1,1297.1,1297.1,174.22
ORD002371,2025-04-25,Bookshelf,Furniture,Central,2,22124.11,44248.22,5158.92
ORD009869,2025-04-25,Chair,Furniture,Central,4,16798.42,67193.68,13693.09
ORD000676,2025-04-25,Badminton Kit,Sports,Central,7,13071.96,91503.72,24315.75
ORD012476,2025-04-25,Laptop,Electronics,North,5,12048.37,60241.85,11674.05
ORD002937,2025-04-25,Smartphone,Electronics,West,1,53218.19,53218.19,9557.6
ORD009387,2025-04-25,Shoes,Clothing,West,2,3820.79,7641.58,2620.56
ORD002432,2025-04-25,Snacks,Groceries,North,4,231.17,924.68,77.19
ORD011328,2025-04-25,Cycle,Sports,West,1,11119.06,11119.06,1844.21
ORD010699,2025-04-25,Desk,Furniture,Central,4,19651.38,78605.52,8029.96
ORD008845,2025-04-26,Cooking Oil,Groceries,East,1,1434.84,1434.84,182.8
ORD005721,2025-04-26,Dairy Bundle,Groceries,Central,1,662.89,662.89,69.27
ORD001956,2025-04-26,Headphones,Electronics,Central,3,10827.4,32482.2,3658.79
ORD000501,2025-04-26,Smartphone,Electronics,Central,2,21329.57,42659.14,6186.77
ORD001658,2025-04-26,Smartphone,Electronics,East,2,23672.05,47344.1,7546.75
ORD003483,2025-04-26,Cycle,Sports,East,3,4823.18,14469.54,2536.41
ORD002305,2025-04-26,Yoga Mat,Sports,South,1,14366.23,14366.23,3237.22
ORD011220,2025-04-26,Shoes,Clothing,North,1,1720.2,1720.2,721.83
ORD007604,2025-04-26,Sofa,Furniture,North,5,24275.77,121378.85,26040.7
ORD006780,2025-04-26,Running Shoes,Sports,North,2,1818.03,3636.06,919.75
ORD001632,2025-04-26,Jacket,Clothing,South,1,2270.58,2270.58,464.4
ORD000079,2025-04-26,Smartphone,Electronics,East,4,56393.76,225575.04,38662.29
ORD006494,2025-04-26,Spices Pack,Groceries,West,2,1895.26,3790.52,191.85
ORD005864,2025-04-26,Running Shoes,Sports,East,3,3291.68,9875.04,2952.9
ORD012228,2025-04-26,Tablet,Electronics,South,1,47982.43,47982.43,4008.94
ORD005345,2025-04-26,Smartphone,Electronics,South,4,65505.49,262021.96,28611.81
ORD004790,2025-04-26,Running Shoes,Sports,Central,2,1237.38,2474.76,480.66
ORD011043,2025-04-26,Dairy Bundle,Groceries,Central,2,563.05,1126.1,126.58
ORD006627,2025-04-26,Cooking Oil,Groceries,East,4,743.42,2973.68,235.96
ORD009194,2025-04-26,Dairy Bundle,Groceries,West,3,1096.59,3289.77,168.82
ORD010243,2025-04-26,Sofa,Furniture,South,2,25440.13,50880.26,7515.06
ORD009727,2025-04-26,T-Shirt,Clothing,North,5,2368.16,11840.8,3529.88
ORD003344,2025-04-26,Tablet,Electronics,South,3,34831.31,104493.93,12769.7
ORD007336,2025-04-26,Jeans,Clothing,West,2,2643.16,5286.32,2214.51
ORD008436,2025-04-26,Spices Pack,Groceries,East,1,1373.61,1373.61,192.46
ORD009264,2025-04-26,Wardrobe,Furniture,Central,1,8408.03,8408.03,1081.65
ORD008547,2025-04-26,Cycle,Sports,East,1,14452.83,14452.83,3036.76
ORD009936,2025-04-26,Tablet,Electronics,East,4,58758.89,235035.56,21126.36
ORD010911,2025-04-26,Bookshelf,Furniture,East,2,2074.79,4149.58,910.03
ORD002614,2025-04-26,Dairy Bundle,Groceries,Central,4,1208.28,4833.12,669.07
ORD002574,2025-04-26,Dress,Clothing,North,3,3348.81,10046.43,4267.85
ORD009301,2025-04-26,Snacks,Groceries,South,3,734.75,2204.25,230.74
ORD006400,2025-04-26,Chair,Furniture,East,3,20872.73,62618.19,10347.51
ORD002179,2025-04-26,T-Shirt,Clothing,South,1,1336.29,1336.29,476.27
ORD011771,2025-04-27,Desk,Furniture,North,5,26351.22,131756.1,26462.03
ORD000904,2025-04-27,Dairy Bundle,Groceries,North,4,1356.6,5426.4,371.81
ORD009155,2025-04-27,Bookshelf,Furniture,South,1,15418.79,15418.79,2206.54
ORD012341,2025-04-27,Dairy Bundle,Groceries,West,6,749.01,4494.06,673.86
ORD011501,2025-04-27,Shoes,Clothing,North,1,2759.26,2759.26,678.91
ORD011947,2025-04-27,Running Shoes,Sports,Central,4,10194.16,40776.64,8630.44
ORD006295,2025-04-27,T-Shirt,Clothing,West,2,4755.21,9510.42,3606.44
ORD010561,2025-04-27,Cooking Oil,Groceries,West,1,881.2,881.2,64.71
ORD011766,2025-04-27,Spices Pack,Groceries,East,3,103.95,311.85,45.78
ORD002680,2025-04-27,Desk,Furniture,North,5,25892.88,129464.4,22623.9
ORD004311,2025-04-27,Jacket,Clothing,South,1,4981.26,4981.26,1220.41
ORD005692,2025-04-27,Cooking Oil,Groceries,Central,4,1249.64,4998.56,594.14
ORD000526,2025-04-27,Smartwatch,Electronics,North,4,70978.52,1583123.94,227134.68
ORD008705,2025-04-27,Cooking Oil,Groceries,East,1,309.83,309.83,30.1
ORD000846,2025-04-27,Dress,Clothing,Central,4,1121.74,4486.96,1461.14
ORD002315,2025-04-27,Dumbbell Set,Sports,North,7,9863.01,69041.07,17406.23
ORD010933,2025-04-27,Tablet,Electronics,West,1,45517.74,45517.74,9051.74
ORD001478,2025-04-27,Sofa,Furniture,South,3,27787.85,83363.55,17021.95
ORD007726,2025-04-27,Wardrobe,Furniture,South,1,17853.74,17853.74,2422.55
ORD006918,2025-04-27,T-Shirt,Clothing,West,8,2159.54,17276.32,6152.78
ORD009750,2025-04-27,Rice,Groceries,North,3,895.85,2687.55,310.82
ORD002624,2025-04-27,Shoes,Clothing,Central,2,4049.68,8099.36,3370.08
ORD004019,2025-04-27,Tablet,Electronics,North,3,27539.46,82618.38,15087.2
ORD002492,2025-04-27,Shoes,Clothing,South,3,3417.56,10252.68,4201.29
ORD005767,2025-04-27,Wardrobe,Furniture,West,3,27234.27,81702.81,9715.72
ORD004005,2025-04-27,Smartwatch,Electronics,East,2,57932.71,115865.42,9821.37
ORD010581,2025-04-27,Dumbbell Set,Sports,North,3,1445.87,4337.61,718.26
ORD005958,2025-04-27,Cycle,Sports,East,3,13766.51,41299.53,14365.5
ORD002230,2025-04-27,Jeans,Clothing,South,3,2254.35,6763.05,2280.14
ORD008146,2025-04-27,Dress,Clothing,East,7,1805.7,12639.9,3146.65
ORD002858,2025-04-27,Bookshelf,Furniture,Central,8,20950.96,167607.68,24343.01
ORD010673,2025-04-27,Yoga Mat,Sports,Central,2,4885.6,9771.2,2716.09
ORD004256,2025-04-27,Jeans,Clothing,North,1,1171.97,1171.97,425.33
ORD005133,2025-04-28,Smartphone,Electronics,North,3,67262.3,201786.9,17159.3
ORD010505,2025-04-28,Jacket,Clothing,South,2,502.5,1005.0,240.33
ORD004543,2025-04-28,Rice,Groceries,South,3,725.77,2177.31,138.96
ORD006921,2025-04-28,Desk,Furniture,Central,2,5587.78,11175.56,1976.01
ORD006556,2025-04-28,Dress,Clothing,North,3,1348.16,4044.48,1340.37
ORD003772,2025-04-28,Desk,Furniture,East,1,18545.65,18545.65,4606.41
ORD002056,2025-04-28,Wardrobe,Furniture,West,1,17789.75,17789.75,3113.95
ORD007783,2025-04-28,Tablet,Electronics,West,3,27238.92,81716.76,8824.64
ORD004853,2025-04-28,Dairy Bundle,Groceries,Central,2,757.6,1515.2,101.91
ORD008227,2025-04-28,Running Shoes,Sports,South,4,813.81,3255.24,999.29
ORD010847,2025-04-28,Yoga Mat,Sports,East,1,4626.8,4626.8,1044.62
ORD012268,2025-04-28,Jacket,Clothing,Central,2,413.46,826.92,217.04
ORD007438,2025-04-28,Bookshelf,Furniture,North,2,23678.04,47356.08,9047.58
ORD002659,2025-04-28,Spices Pack,Groceries,North,1,629.52,629.52,91.84
ORD012101,2025-04-28,Cycle,Sports,West,1,11991.79,11991.79,2156.36
ORD003445,2025-04-28,Running Shoes,Sports,West,3,2666.29,7998.87,2015.69
ORD010327,2025-04-28,Running Shoes,Sports,East,2,5928.55,11857.1,2272.46
ORD011360,2025-04-28,Wardrobe,Furniture,South,3,4656.9,13970.7,2211.14
ORD004830,2025-04-28,Badminton Kit,Sports,Central,6,9804.3,58825.8,18439.06
ORD006114,2025-04-28,Jeans,Clothing,Central,4,1876.74,7506.96,1655.95
ORD007079,2025-04-28,Cooking Oil,Groceries,Central,3,1773.11,5319.33,588.76
ORD008396,2025-04-28,Smartphone,Electronics,East,4,50020.08,200080.32,17029.02
ORD007995,2025-04-28,Snacks,Groceries,West,4,1513.95,6055.8,624.95
ORD010279,2025-04-28,Dumbbell Set,Sports,North,2,6356.31,12712.62,3644.91
ORD002873,2025-04-28,Smartphone,Electronics,West,3,19780.37,59341.11,9673.39
ORD010676,2025-04-28,Running Shoes,Sports,South,2,3304.73,6609.46,1892.22
ORD009100,2025-04-28,Headphones,Electronics,East,2,56289.52,112579.04,15073.85
ORD009411,2025-04-28,Snacks,Groceries,Central,4,1912.42,7649.68,595.58
ORD010613,2025-04-28,Headphones,Electronics,South,1,26040.45,26040.45,5063.83
ORD005461,2025-04-29,Running Shoes,Sports,South,3,10893.57,32680.71,8790.56
ORD005178,2025-04-29,Sofa,Furniture,Central,1,14194.14,14194.14,1573.45
ORD000538,2025-04-29,T-Shirt,Clothing,North,5,4942.3,24711.5,7585.03
ORD007998,2025-04-29,Sofa,Furniture,West,2,28258.05,56516.1,5715.97
ORD007106,2025-04-29,Desk,Furniture,East,6,3443.54,20661.24,5037.45
ORD009998,2025-04-29,Jacket,Clothing,Central,1,4534.88,4534.88,1901.29
ORD005551,2025-04-29,Yoga Mat,Sports,East,1,4451.94,4451.94,1446.87
ORD002653,2025-04-29,Jeans,Clothing,East,2,2334.35,4668.7,1558.81
ORD011028,2025-04-29,Tablet,Electronics,South,2,50187.48,100374.96,10560.86
ORD009989,2025-04-29,Spices Pack,Groceries,West,1,138.31,138.31,10.28
ORD003656,2025-04-29,Chair,Furniture,East,2,29072.24,58144.48,10407.24
ORD002021,2025-04-29,Running Shoes,Sports,North,1,13058.47,13058.47,2714.7
ORD004097,2025-04-29,Desk,Furniture,East,1,11380.24,11380.24,1491.86
ORD011589,2025-04-29,Jacket,Clothing,West,4,3503.55,14014.2,3868.81
ORD002790,2025-04-29,Desk,Furniture,North,8,27530.92,220247.36,36532.34
ORD004536,2025-04-29,Cooking Oil,Groceries,Central,4,1784.52,7138.08,893.46
ORD011925,2025-04-29,Wardrobe,Furniture,North,1,25286.3,25286.3,3779.25
ORD003457,2025-04-29,Dairy Bundle,Groceries,West,1,481.07,481.07,34.41
ORD011199,2025-04-29,Badminton Kit,Sports,South,1,13409.78,13409.78,2036.29
ORD002640,2025-04-29,Dress,Clothing,South,1,4717.64,4717.64,1348.1
ORD009221,2025-04-29,Headphones,Electronics,North,2,38633.0,77266.0,7607.89
ORD010376,2025-04-29,Dress,Clothing,East,6,4508.2,27049.2,9196.33
ORD003768,2025-04-29,T-Shirt,Clothing,Central,2,4250.08,8500.16,3190.31
ORD002244,2025-04-29,Desk,Furniture,North,1,2705.57,2705.57,414.56
ORD011796,2025-04-29,Jeans,Clothing,West,1,2797.43,2797.43,1047.21
ORD012083,2025-04-29,Dumbbell Set,Sports,Central,2,8380.39,16760.78,2805.21
ORD012094,2025-04-29,Desk,Furniture,South,2,3358.33,6716.66,1373.56
ORD011025,2025-04-29,Chair,Furniture,West,1,26944.22,26944.22,3001.72
ORD002647,2025-04-29,Dairy Bundle,Groceries,South,1,174.79,174.79,9.12
ORD003302,2025-04-30,Smartwatch,Electronics,North,1,34354.04,34354.04,6075.61
ORD010144,2025-04-30,Yoga Mat,Sports,East,5,13459.48,67297.4,13542.0
ORD005583,2025-04-30,Dress,Clothing,West,2,1846.75,3693.5,1231.74
ORD001490,2025-04-30,Spices Pack,Groceries,South,1,1437.03,1437.03,211.28
ORD011622,2025-04-30,Wardrobe,Furniture,East,3,16111.49,48334.47,11845.84
ORD009023,2025-04-30,Shoes,Clothing,North,2,4269.41,8538.82,3146.52
ORD000871,2025-04-30,Smartphone,Electronics,West,2,67582.73,135165.46,22712.36
ORD011763,2025-04-30,Spices Pack,Groceries,East,5,282.04,1410.2,137.64
ORD000976,2025-04-30,Cooking Oil,Groceries,Central,3,268.34,805.02,58.01
ORD002964,2025-04-30,Snacks,Groceries,West,4,1575.96,6303.84,739.71
ORD001586,2025-04-30,Snacks,Groceries,West,1,1344.83,1344.83,102.24
ORD000563,2025-04-30,Running Shoes,Sports,Central,7,10001.01,70007.07,18213.84
ORD009007,2025-04-30,Laptop,Electronics,South,4,67288.66,269154.64,45618.73
ORD008048,2025-04-30,Rice,Groceries,North,2,1771.45,3542.9,524.28
ORD004013,2025-04-30,Cooking Oil,Groceries,West,2,537.16,1074.32,97.34
ORD003726,2025-04-30,Shoes,Clothing,South,1,2821.13,2821.13,872.54
ORD010100,2025-04-30,Running Shoes,Sports,South,1,12057.94,12057.94,4107.1
ORD010260,2025-04-30,Tablet,Electronics,West,1,77768.13,77768.13,10857.45
ORD007003,2025-04-30,T-Shirt,Clothing,East,4,4014.95,16059.8,6890.74
ORD010019,2025-04-30,Rice,Groceries,North,2,1201.3,2402.6,176.77
ORD003549,2025-04-30,Running Shoes,Sports,West,1,12615.79,12615.79,2002.53
ORD009651,2025-04-30,T-Shirt,Clothing,West,1,3883.37,3883.37,1476.54
ORD003463,2025-04-30,Running Shoes,Sports,South,1,9425.51,9425.51,1488.4
ORD006580,2025-04-30,T-Shirt,Clothing,Central,1,4599.93,4599.93,1081.29
ORD008212,2025-04-30,Dairy Bundle,Groceries,West,5,565.68,2828.4,343.57
ORD010434,2025-04-30,Jeans,Clothing,Central,1,4438.91,4438.91,1882.86
ORD007426,2025-04-30,Laptop,Electronics,East,5,68158.83,340794.15,57111.95
ORD011567,2025-04-30,Badminton Kit,Sports,West,3,2444.21,7332.63,1383.04
ORD008530,2025-04-30,Yoga Mat,Sports,South,2,10936.54,21873.08,3619.61
ORD004165,2025-05-01,Dairy Bundle,Groceries,North,7,1742.04,12194.28,1176.24
ORD005313,2025-05-01,Cycle,Sports,West,1,14453.23,14453.23,4057.32
ORD011136,2025-05-01,Dress,Clothing,Central,5,4717.92,23589.6,7933.55
ORD011896,2025-05-01,Badminton Kit,Sports,East,2,2889.25,5778.5,1363.14
ORD000599,2025-05-01,Cycle,Sports,Central,2,14615.59,29231.18,10048.97
ORD011489,2025-05-01,Headphones,Electronics,East,1,66115.53,66115.53,7480.79
ORD011912,2025-05-01,Wardrobe,Furniture,Central,2,26744.61,53489.22,11501.28
ORD009288,2025-05-01,Dairy Bundle,Groceries,North,5,404.43,2022.15,243.09
ORD004293,2025-05-01,Headphones,Electronics,West,4,41375.44,165501.76,22580.88
ORD009103,2025-05-01,Dress,Clothing,East,5,508.26,2541.3,711.94
ORD008658,2025-05-01,Yoga Mat,Sports,North,2,7886.33,15772.66,4653.91
ORD007167,2025-05-01,Cycle,Sports,West,7,2154.66,15082.62,2987.9
ORD009968,2025-05-01,Sofa,Furniture,East,7,24327.76,170294.32,23344.09
ORD006713,2025-05-01,Jacket,Clothing,South,4,4387.87,17551.48,7007.04
ORD004738,2025-05-01,Dumbbell Set,Sports,East,1,13813.8,13813.8,4324.22
ORD007145,2025-05-01,Wardrobe,Furniture,South,2,23778.74,47557.48,6505.13
ORD007059,2025-05-01,Sofa,Furniture,Central,1,11842.79,11842.79,1296.76
ORD005167,2025-05-01,Cycle,Sports,West,4,1790.55,7162.2,2068.43
ORD002747,2025-05-01,Running Shoes,Sports,North,6,8739.89,52439.34,10746.56
ORD011406,2025-05-01,Cycle,Sports,North,2,7010.92,14021.84,2561.86
ORD004619,2025-05-01,Chair,Furniture,South,2,2528.66,5057.32,581.99
ORD012074,2025-05-01,Desk,Furniture,East,1,21957.08,21957.08,2335.83
ORD004622,2025-05-01,Badminton Kit,Sports,Central,1,10630.22,10630.22,3091.13
ORD009859,2025-05-01,Desk,Furniture,South,1,2680.2,2680.2,599.48
ORD003582,2025-05-01,Jeans,Clothing,Central,2,3257.33,26487.53,9928.27
ORD009329,2025-05-01,Snacks,Groceries,West,1,1694.43,1694.43,213.36
ORD007046,2025-05-01,T-Shirt,Clothing,East,6,4796.02,28776.12,8570.08
ORD001565,2025-05-01,T-Shirt,Clothing,Central,2,4772.01,9544.02,3909.45
ORD001025,2025-05-01,Tablet,Electronics,North,2,47134.75,94269.5,8466.06
ORD008172,2025-05-01,T-Shirt,Clothing,West,3,3833.07,11499.21,4447.25
ORD005722,2025-05-01,Smartwatch,Electronics,Central,1,24120.6,24120.6,3214.55
ORD001221,2025-05-01,Smartphone,Electronics,South,3,47867.23,143601.69,20822.9
ORD006890,2025-05-01,Wardrobe,Furniture,North,6,24138.47,144830.82,29628.18
ORD001097,2025-05-01,Rice,Groceries,Central,1,1374.39,1374.39,145.75
ORD009060,2025-05-01,Headphones,Electronics,Central,1,60141.86,60141.86,10697.67
ORD008720,2025-05-01,Shoes,Clothing,South,3,2362.58,7087.74,3072.67
ORD010135,2025-05-01,Tablet,Electronics,West,4,41424.21,165696.84,19779.15
ORD011865,2025-05-02,Dairy Bundle,Groceries,South,1,789.44,789.44,71.69
ORD010569,2025-05-02,Chair,Furniture,South,1,29221.13,29221.13,5618.93
ORD001933,2025-05-02,Spices Pack,Groceries,South,1,301.16,301.16,25.75
ORD003460,2025-05-02,Cycle,Sports,East,4,9422.54,37690.16,8758.79
ORD006795,2025-05-02,Dairy Bundle,Groceries,North,5,118.16,590.8,43.55
ORD008842,2025-05-02,Running Shoes,Sports,Central,3,10731.87,32195.61,5594.97
ORD011522,2025-05-02,T-Shirt,Clothing,South,6,3611.81,21670.86,8895.56
ORD003257,2025-05-02,Rice,Groceries,Central,1,1706.47,1706.47,221.68
ORD000199,2025-05-02,Chair,Furniture,East,3,26035.56,296500.97,48729.67
ORD002901,2025-05-02,T-Shirt,Clothing,East,2,1707.29,3414.58,768.41
ORD005098,2025-05-02,Chair,Furniture,West,1,8353.22,8353.22,1999.69
ORD001255,2025-05-02,T-Shirt,Clothing,Central,5,4280.75,21403.75,9059.62
ORD001033,2025-05-02,Smartwatch,Electronics,West,3,11740.87,35222.61,6141.18
ORD010103,2025-05-02,Shoes,Clothing,South,2,4378.23,8756.46,2373.33
ORD002911,2025-05-02,Bookshelf,Furniture,East,2,25602.47,51204.94,8545.23
ORD006673,2025-05-02,Wardrobe,Furniture,North,2,17832.42,35664.84,5900.51
ORD011626,2025-05-02,Desk,Furniture,North,4,29094.6,116378.4,13332.5
ORD011398,2025-05-02,Dress,Clothing,North,3,4277.5,12832.5,5471.11
ORD009777,2025-05-02,Tablet,Electronics,Central,3,71345.25,214035.75,28543.83
ORD000270,2025-05-02,Rice,Groceries,East,2,956.03,1912.06,120.3
ORD007186,2025-05-02,Headphones,Electronics,East,1,70991.5,70991.5,11698.23
ORD003644,2025-05-02,Laptop,Electronics,West,6,47231.48,283388.88,32312.24
ORD000482,2025-05-02,Headphones,Electronics,North,1,25665.14,25665.14,3252.17
ORD001427,2025-05-02,Tablet,Electronics,Central,6,21794.69,130768.14,24870.62
ORD006249,2025-05-02,Cooking Oil,Groceries,North,2,1345.63,10700.62,1115.11
ORD002641,2025-05-02,Shoes,Clothing,East,1,4944.18,4944.18,1588.6
ORD003932,2025-05-02,Tablet,Electronics,East,3,8662.46,25987.38,4035.09
ORD009980,2025-05-02,Wardrobe,Furniture,South,1,13600.41,13600.41,2384.41
ORD000511,2025-05-03,Spices Pack,Groceries,North,2,1425.1,2850.2,227.26
ORD004962,2025-05-03,Cooking Oil,Groceries,Central,3,1249.39,3748.17,417.58
ORD003706,2025-05-03,Smartphone,Electronics,Central,2,38541.32,77082.64,10298.44
ORD001643,2025-05-03,Laptop,Electronics,North,6,41574.3,249445.8,22221.62
ORD004585,2025-05-03,Dress,Clothing,North,1,1573.53,1573.53,427.07
ORD004664,2025-05-03,Cycle,Sports,East,2,11448.49,22896.98,4387.17
ORD002531,2025-05-03,Tablet,Electronics,South,1,75166.47,75166.47,14335.55
ORD002898,2025-05-03,Dumbbell Set,Sports,North,2,7791.7,15583.4,4815.61
ORD002733,2025-05-03,Chair,Furniture,South,2,9470.25,18940.5,3331.42
ORD006512,2025-05-03,Dairy Bundle,Groceries,Central,2,1911.26,3822.52,449.28
ORD011392,2025-05-03,Cycle,Sports,West,1,4340.36,4340.36,764.8
ORD009081,2025-05-03,Dress,Clothing,East,3,3453.03,10359.09,3966.86
ORD005513,2025-05-03,T-Shirt,Clothing,South,2,2463.54,4927.08,1683.17
ORD001812,2025-05-03,Spices Pack,Groceries,South,3,514.59,1543.77,212.13
ORD009031,2025-05-03,Laptop,Electronics,North,1,13923.58,13923.58,2604.31
ORD000519,2025-05-03,Tablet,Electronics,West,1,32471.0,32471.0,5421.75
ORD000258,2025-05-03,Cooking Oil,Groceries,Central,2,185.92,371.84,19.57
ORD001127,2025-05-03,Desk,Furniture,East,2,20737.61,41475.22,9306.75
ORD001448,2025-05-03,Snacks,Groceries,South,2,388.03,776.06,106.78
ORD001760,2025-05-03,Rice,Groceries,West,1,234.97,234.97,16.7
ORD005036,2025-05-03,Sofa,Furniture,West,2,28217.6,56435.2,12478.14
ORD001392,2025-05-03,Laptop,Electronics,South,4,78645.86,314583.44,55107.83
ORD007006,2025-05-03,Shoes,Clothing,North,7,4206.1,29442.7,12599.54
ORD005588,2025-05-03,Headphones,Electronics,South,3,75708.9,227126.7,33283.49
ORD008551,2025-05-03,Smartwatch,Electronics,South,6,67864.63,407187.78,74089.18
ORD006747,2025-05-03,Dumbbell Set,Sports,West,2,4350.27,8700.54,2080.18
ORD009589,2025-05-03,Tablet,Electronics,South,1,45601.51,263343.14,22752.77
ORD000025,2025-05-04,Jeans,Clothing,North,5,2869.54,14347.7,3532.6
ORD000931,2025-05-04,Dumbbell Set,Sports,West,3,11758.49,35275.47,9920.6
ORD009376,2025-05-04,Laptop,Electronics,South,1,11643.98,11643.98,1704.89
ORD004921,2025-05-04,Shoes,Clothing,West,7,4337.24,30360.68,13598.5
ORD010868,2025-05-04,Dumbbell Set,Sports,West,1,8436.27,8436.27,2040.93
ORD002877,2025-05-04,Chair,Furniture,East,3,4996.82,14990.46,3254.5
ORD009392,2025-05-04,Rice,Groceries,East,1,289.47,289.47,35.99
ORD009396,2025-05-04,Tablet,Electronics,East,5,50827.42,254137.1,44033.68
ORD003692,2025-05-04,Laptop,Electronics,Central,4,79071.21,316284.84,46600.78
ORD010443,2025-05-04,Smartwatch,Electronics,Central,4,71512.33,286049.32,24265.24
ORD006873,2025-05-04,Cooking Oil,Groceries,East,3,280.37,841.11,68.87
ORD010428,2025-05-04,Cycle,Sports,South,2,13820.76,27641.52,6251.23
ORD005552,2025-05-04,Sofa,Furniture,East,1,23465.43,23465.43,3621.35
ORD006459,2025-05-04,Wardrobe,Furniture,South,4,12851.86,51407.44,9868.22
ORD004883,2025-05-04,Shoes,Clothing,South,4,4457.49,17829.96,4522.38
ORD008905,2025-05-04,Jacket,Clothing,South,2,1636.78,3273.56,873.42
ORD007213,2025-05-04,Rice,Groceries,West,1,823.09,823.09,104.48
ORD008074,2025-05-04,Rice,Groceries,Central,5,1592.06,7960.3,952.96
ORD012251,2025-05-04,Dumbbell Set,Sports,Central,1,3658.34,3658.34,1201.92
ORD009211,2025-05-04,Wardrobe,Furniture,East,6,17995.33,107971.98,12176.55
ORD011975,2025-05-04,Dumbbell Set,Sports,Central,1,10613.71,10613.71,3518.46
ORD005294,2025-05-04,Dress,Clothing,West,1,652.6,652.6,276.65
ORD003042,2025-05-04,Dairy Bundle,Groceries,Central,3,816.96,2450.88,185.83
ORD002337,2025-05-04,Badminton Kit,Sports,East,5,11017.89,55089.45,9503.93
ORD011297,2025-05-04,Headphones,Electronics,South,2,43264.59,86529.18,9204.12
ORD006227,2025-05-04,Bookshelf,Furniture,South,2,2431.62,4863.24,1082.21
ORD008941,2025-05-04,Shoes,Clothing,Central,3,1668.78,5006.34,2011.94
ORD006322,2025-05-04,Smartphone,Electronics,East,5,63007.79,315038.95,62702.58
ORD001117,2025-05-04,Headphones,Electronics,West,1,73008.44,73008.44,13307.37
ORD005766,2025-05-04,Shoes,Clothing,West,5,4865.59,24327.95,5374.54
ORD011382,2025-05-04,Shoes,Clothing,North,7,4454.07,31178.49,12798.46
ORD000323,2025-05-04,Snacks,Groceries,West,1,327.55,327.55,45.55
ORD010667,2025-05-04,Chair,Furniture,West,2,8514.99,17029.98,3394.88
ORD001358,2025-05-04,Badminton Kit,Sports,East,4,519.63,2078.52,436.41
ORD005061,2025-05-05,Tablet,Electronics,Central,1,9476.79,9476.79,1041.74
ORD011911,2025-05-05,Spices Pack,Groceries,South,3,819.1,2457.3,306.39
ORD007158,2025-05-05,Dress,Clothing,East,6,3947.08,23682.48,8995.01
ORD001013,2025-05-05,Cooking Oil,Groceries,Central,2,895.71,1791.42,136.18
ORD011770,2025-05-05,Laptop,Electronics,North,3,8331.24,24993.72,3917.93
ORD003440,2025-05-05,T-Shirt,Clothing,West,4,3913.19,15652.76,4169.85
ORD001581,2025-05-05,Snacks,Groceries,South,1,943.45,943.45,49.24
ORD000805,2025-05-05,Snacks,Groceries,West,4,544.05,2176.2,226.33
ORD008150,2025-05-05,Snacks,Groceries,West,1,1055.03,1055.03,121.98
ORD006073,2025-05-05,Wardrobe,Furniture,South,3,15265.93,45797.79,9034.74
ORD006822,2025-05-05,Dress,Clothing,East,4,3331.96,13327.84,4523.05
ORD006504,2025-05-05,Spices Pack,Groceries,Central,3,1963.03,5889.09,863.12
ORD000351,2025-05-05,Badminton Kit,Sports,South,1,8222.55,8222.55,1318.61
ORD011671,2025-05-05,Yoga Mat,Sports,East,1,1296.98,1296.98,343.43
ORD000395,2025-05-05,Dumbbell Set,Sports,West,1,7199.08,7199.08,2443.78
ORD004601,2025-05-05,Yoga Mat,Sports,East,8,14211.63,113693.04,27125.73
ORD001906,2025-05-05,Wardrobe,Furniture,East,3,21376.32,64128.96,10817.87
ORD002601,2025-05-05,Dairy Bundle,Groceries,Central,5,678.53,3392.65,503.11
ORD001532,2025-05-05,Bookshelf,Furniture,East,1,18773.25,18773.25,3633.51
ORD003694,2025-05-05,Jacket,Clothing,North,3,745.27,2235.81,992.63
ORD005712,2025-05-05,Smartphone,Electronics,East,1,75817.16,75817.16,10888.15
ORD009005,2025-05-05,Shoes,Clothing,North,4,3019.01,12076.04,2955.5
ORD002169,2025-05-05,Dress,Clothing,Central,5,3117.47,15587.35,6633.99
ORD004799,2025-05-05,Chair,Furniture,Central,1,15937.18,15937.18,2413.96
ORD003585,2025-05-05,Sofa,Furniture,West,5,9347.65,46738.25,6368.77
ORD004072,2025-05-05,Jacket,Clothing,North,5,3330.82,16654.1,4887.72
ORD001438,2025-05-05,Cycle,Sports,South,1,11815.3,11815.3,2897.9
ORD005547,2025-05-05,Dress,Clothing,Central,2,488.06,976.12,276.32
ORD001550,2025-05-05,Dairy Bundle,Groceries,South,2,115.81,231.62,21.62
ORD009292,2025-05-06,T-Shirt,Clothing,Central,2,834.59,1669.18,679.8
ORD009872,2025-05-06,Wardrobe,Furniture,North,2,17023.0,34046.0,5719.83
ORD008686,2025-05-06,Dress,Clothing,West,1,1257.95,1257.95,353.66
ORD004888,2025-05-06,Laptop,Electronics,North,4,65156.19,260624.76,35388.15
ORD005088,2025-05-06,Smartphone,Electronics,Central,1,21271.86,21271.86,1867.25
ORD006078,2025-05-06,Dress,Clothing,Central,1,3101.85,3101.85,848.72
ORD009123,2025-05-06,Chair,Furniture,Central,2,10134.09,20268.18,4032.47
ORD008401,2025-05-06,Yoga Mat,Sports,West,5,8341.14,41705.7,12094.31
ORD004736,2025-05-06,T-Shirt,Clothing,South,1,2485.67,2485.67,925.85
ORD006104,2025-05-06,Chair,Furniture,East,1,27150.26,27150.26,5082.55
ORD006387,2025-05-06,Jacket,Clothing,South,3,1139.1,3417.3,1004.81
ORD007298,2025-05-06,Sofa,Furniture,North,2,15572.76,31145.52,7015.67
ORD009359,2025-05-06,Wardrobe,Furniture,South,2,16993.99,33987.98,3482.59
ORD004357,2025-05-06,Snacks,Groceries,South,6,1361.84,8171.04,757.12
ORD000001,2025-05-06,Laptop,Electronics,East,1,34966.89,34966.89,6786.57
ORD002143,2025-05-06,Sofa,Furniture,North,1,17466.25,17466.25,3306.09
ORD012119,2025-05-06,Shoes,Clothing,West,1,3891.94,3891.94,1089.5
ORD004020,2025-05-06,Snacks,Groceries,Central,1,758.29,758.29,111.7
ORD011140,2025-05-06,Sofa,Furniture,Central,2,21062.88,42125.76,6793.43
ORD010165,2025-05-06,Tablet,Electronics,Central,1,50879.55,50879.55,7789.05
ORD003685,2025-05-06,Laptop,Electronics,Central,3,21613.59,64840.77,12197.13
ORD004207,2025-05-06,Chair,Furniture,North,3,11807.63,35422.89,5944.93
ORD001001,2025-05-06,Bookshelf,Furniture,Central,1,9327.76,9327.76,1278.34
ORD002812,2025-05-06,Snacks,Groceries,South,2,1658.96,3317.92,418.07
ORD002449,2025-05-06,Spices Pack,Groceries,West,5,379.61,1898.05,151.46
ORD000111,2025-05-06,Running Shoes,Sports,East,4,10035.39,40141.56,10583.79
ORD004172,2025-05-06,T-Shirt,Clothing,South,3,1145.05,3435.15,1088.73
ORD002361,2025-05-06,Sofa,Furniture,North,2,11660.47,23320.94,2523.56
ORD002214,2025-05-06,Headphones,Electronics,West,4,25058.53,100234.12,9185.04
ORD012107,2025-05-06,T-Shirt,Clothing,Central,1,3707.77,3707.77,972.87
ORD004101,2025-05-06,Headphones,Electronics,East,3,21772.82,316602.56,40806.47
ORD003939,2025-05-06,Wardrobe,Furniture,South,1,20305.78,20305.78,3209.48
ORD001834,2025-05-06,Cooking Oil,Groceries,East,1,1694.44,1694.44,111.95
ORD003492,2025-05-06,Desk,Furniture,North,1,28175.02,28175.02,6346.24
ORD003787,2025-05-06,Rice,Groceries,North,6,381.39,2288.34,285.2
ORD011124,2025-05-07,Shoes,Clothing,East,4,3039.0,12156.0,4926.65
ORD006962,2025-05-07,Desk,Furniture,West,2,8900.88,17801.76,2162.55
ORD006319,2025-05-07,Jeans,Clothing,South,1,3692.97,3692.97,1487.04
ORD006327,2025-05-07,Headphones,Electronics,North,4,28527.16,114108.64,15359.73
ORD001496,2025-05-07,Headphones,Electronics,Central,2,20906.4,41812.8,7359.07
ORD010858,2025-05-07,Headphones,Electronics,North,5,64307.33,321536.65,33700.87
ORD007968,2025-05-07,Jeans,Clothing,North,1,2209.74,2209.74,459.29
ORD007262,2025-05-07,Dumbbell Set,Sports,West,3,13216.34,39649.02,7602.05
ORD001668,2025-05-07,Rice,Groceries,West,3,1791.78,5375.34,671.91
ORD004375,2025-05-07,Smartwatch,Electronics,East,2,16897.22,33794.44,3113.26
ORD001114,2025-05-07,Headphones,Electronics,South,2,29691.1,59382.2,9014.39
ORD003055,2025-05-07,Chair,Furniture,East,3,7487.45,22462.35,5426.12
ORD005079,2025-05-07,Chair,Furniture,East,1,8415.27,8415.27,1134.11
ORD012031,2025-05-07,Smartwatch,Electronics,North,3,61198.94,183596.82,31210.64
ORD003531,2025-05-07,Shoes,Clothing,South,2,4733.56,9467.12,3124.7
ORD007978,2025-05-07,Yoga Mat,Sports,East,2,2692.15,5384.3,1680.23
ORD003104,2025-05-07,Dairy Bundle,Groceries,North,1,591.26,591.26,49.5
ORD003836,2025-05-07,T-Shirt,Clothing,South,5,3917.93,19589.65,6667.12
ORD008810,2025-05-07,Cooking Oil,Groceries,Central,3,1906.3,5718.9,348.2
ORD003214,2025-05-07,Smartwatch,Electronics,West,4,76224.69,304898.76,52449.25
ORD005198,2025-05-07,Yoga Mat,Sports,South,1,1242.49,1242.49,371.63
ORD004712,2025-05-07,Desk,Furniture,North,1,18323.96,18323.96,2936.38
ORD005969,2025-05-07,Dairy Bundle,Groceries,North,1,1605.22,1605.22,147.05
ORD004576,2025-05-07,Wardrobe,Furniture,East,2,17217.16,34434.32,6011.31
ORD000369,2025-05-07,Snacks,Groceries,South,3,845.65,2536.95,334.01
ORD011551,2025-05-07,Tablet,Electronics,North,4,56225.96,224903.84,24857.87
ORD003705,2025-05-07,Headphones,Electronics,East,2,20651.5,41303.0,6263.76
ORD010703,2025-05-07,Smartphone,Electronics,South,1,28971.91,28971.91,5699.19
ORD000841,2025-05-07,Spices Pack,Groceries,South,4,757.59,3030.36,447.16
ORD007027,2025-05-07,Badminton Kit,Sports,East,2,10253.41,20506.82,5490.46
ORD000746,2025-05-07,Chair,Furniture,East,4,8651.24,34604.96,5397.95
ORD002644,2025-05-07,Rice,Groceries,North,4,1969.05,7876.2,433.33
ORD004066,2025-05-08,Sofa,Furniture,East,1,23794.41,23794.41,4551.53
ORD011195,2025-05-08,Shoes,Clothing,North,1,4712.23,27551.89,5585.51
ORD000451,2025-05-08,Yoga Mat,Sports,North,3,3514.35,10543.05,1637.4
ORD004074,2025-05-08,Cycle,Sports,West,2,4904.0,9808.0,3277.97
ORD007562,2025-05-08,T-Shirt,Clothing,East,2,2713.55,5427.1,1912.4
ORD000808,2025-05-08,Yoga Mat,Sports,East,1,5328.53,5328.53,1512.76
ORD008115,2025-05-08,Wardrobe,Furniture,Central,5,4340.3,21701.5,4847.98
ORD003125,2025-05-08,Snacks,Groceries,East,1,1468.21,1468.21,86.06
ORD004833,2025-05-08,Jeans,Clothing,East,3,1735.59,5206.77,2010.6
ORD005432,2025-05-08,Rice,Groceries,East,2,305.48,610.96,61.49
ORD002509,2025-05-08,Badminton Kit,Sports,South,2,1101.71,2203.42,472.44
ORD007547,2025-05-08,Wardrobe,Furniture,East,4,14796.06,59184.24,9470.77
ORD006244,2025-05-08,Smartphone,Electronics,East,2,36327.36,72654.72,6371.55
ORD003075,2025-05-08,Shoes,Clothing,West,1,3237.93,3237.93,1413.51
ORD008112,2025-05-08,Spices Pack,Groceries,East,4,717.28,2869.12,291.8
ORD010071,2025-05-08,Dairy Bundle,Groceries,South,7,1628.92,11402.44,768.35
ORD001308,2025-05-08,Desk,Furniture,East,2,10855.56,21711.12,2502.94
ORD008925,2025-05-08,Wardrobe,Furniture,West,3,11961.3,35883.9,8122.04
ORD012331,2025-05-08,Snacks,Groceries,West,2,1209.4,2418.8,357.76
ORD005186,2025-05-08,Rice,Groceries,East,5,793.55,13912.65,1954.0
ORD009237,2025-05-08,Smartphone,Electronics,West,1,39411.23,39411.23,5202.32
ORD010533,2025-05-08,Smartphone,Electronics,Central,1,51092.94,51092.94,7644.66
ORD009438,2025-05-08,Yoga Mat,Sports,South,1,13380.85,13380.85,4441.1
ORD002920,2025-05-08,Cycle,Sports,Central,1,9262.41,9262.41,2556.46
ORD011345,2025-05-08,Running Shoes,Sports,West,2,2818.1,5636.2,1378.6
ORD000559,2025-05-08,Cooking Oil,Groceries,Central,3,273.82,821.46,113.15
ORD006068,2025-05-08,Badminton Kit,Sports,East,1,2153.73,2153.73,472.82
ORD008434,2025-05-08,Dress,Clothing,North,1,4121.81,4121.81,1130.5
ORD010027,2025-05-08,Shoes,Clothing,West,2,2990.62,5981.24,1832.43
ORD000851,2025-05-08,Cycle,Sports,West,1,14504.42,14504.42,3430.29
ORD009129,2025-05-08,Smartphone,Electronics,North,6,18420.77,110524.62,12906.5
ORD003643,2025-05-08,Yoga Mat,Sports,North,2,3513.45,7026.9,1762.45
ORD009981,2025-05-08,Shoes,Clothing,North,4,2753.79,11015.16,2737.53
ORD002328,2025-05-08,Snacks,Groceries,South,4,828.45,3313.8,221.45
ORD008079,2025-05-08,Cycle,Sports,South,1,4881.77,4881.77,797.86
ORD001424,2025-05-08,Sofa,Furniture,North,1,24051.37,24051.37,3310.68
ORD000861,2025-05-09,Cooking Oil,Groceries,South,4,370.27,1481.08,92.03
ORD006257,2025-05-09,Tablet,Electronics,North,1,19353.58,19353.58,2747.45
ORD010714,2025-05-09,Yoga Mat,Sports,West,3,4840.38,14521.14,2791.03
ORD009321,2025-05-09,Smartphone,Electronics,West,1,69243.24,69243.24,12215.26
ORD000261,2025-05-09,Wardrobe,Furniture,South,1,18635.66,18635.66,2928.29
ORD008895,2025-05-09,Smartphone,Electronics,East,6,25452.65,152715.9,17304.9
ORD007175,2025-05-09,Bookshelf,Furniture,West,2,7217.34,14434.68,2231.34
ORD005269,2025-05-09,Shoes,Clothing,South,2,1853.97,3707.94,825.31
ORD005934,2025-05-09,Rice,Groceries,West,4,254.43,1017.72,53.01
ORD011177,2025-05-09,Laptop,Electronics,South,1,72463.56,72463.56,13699.3
ORD003727,2025-05-09,Dairy Bundle,Groceries,North,1,608.96,608.96,67.23
ORD010682,2025-05-09,Dress,Clothing,North,4,1916.72,7666.88,2089.71
ORD002435,2025-05-09,Sofa,Furniture,Central,2,18701.08,37402.16,8309.17
ORD010616,2025-05-09,Bookshelf,Furniture,East,1,14255.87,14255.87,1627.63
ORD002993,2025-05-09,Jacket,Clothing,East,1,972.39,972.39,197.88
ORD005326,2025-05-09,Wardrobe,Furniture,South,3,28227.26,84681.78,18972.31
ORD003890,2025-05-09,Dairy Bundle,Groceries,West,1,1804.87,1804.87,183.78
ORD002810,2025-05-09,Tablet,Electronics,West,3,47641.09,142923.27,14735.27
ORD006225,2025-05-09,Smartphone,Electronics,South,2,58037.5,116075.0,13581.63
ORD000309,2025-05-09,Running Shoes,Sports,North,1,1385.63,1385.63,284.57
ORD006085,2025-05-09,Spices Pack,Groceries,South,4,1151.46,4605.84,397.16
ORD009047,2025-05-09,Rice,Groceries,East,4,342.83,1371.32,116.95
ORD001247,2025-05-09,Badminton Kit,Sports,Central,2,11546.07,23092.14,5249.03
ORD001523,2025-05-09,Badminton Kit,Sports,South,6,11199.33,67195.98,19548.04
ORD006710,2025-05-09,Yoga Mat,Sports,South,5,13245.39,66226.95,19930.11
ORD001474,2025-05-09,Jeans,Clothing,East,2,2715.12,5430.24,1776.9
ORD006508,2025-05-09,Jeans,Clothing,West,5,4807.33,24036.65,8645.62
ORD004352,2025-05-09,T-Shirt,Clothing,North,1,1818.0,1818.0,471.43
ORD002623,2025-05-09,Badminton Kit,Sports,North,3,10900.3,32700.9,8711.98
ORD004190,2025-05-09,Smartwatch,Electronics,North,3,49436.07,633252.25,82837.41
ORD001506,2025-05-09,Rice,Groceries,North,1,1142.83,1142.83,90.01
ORD006758,2025-05-09,Yoga Mat,Sports,West,1,1172.12,3940.09,1024.16
ORD007476,2025-05-09,Badminton Kit,Sports,South,3,8784.6,26353.8,4743.56
ORD006640,2025-05-09,Snacks,Groceries,South,3,900.55,2701.65,365.81
ORD003447,2025-05-09,Tablet,Electronics,East,3,74960.39,224881.17,28341.34
ORD010455,2025-05-10,Chair,Furniture,South,1,14141.36,14141.36,1651.94
ORD002566,2025-05-10,Rice,Groceries,Central,5,1162.51,5812.55,589.82
ORD008759,2025-05-10,Shoes,Clothing,Central,1,3774.88,3774.88,1265.63
ORD000126,2025-05-10,Jeans,Clothing,North,6,1683.91,10103.46,2993.4
ORD002578,2025-05-10,Chair,Furniture,North,2,20939.15,41878.3,6078.42
ORD002105,2025-05-10,T-Shirt,Clothing,East,2,704.35,5379.94,1152.69
ORD002135,2025-05-10,Dairy Bundle,Groceries,South,3,1646.07,4938.21,711.35
ORD000657,2025-05-10,Rice,Groceries,Central,2,1140.43,2280.86,300.46
ORD002464,2025-05-10,Cooking Oil,Groceries,East,1,983.57,983.57,71.5
ORD012203,2025-05-10,Headphones,Electronics,Central,3,65819.32,197457.96,38199.05
ORD003335,2025-05-10,Cycle,Sports,Central,1,2703.71,2703.71,476.02
ORD012327,2025-05-10,Dairy Bundle,Groceries,South,7,428.82,3001.74,335.11
ORD010547,2025-05-10,Headphones,Electronics,Central,1,22403.5,22403.5,3054.71
ORD011035,2025-05-10,Smartwatch,Electronics,East,1,74288.61,74288.61,7380.24
ORD009705,2025-05-10,Dumbbell Set,Sports,North,1,7859.31,7859.31,1716.7
ORD005834,2025-05-10,Smartwatch,Electronics,North,1,49347.47,49347.47,8880.91
ORD010361,2025-05-10,Tablet,Electronics,Central,2,68625.12,137250.24,16610.81
ORD012087,2025-05-10,Desk,Furniture,South,2,12820.55,25641.1,4366.77
ORD004876,2025-05-10,Sofa,Furniture,West,5,11665.04,58325.2,6764.11
ORD003452,2025-05-10,Smartphone,Electronics,North,1,10720.48,10720.48,1685.31
ORD002863,2025-05-10,Laptop,Electronics,West,4,17383.07,69532.28,10931.27
ORD008266,2025-05-10,Dress,Clothing,Central,1,3825.73,3825.73,1368.82
ORD001279,2025-05-10,Yoga Mat,Sports,North,2,8077.36,16154.72,3391.09
ORD004866,2025-05-10,Sofa,Furniture,South,2,5874.6,11749.2,2493.47
ORD005955,2025-05-10,Bookshelf,Furniture,West,5,14036.72,70183.6,7134.46
ORD010797,2025-05-10,Smartphone,Electronics,West,2,51865.16,103730.32,15194.63
ORD006510,2025-05-10,Snacks,Groceries,North,1,887.13,887.13,131.05
ORD002806,2025-05-10,Smartphone,Electronics,East,4,13541.78,54167.12,8693.38
ORD003358,2025-05-10,Desk,Furniture,North,1,25996.81,25996.81,4218.4
ORD006169,2025-05-10,Shoes,Clothing,West,2,1185.23,2370.46,770.69
ORD000865,2025-05-10,Badminton Kit,Sports,North,2,12302.57,24605.14,6718.28
ORD009558,2025-05-10,Tablet,Electronics,Central,4,33913.37,135653.48,18404.59
ORD006204,2025-05-10,Running Shoes,Sports,West,3,1131.63,3394.89,656.75
ORD007686,2025-05-10,Badminton Kit,Sports,East,1,3208.61,3208.61,881.98
ORD001779,2025-05-10,Headphones,Electronics,East,3,27702.11,83106.33,11513.56
ORD008110,2025-05-10,T-Shirt,Clothing,Central,2,4908.78,9817.56,3938.21
ORD009990,2025-05-10,Desk,Furniture,South,1,4520.22,4520.22,751.77
ORD001882,2025-05-10,Running Shoes,Sports,West,2,8206.1,66598.72,13825.17
ORD005201,2025-05-10,Bookshelf,Furniture,West,1,6810.1,6810.1,965.72
ORD006350,2025-05-10,Cooking Oil,Groceries,East,4,1878.22,7512.88,478.54
ORD006343,2025-05-10,Dairy Bundle,Groceries,West,1,1090.41,1090.41,154.99
ORD008668,2025-05-10,Chair,Furniture,West,2,7618.02,15236.04,3785.21
ORD007491,2025-05-10,Jeans,Clothing,West,1,1517.76,1517.76,434.12
ORD009105,2025-05-11,Jacket,Clothing,South,1,2886.58,2886.58,1144.62
ORD007953,2025-05-11,Chair,Furniture,South,4,7483.1,29932.4,3579.72
ORD009015,2025-05-11,Yoga Mat,Sports,West,3,12724.13,38172.39,11153.02
ORD010962,2025-05-11,Dumbbell Set,Sports,Central,3,7180.23,21540.69,3555.56
ORD011723,2025-05-11,Rice,Groceries,West,1,1724.87,1724.87,185.8
ORD002899,2025-05-11,Rice,Groceries,North,6,357.92,2147.52,317.28
ORD011122,2025-05-11,Cycle,Sports,West,3,13874.77,41624.31,12146.7
ORD009252,2025-05-11,Desk,Furniture,West,2,22532.81,45065.62,7247.49
ORD010328,2025-05-11,Dumbbell Set,Sports,Central,1,10944.64,10944.64,3417.17
ORD002582,2025-05-11,Jacket,Clothing,North,3,1833.0,5499.0,1743.95
ORD002633,2025-05-11,Laptop,Electronics,South,6,77972.86,467837.16,66205.43
ORD011089,2025-05-11,Chair,Furniture,Central,2,11540.7,23081.4,2472.57
ORD004237,2025-05-11,Dairy Bundle,Groceries,East,2,942.84,1885.68,126.55
ORD007050,2025-05-11,Cycle,Sports,West,1,10488.56,10488.56,3450.8
ORD001250,2025-05-11,Dress,Clothing,West,5,4909.47,24547.35,7410.75
ORD006950,2025-05-11,Laptop,Electronics,North,3,77344.26,232032.78,21983.96
ORD006275,2025-05-11,Bookshelf,Furniture,West,1,20002.07,20002.07,4583.87
ORD002743,2025-05-11,Smartphone,Electronics,Central,2,57890.26,426959.49,84744.72
ORD008590,2025-05-11,Dairy Bundle,Groceries,South,6,1547.27,9283.62,1237.03
ORD004086,2025-05-11,T-Shirt,Clothing,South,2,4135.36,8270.72,3313.58
ORD004561,2025-05-11,Yoga Mat,Sports,East,3,13392.39,40177.17,9785.95
ORD011023,2025-05-11,Dumbbell Set,Sports,Central,4,11050.6,44202.4,7901.1
ORD011036,2025-05-11,Desk,Furniture,East,1,10509.86,10509.86,2407.31
ORD003709,2025-05-11,Yoga Mat,Sports,West,1,4919.03,4919.03,916.72
ORD007835,2025-05-11,Bookshelf,Furniture,North,3,19329.83,57989.49,6280.76
ORD006657,2025-05-11,Rice,Groceries,North,4,454.46,1817.84,206.57
ORD010770,2025-05-11,Headphones,Electronics,West,3,41442.28,124326.84,22141.86
ORD006601,2025-05-11,Chair,Furniture,South,1,2134.4,2134.4,376.44
ORD011330,2025-05-11,Bookshelf,Furniture,South,3,5259.42,15778.26,2659.19
ORD007929,2025-05-11,Smartphone,Electronics,Central,4,69265.26,277061.04,37407.7
ORD011371,2025-05-11,T-Shirt,Clothing,North,2,3456.18,6912.36,1553.45
ORD012452,2025-05-11,T-Shirt,Clothing,East,2,684.55,1369.1,317.43
ORD004701,2025-05-12,Rice,Groceries,Central,2,1405.16,2810.32,223.14
ORD007456,2025-05-12,Laptop,Electronics,South,5,26544.88,132724.4,19280.58
ORD005490,2025-05-12,Rice,Groceries,West,1,970.06,970.06,103.73
ORD007748,2025-05-12,Yoga Mat,Sports,East,1,6155.56,6155.56,1920.23
ORD009488,2025-05-12,Yoga Mat,Sports,Central,1,5690.53,5690.53,1856.44
ORD002881,2025-05-12,Jeans,Clothing,Central,3,3882.01,11646.03,5054.89
ORD011362,2025-05-12,Spices Pack,Groceries,East,4,1132.52,4530.08,379.93
ORD010066,2025-05-12,Dairy Bundle,Groceries,East,5,689.59,3447.95,189.58
ORD001437,2025-05-12,Dumbbell Set,Sports,Central,2,13442.09,26884.18,6287.93
ORD000900,2025-05-12,Dumbbell Set,Sports,South,4,1533.22,6132.88,934.78
ORD009810,2025-05-12,Sofa,Furniture,West,5,24315.79,121578.95,26718.12
ORD008449,2025-05-12,Laptop,Electronics,East,3,12952.21,38856.63,4796.72
ORD001387,2025-05-12,Running Shoes,Sports,West,1,12201.0,12201.0,2951.82
ORD004700,2025-05-12,Cooking Oil,Groceries,West,5,1027.84,5139.2,268.56
ORD001277,2025-05-12,Dairy Bundle,Groceries,Central,1,1635.65,1635.65,236.79
ORD005458,2025-05-12,Jeans,Clothing,North,2,4337.52,8675.04,1901.41
ORD005994,2025-05-12,Dumbbell Set,Sports,West,1,4497.45,4497.45,832.23
ORD011803,2025-05-12,Cycle,Sports,Central,4,2603.23,10412.92,2593.78
ORD004158,2025-05-12,Spices Pack,Groceries,East,4,851.92,3407.68,272.16
ORD006067,2025-05-12,Rice,Groceries,East,2,620.93,1241.86,76.19
ORD009147,2025-05-12,Smartwatch,Electronics,West,4,34776.66,139106.64,18824.8
ORD010489,2025-05-12,Cycle,Sports,South,4,1980.79,7923.16,2614.59
ORD010894,2025-05-12,Bookshelf,Furniture,South,1,18539.21,18539.21,3352.79
ORD011175,2025-05-12,Sofa,Furniture,South,1,9896.07,9896.07,2124.46
ORD008298,2025-05-12,Spices Pack,Groceries,Central,1,1339.02,1339.02,74.02
ORD003283,2025-05-12,Laptop,Electronics,West,5,19148.58,95742.9,11751.8
ORD001993,2025-05-12,Chair,Furniture,East,1,24884.55,24884.55,5961.34
ORD001583,2025-05-12,Spices Pack,Groceries,South,3,206.73,620.19,61.47
ORD009940,2025-05-12,Cycle,Sports,South,1,7654.9,7654.9,1244.65
ORD007259,2025-05-12,Running Shoes,Sports,East,1,7676.22,7676.22,1875.1
ORD010921,2025-05-12,Wardrobe,Furniture,North,3,13672.35,41017.05,9198.03
ORD010291,2025-05-12,Badminton Kit,Sports,West,1,12449.51,12449.51,2426.99
ORD009401,2025-05-12,Desk,Furniture,East,2,16338.2,32676.4,7339.58
ORD005706,2025-05-12,Tablet,Electronics,West,1,16613.39,16613.39,2159.82
ORD011991,2025-05-12,Laptop,Electronics,West,3,13242.71,39728.13,4838.72
ORD008139,2025-05-12,T-Shirt,Clothing,South,4,1296.21,5184.84,1726.6
ORD003785,2025-05-13,Cycle,Sports,West,2,12399.3,24798.6,3906.76
ORD003874,2025-05-13,Dress,Clothing,West,4,1104.99,4419.96,1703.49
ORD003638,2025-05-13,Dress,Clothing,North,2,2321.83,4643.66,1944.54
ORD003860,2025-05-13,Running Shoes,Sports,West,2,6675.45,13350.9,4634.16
ORD005122,2025-05-13,Headphones,Electronics,Central,3,42237.91,126713.73,14975.16
ORD001065,2025-05-13,Spices Pack,Groceries,North,6,1775.66,10653.96,988.14
ORD010539,2025-05-13,Desk,Furniture,East,1,8871.5,8871.5,1758.74
ORD011267,2025-05-13,Dress,Clothing,West,2,4723.38,9446.76,3331.84
ORD000633,2025-05-13,Headphones,Electronics,East,5,8836.68,44183.4,3918.79
ORD010560,2025-05-13,Wardrobe,Furniture,East,3,9889.99,29669.97,5751.55
ORD010161,2025-05-13,Laptop,Electronics,East,2,51780.48,103560.96,14508.22
ORD001990,2025-05-13,Bookshelf,Furniture,East,5,3416.05,17080.25,2799.76
ORD005110,2025-05-13,Smartwatch,Electronics,Central,6,47015.37,282092.22,25656.11
ORD005680,2025-05-13,Smartwatch,Electronics,South,1,62082.68,62082.68,9360.43
ORD010784,2025-05-13,Smartphone,Electronics,East,8,51738.69,413909.52,43710.76
ORD010136,2025-05-13,Jacket,Clothing,South,2,2202.21,4404.42,1786.7
ORD000522,2025-05-13,Shoes,Clothing,Central,1,1798.14,1798.14,640.99
ORD003310,2025-05-13,Bookshelf,Furniture,Central,2,16047.58,32095.16,6702.12
ORD007672,2025-05-13,Badminton Kit,Sports,East,1,4453.69,4453.69,671.06
ORD000552,2025-05-13,Smartwatch,Electronics,Central,5,71632.58,358162.9,68527.41
ORD007347,2025-05-13,Laptop,Electronics,North,1,66116.94,66116.94,10505.93
ORD003188,2025-05-13,Desk,Furniture,East,4,7861.76,31447.04,3330.64
ORD011350,2025-05-13,Dumbbell Set,Sports,Central,1,6247.89,6247.89,2088.81
ORD005953,2025-05-13,Dairy Bundle,Groceries,Central,4,1433.29,5733.16,720.28
ORD003815,2025-05-13,Dress,Clothing,South,1,4535.53,4535.53,1758.28
ORD003845,2025-05-13,Yoga Mat,Sports,Central,1,4940.47,4940.47,1568.94
ORD012135,2025-05-13,Running Shoes,Sports,East,2,2828.03,5656.06,1063.35
ORD006267,2025-05-13,Spices Pack,Groceries,Central,3,202.02,606.06,49.3
ORD004694,2025-05-13,Jacket,Clothing,North,3,4588.68,13766.04,3668.56
ORD010313,2025-05-13,Desk,Furniture,West,3,12903.58,38710.74,4039.97
ORD002158,2025-05-13,Tablet,Electronics,West,4,77907.7,311630.8,31555.24
ORD009581,2025-05-13,Dairy Bundle,Groceries,North,5,1320.42,6602.1,630.74
ORD001391,2025-05-13,Sofa,Furniture,East,2,3399.41,6798.82,1540.26
ORD002699,2025-05-13,Running Shoes,Sports,West,3,1840.52,5521.56,1333.9
ORD005168,2025-05-13,Dairy Bundle,Groceries,South,1,416.19,416.19,53.54
ORD008513,2025-05-13,Tablet,Electronics,South,3,64831.26,194493.78,22960.12
ORD009117,2025-05-14,Snacks,Groceries,Central,2,1508.06,3016.12,247.06
ORD012024,2025-05-14,Headphones,Electronics,Central,2,22037.08,44074.16,6235.03
ORD008928,2025-05-14,Shoes,Clothing,North,2,723.35,1446.7,649.77
ORD010983,2025-05-14,Smartwatch,Electronics,South,3,66090.44,198271.32,38852.71
ORD012021,2025-05-14,Cycle,Sports,South,2,6688.54,13377.08,2960.3
ORD009003,2025-05-14,Bookshelf,Furniture,Central,5,26536.57,132682.85,18686.1
ORD011963,2025-05-14,Running Shoes,Sports,South,3,8044.62,24133.86,5298.0
ORD009492,2025-05-14,Headphones,Electronics,North,2,16869.82,33739.64,4213.83
ORD008245,2025-05-14,Cycle,Sports,East,6,14809.71,88858.26,18700.21
ORD007282,2025-05-14,Dairy Bundle,Groceries,Central,3,989.75,2969.25,394.22
ORD003092,2025-05-14,Tablet,Electronics,East,6,16375.88,98255.28,19298.72
ORD010250,2025-05-14,Jeans,Clothing,North,2,3133.61,6267.22,1707.34
ORD003136,2025-05-14,Smartwatch,Electronics,West,2,33200.49,66400.98,12709.46
ORD001041,2025-05-14,Running Shoes,Sports,Central,1,893.93,893.93,145.75
ORD001046,2025-05-14,Spices Pack,Groceries,South,4,1573.66,6294.64,921.84
ORD008325,2025-05-14,Bookshelf,Furniture,East,2,5936.22,11872.44,1767.21
ORD010198,2025-05-14,Dress,Clothing,North,1,472.07,472.07,145.89
ORD004797,2025-05-14,Wardrobe,Furniture,Central,2,22691.78,45383.56,7240.18
ORD004120,2025-05-14,Tablet,Electronics,West,1,53296.47,53296.47,5240.05
ORD005177,2025-05-14,Desk,Furniture,East,3,4992.73,14978.19,3342.63
ORD003173,2025-05-14,Jacket,Clothing,Central,7,2263.23,15842.61,3457.99
ORD008391,2025-05-14,Jeans,Clothing,South,4,2125.65,8502.6,2626.02
ORD006750,2025-05-14,Desk,Furniture,South,5,12382.52,61912.6,12775.24
ORD001551,2025-05-14,T-Shirt,Clothing,South,3,735.34,2206.02,853.94
ORD004346,2025-05-14,T-Shirt,Clothing,North,3,2311.69,6935.07,2528.33
ORD007963,2025-05-14,T-Shirt,Clothing,Central,6,368.75,2212.5,928.87
ORD007401,2025-05-14,Dumbbell Set,Sports,West,1,14499.14,14499.14,4521.65
ORD003526,2025-05-14,Dairy Bundle,Groceries,East,2,1768.68,3537.36,363.38
ORD006662,2025-05-14,Cycle,Sports,Central,1,8785.47,8785.47,2103.91
ORD004905,2025-05-14,Running Shoes,Sports,South,2,14802.54,29605.08,7600.16
ORD002010,2025-05-14,Dumbbell Set,Sports,Central,4,4810.66,19242.64,3771.53
ORD011194,2025-05-14,Bookshelf,Furniture,West,2,20500.41,41000.82,5593.6
ORD006258,2025-05-14,Desk,Furniture,South,1,24199.65,24199.65,3990.43
ORD000541,2025-05-14,Desk,Furniture,East,5,24017.66,120088.3,13619.41
ORD003655,2025-05-14,Cycle,Sports,South,1,11944.71,11944.71,1866.27
ORD002864,2025-05-14,Badminton Kit,Sports,North,3,3359.15,10077.45,1708.35
ORD005348,2025-05-14,Sofa,Furniture,Central,3,26716.78,80150.34,17746.97
ORD002851,2025-05-14,Running Shoes,Sports,East,1,4774.85,4774.85,1054.81
ORD008073,2025-05-14,Shoes,Clothing,West,2,2549.9,5099.8,1152.57
ORD009611,2025-05-14,Smartphone,Electronics,West,3,22843.87,68531.61,13640.17
ORD003052,2025-05-14,Smartwatch,Electronics,East,5,30984.22,154921.1,29235.07
ORD005909,2025-05-14,Cooking Oil,Groceries,West,3,1182.44,3547.32,255.97
ORD009532,2025-05-15,Jacket,Clothing,North,7,4521.87,31653.09,9875.31
ORD008579,2025-05-15,Chair,Furniture,Central,2,25283.27,50566.54,9722.06
ORD004208,2025-05-15,Running Shoes,Sports,West,6,2435.98,14615.88,2332.57
ORD010075,2025-05-15,Jacket,Clothing,South,2,2620.48,5240.96,2206.43
ORD006460,2025-05-15,Laptop,Electronics,Central,3,12029.52,36088.56,5080.38
ORD002600,2025-05-15,Laptop,Electronics,North,5,35880.07,179400.35,20439.41
ORD009843,2025-05-15,Snacks,Groceries,South,4,282.42,1129.68,113.31
ORD003715,2025-05-15,Wardrobe,Furniture,North,3,20584.56,61753.68,12342.56
ORD006698,2025-05-15,Cooking Oil,Groceries,South,5,204.41,1022.05,69.15
ORD003386,2025-05-15,Badminton Kit,Sports,West,1,2136.19,2136.19,692.14
ORD009439,2025-05-15,Dumbbell Set,Sports,North,2,2022.36,4044.72,1408.16
ORD001274,2025-05-15,Chair,Furniture,East,1,4174.18,4174.18,672.59
ORD000909,2025-05-15,Smartwatch,Electronics,West,1,29272.02,29272.02,5043.77
ORD009855,2025-05-15,Smartphone,Electronics,West,1,13487.72,13487.72,1974.33
ORD005887,2025-05-15,T-Shirt,Clothing,East,1,1425.6,1425.6,363.96
ORD010339,2025-05-15,T-Shirt,Clothing,Central,1,2025.51,2025.51,468.35
ORD003509,2025-05-15,T-Shirt,Clothing,West,1,1434.34,1434.34,315.03
ORD000750,2025-05-15,Wardrobe,Furniture,South,4,12634.0,50536.0,11598.01
ORD003220,2025-05-15,Jacket,Clothing,East,2,892.85,1785.7,593.54
ORD007137,2025-05-15,Dumbbell Set,Sports,West,2,2991.6,5983.2,1326.05
ORD006359,2025-05-15,Shoes,Clothing,West,2,639.86,1279.72,493.9
ORD009771,2025-05-15,Headphones,Electronics,South,4,74681.56,298726.24,44392.26
ORD006020,2025-05-15,Running Shoes,Sports,East,4,8579.68,34318.72,6567.51
ORD011138,2025-05-15,Spices Pack,Groceries,East,3,1870.01,5610.03,601.45
ORD009779,2025-05-15,T-Shirt,Clothing,South,8,3562.86,28502.88,6194.34
ORD008994,2025-05-15,Smartphone,Electronics,Central,4,40669.41,162677.64,29635.34
ORD012343,2025-05-15,Chair,Furniture,North,6,7462.96,44777.76,6586.95
ORD001950,2025-05-15,Smartwatch,Electronics,West,3,46901.35,140704.05,25518.07
ORD009789,2025-05-15,Dairy Bundle,Groceries,Central,3,1168.44,3505.32,201.42
ORD011965,2025-05-15,Jeans,Clothing,Central,1,768.91,768.91,310.88
ORD001165,2025-05-15,Laptop,Electronics,South,2,53820.9,107641.8,9271.86
ORD000852,2025-05-15,Dairy Bundle,Groceries,South,1,692.45,692.45,69.67
ORD007620,2025-05-15,Dumbbell Set,Sports,North,2,6860.55,13721.1,2105.77
ORD011758,2025-05-15,Chair,Furniture,South,4,6847.83,27391.32,4828.06
ORD007843,2025-05-15,Cooking Oil,Groceries,South,6,1546.75,9280.5,1196.24
ORD010686,2025-05-15,Cooking Oil,Groceries,North,3,1104.61,15999.16,2144.09
ORD011746,2025-05-15,Bookshelf,Furniture,East,3,23249.79,69749.37,15554.55
ORD008201,2025-05-15,Spices Pack,Groceries,East,2,1205.68,2411.36,312.45
ORD007173,2025-05-15,Badminton Kit,Sports,East,1,14808.75,14808.75,2354.32
ORD002211,2025-05-15,Laptop,Electronics,South,4,15086.54,60346.16,11755.82
ORD004131,2025-05-15,Cycle,Sports,East,5,1741.19,8705.95,1625.33
ORD005521,2025-05-16,Dress,Clothing,East,2,2999.81,5999.62,2243.32
ORD010196,2025-05-16,Yoga Mat,Sports,East,1,5467.86,5467.86,845.12
ORD007350,2025-05-16,Rice,Groceries,West,1,486.93,486.93,55.7
ORD008086,2025-05-16,Running Shoes,Sports,East,3,1230.26,3690.78,1035.88
ORD000608,2025-05-16,Running Shoes,Sports,West,2,10558.39,21116.78,4099.91
ORD004687,2025-05-16,Sofa,Furniture,Central,4,3401.81,13607.24,3143.89
ORD005053,2025-05-16,Spices Pack,Groceries,West,3,1435.76,4307.28,311.25
ORD000336,2025-05-16,Smartwatch,Electronics,West,7,20482.9,143380.3,26899.84
ORD005126,2025-05-16,Laptop,Electronics,West,1,58329.97,58329.97,6436.68
ORD007740,2025-05-16,Running Shoes,Sports,South,3,14326.82,42980.46,8021.32
ORD000027,2025-05-16,Snacks,Groceries,South,2,1885.05,3770.1,525.86
ORD011087,2025-05-16,Shoes,Clothing,North,2,1355.7,2711.4,578.73
ORD002213,2025-05-16,Sofa,Furniture,South,1,10830.18,10830.18,1721.7
ORD000774,2025-05-16,Wardrobe,Furniture,Central,1,24567.79,24567.79,4484.46
ORD012450,2025-05-16,Yoga Mat,Sports,East,1,2226.56,2226.56,349.32
ORD005866,2025-05-16,Snacks,Groceries,South,3,1449.28,4347.84,308.19
ORD010876,2025-05-16,Desk,Furniture,South,3,3353.3,10059.9,1850.28
ORD000162,2025-05-16,Chair,Furniture,West,2,20485.53,40971.06,5817.48
ORD005952,2025-05-16,Shoes,Clothing,West,4,3501.51,14006.04,4262.93
ORD006471,2025-05-16,Headphones,Electronics,South,5,28349.04,141745.2,22794.12
ORD005819,2025-05-16,Chair,Furniture,Central,1,19183.94,19183.94,3712.93
ORD008475,2025-05-16,Dumbbell Set,Sports,East,3,1642.7,4928.1,1083.21
ORD012461,2025-05-16,T-Shirt,Clothing,Central,3,4926.47,14779.41,4641.68
ORD008222,2025-05-16,Rice,Groceries,North,3,397.98,5784.76,689.88
ORD000132,2025-05-16,Smartphone,Electronics,South,3,18086.05,54258.15,7715.48
ORD000811,2025-05-16,Desk,Furniture,South,1,15025.76,15025.76,1638.13
ORD000135,2025-05-16,Rice,Groceries,South,4,783.03,3132.12,248.56
ORD010146,2025-05-16,Running Shoes,Sports,East,2,11679.61,23359.22,7306.37
ORD003912,2025-05-17,Yoga Mat,Sports,North,1,6471.86,6471.86,1912.54
ORD009327,2025-05-17,Cooking Oil,Groceries,West,2,1917.37,3834.74,489.65
ORD007019,2025-05-17,Sofa,Furniture,South,4,10087.22,40348.88,6510.34
ORD009716,2025-05-17,Wardrobe,Furniture,West,2,28273.23,56546.46,6382.32
ORD007040,2025-05-17,Chair,Furniture,West,3,11127.41,33382.23,6157.26
ORD000860,2025-05-17,Smartphone,Electronics,North,4,78824.88,315299.52,34273.57
ORD003969,2025-05-17,Chair,Furniture,Central,2,16273.2,32546.4,6111.86
ORD008370,2025-05-17,Yoga Mat,Sports,North,2,12579.22,25158.44,6478.93
ORD011784,2025-05-17,Rice,Groceries,East,5,1936.63,9683.15,862.07
ORD001969,2025-05-17,Jeans,Clothing,Central,2,2260.81,4521.62,1085.44
ORD002935,2025-05-17,Tablet,Electronics,South,2,66546.22,133092.44,20045.29
ORD005968,2025-05-17,Spices Pack,Groceries,West,3,837.29,2511.87,172.21
ORD006906,2025-05-17,Dumbbell Set,Sports,East,4,12183.58,48734.32,7400.23
ORD006923,2025-05-17,Badminton Kit,Sports,Central,1,6681.07,6681.07,1177.22
ORD003050,2025-05-17,Shoes,Clothing,East,2,1231.52,2463.04,1031.03
ORD000285,2025-05-17,Spices Pack,Groceries,Central,4,1817.9,7271.6,616.82
ORD002165,2025-05-17,T-Shirt,Clothing,Central,1,704.82,704.82,284.46
ORD008640,2025-05-17,Laptop,Electronics,East,3,16715.51,50146.53,5345.27
ORD004379,2025-05-17,Shoes,Clothing,North,2,1383.33,2766.66,779.9
ORD000148,2025-05-17,Rice,Groceries,South,2,341.41,682.82,69.8
ORD006425,2025-05-17,Dress,Clothing,Central,3,694.34,2083.02,685.65
ORD006497,2025-05-17,Dumbbell Set,Sports,Central,1,1586.69,1586.69,273.0
ORD001239,2025-05-17,Smartphone,Electronics,West,4,17406.97,69627.88,12175.21
ORD007955,2025-05-17,Headphones,Electronics,East,3,22717.07,68151.21,7466.09
ORD001566,2025-05-17,Laptop,Electronics,North,4,65966.5,1252660.65,223923.18
ORD001338,2025-05-17,T-Shirt,Clothing,Central,5,4484.01,22420.05,6094.94
ORD012218,2025-05-17,Yoga Mat,Sports,East,4,4582.03,18328.12,3102.01
ORD012199,2025-05-17,Spices Pack,Groceries,East,4,361.08,1444.32,135.65
ORD007480,2025-05-17,Shoes,Clothing,North,5,3159.05,15795.25,4692.74
ORD004209,2025-05-17,Shoes,Clothing,West,2,3944.42,7888.84,2703.28
ORD010424,2025-05-17,Yoga Mat,Sports,East,1,12261.35,12261.35,2380.21
ORD010475,2025-05-17,Yoga Mat,Sports,East,1,3610.16,3610.16,750.13
ORD000063,2025-05-17,Dress,Clothing,South,1,1371.3,1371.3,420.68
ORD007386,2025-05-17,Yoga Mat,Sports,Central,2,12961.63,25923.26,8391.18
ORD009942,2025-05-17,Dairy Bundle,Groceries,South,1,1488.62,1488.62,100.16
ORD000437,2025-05-18,Bookshelf,Furniture,East,2,20031.99,40063.98,6462.73
ORD010215,2025-05-18,Dumbbell Set,Sports,North,3,1506.55,4519.65,684.65
ORD009995,2025-05-18,Jeans,Clothing,East,1,1412.22,1412.22,617.42
ORD001676,2025-05-18,Tablet,Electronics,North,2,23473.71,46947.42,6149.27
ORD001985,2025-05-18,Running Shoes,Sports,East,3,9031.11,27093.33,6218.92
ORD007611,2025-05-18,Headphones,Electronics,Central,1,70340.59,70340.59,13552.24
ORD005363,2025-05-18,Bookshelf,Furniture,West,3,21425.22,64275.66,10232.32
ORD006691,2025-05-18,Wardrobe,Furniture,East,1,4346.64,20345.8,2525.06
ORD006618,2025-05-18,Dumbbell Set,Sports,Central,2,10292.19,20584.38,6926.63
ORD009654,2025-05-18,Spices Pack,Groceries,Central,1,694.68,694.68,45.89
ORD001327,2025-05-18,Shoes,Clothing,North,5,2038.12,10190.6,2171.5
ORD005989,2025-05-18,Dress,Clothing,Central,2,2403.45,4806.9,2063.39
ORD003007,2025-05-18,Shoes,Clothing,South,4,4901.05,19604.2,6380.53
ORD000611,2025-05-18,Chair,Furniture,West,5,28624.18,143120.9,17555.02
ORD000669,2025-05-18,Dress,Clothing,Central,5,1237.85,6189.25,2290.38
ORD005571,2025-05-18,Snacks,Groceries,South,2,1557.32,3114.64,449.12
ORD008885,2025-05-18,Jeans,Clothing,Central,6,2184.75,13108.5,5296.25
ORD006945,2025-05-18,Sofa,Furniture,West,1,7729.51,7729.51,1564.65
ORD006423,2025-05-18,Chair,Furniture,South,1,14592.36,14592.36,2068.81
ORD012399,2025-05-18,Running Shoes,Sports,East,6,13401.17,80407.02,27877.44
ORD009556,2025-05-18,Running Shoes,Sports,Central,1,7760.23,7760.23,1759.58
ORD002778,2025-05-18,Rice,Groceries,East,4,1686.45,6745.8,816.48
ORD010280,2025-05-18,Smartphone,Electronics,East,1,15301.39,15301.39,1468.23
ORD004550,2025-05-18,Running Shoes,Sports,Central,1,14080.2,14080.2,3177.05
ORD005159,2025-05-18,Cycle,Sports,North,3,7429.22,22287.66,4339.38
ORD003908,2025-05-18,T-Shirt,Clothing,East,4,1380.62,5522.48,1816.82
ORD011059,2025-05-18,Snacks,Groceries,East,1,1806.81,1806.81,147.69
ORD002248,2025-05-18,Snacks,Groceries,West,1,1496.55,1496.55,166.13
ORD010774,2025-05-18,Dumbbell Set,Sports,West,4,10770.01,43080.04,13508.93
ORD012198,2025-05-18,Wardrobe,Furniture,North,3,9601.56,28804.68,2905.05
ORD003606,2025-05-18,Yoga Mat,Sports,West,3,7116.59,21349.77,3931.64
ORD000493,2025-05-18,Cooking Oil,Groceries,West,2,1483.56,2967.12,295.37
ORD009481,2025-05-19,Dairy Bundle,Groceries,Central,1,1309.6,1309.6,83.95
ORD010492,2025-05-19,Cooking Oil,Groceries,Central,1,368.05,368.05,46.72
ORD001174,2025-05-19,Jacket,Clothing,East,3,3489.75,10469.25,3041.11
ORD006634,2025-05-19,Tablet,Electronics,South,5,9543.67,47718.35,8047.14
ORD004383,2025-05-19,Bookshelf,Furniture,West,6,6603.0,39618.0,8740.38
ORD003631,2025-05-19,Laptop,Electronics,South,5,26453.05,132265.25,13603.43
ORD006127,2025-05-19,Headphones,Electronics,North,2,63882.04,127764.08,18424.71
ORD011726,2025-05-19,Headphones,Electronics,West,2,12048.19,24096.38,4668.61
ORD008750,2025-05-19,Spices Pack,Groceries,South,1,1010.95,1010.95,145.01
ORD007807,2025-05-19,Smartwatch,Electronics,West,3,27440.18,82320.54,10070.45
ORD008338,2025-05-19,Sofa,Furniture,Central,2,19202.69,38405.38,6278.85
ORD011756,2025-05-19,T-Shirt,Clothing,South,1,508.63,508.63,148.66
ORD011683,2025-05-19,Shoes,Clothing,East,5,4100.44,20502.2,7005.6
ORD007442,2025-05-19,Headphones,Electronics,South,2,49703.93,99407.86,13519.08
ORD006480,2025-05-19,Cooking Oil,Groceries,East,2,750.62,1501.24,224.92
ORD000823,2025-05-19,Dumbbell Set,Sports,North,4,1792.3,7169.2,2158.32
ORD003987,2025-05-19,Cooking Oil,Groceries,South,2,407.11,814.22,114.47
ORD003956,2025-05-19,Tablet,Electronics,North,1,71406.84,71406.84,9250.71
ORD010048,2025-05-19,Desk,Furniture,East,1,19687.31,19687.31,3672.51
ORD007873,2025-05-19,Sofa,Furniture,West,4,15204.31,60817.24,13190.09
ORD009082,2025-05-19,Cooking Oil,Groceries,Central,5,1642.44,8212.2,1053.82
ORD006973,2025-05-19,Shoes,Clothing,North,4,1422.03,18073.03,7760.71
ORD003761,2025-05-19,Yoga Mat,Sports,South,6,5856.05,35136.3,8824.9
ORD005690,2025-05-19,Headphones,Electronics,South,2,24401.65,48803.3,5071.74
ORD010836,2025-05-19,Yoga Mat,Sports,North,1,7419.98,7419.98,2010.26
ORD005977,2025-05-19,Dress,Clothing,East,3,531.67,1595.01,595.88
ORD008923,2025-05-19,Dress,Clothing,East,3,4954.87,14864.61,3911.69
ORD000263,2025-05-20,T-Shirt,Clothing,South,2,4240.14,8480.28,2689.72
ORD010064,2025-05-20,Spices Pack,Groceries,Central,2,1421.09,2842.18,162.19
ORD005299,2025-05-20,Badminton Kit,Sports,Central,2,8442.23,16884.46,4591.12
ORD006179,2025-05-20,Chair,Furniture,Central,2,24712.38,49424.76,10678.0
ORD010538,2025-05-20,Rice,Groceries,South,3,562.43,1687.29,87.66
ORD006666,2025-05-20,Shoes,Clothing,Central,2,1158.67,2317.34,643.78
ORD008986,2025-05-20,Jacket,Clothing,Central,1,523.47,2041.04,735.39
ORD004247,2025-05-20,Cycle,Sports,South,2,7295.45,14590.9,4927.58
ORD006951,2025-05-20,Dress,Clothing,East,3,1497.95,4493.85,1812.85
ORD006596,2025-05-20,Headphones,Electronics,West,3,68304.52,204913.56,25339.41
ORD007458,2025-05-20,Yoga Mat,Sports,East,6,6185.85,37115.1,6445.59
ORD008095,2025-05-20,Bookshelf,Furniture,East,2,20788.35,41576.7,8184.49
ORD010740,2025-05-20,Dairy Bundle,Groceries,South,1,139.87,139.87,10.81
ORD001470,2025-05-20,Dress,Clothing,East,2,4775.44,9550.88,2011.47
ORD000855,2025-05-20,Snacks,Groceries,West,3,1277.22,3831.66,440.72
ORD009034,2025-05-20,Running Shoes,Sports,East,3,3438.74,10316.22,2924.71
ORD006307,2025-05-20,Cycle,Sports,East,1,4285.47,4285.47,881.7
ORD009424,2025-05-20,Smartwatch,Electronics,East,3,63864.59,191593.77,29814.15
ORD012085,2025-05-20,Running Shoes,Sports,East,4,14598.94,58395.76,15864.76
ORD004410,2025-05-20,Desk,Furniture,East,1,18157.49,18157.49,2747.95
ORD009307,2025-05-20,T-Shirt,Clothing,North,4,3141.44,12565.76,3781.94
ORD009467,2025-05-20,Running Shoes,Sports,Central,3,7743.65,23230.95,6778.68
ORD009419,2025-05-20,Yoga Mat,Sports,Central,1,1082.43,6085.06,1396.54
ORD007891,2025-05-20,Running Shoes,Sports,East,1,1934.81,1934.81,554.38
ORD000989,2025-05-20,Jacket,Clothing,North,2,1518.69,3037.38,933.73
ORD012044,2025-05-20,Cooking Oil,Groceries,South,2,293.27,586.54,73.39
ORD002668,2025-05-20,Tablet,Electronics,South,2,77592.21,155184.42,30007.22
ORD002936,2025-05-20,Running Shoes,Sports,Central,3,3556.06,10668.18,2105.3
ORD004475,2025-05-20,Desk,Furniture,West,2,8881.01,17762.02,3313.4
ORD000217,2025-05-20,T-Shirt,Clothing,South,3,3205.62,9616.86,2166.49
ORD008040,2025-05-20,Rice,Groceries,Central,2,1579.09,3158.18,179.96
ORD004731,2025-05-20,Smartphone,Electronics,North,1,57226.37,57226.37,4713.28
ORD005486,2025-05-20,Rice,Groceries,Central,2,842.36,1684.72,243.71
ORD002702,2025-05-20,Headphones,Electronics,West,2,76985.94,153971.88,16893.15
ORD004042,2025-05-20,Badminton Kit,Sports,South,1,3600.12,3600.12,615.99
ORD001171,2025-05-20,Jeans,Clothing,North,2,3830.54,7661.08,1668.21
ORD004454,2025-05-20,T-Shirt,Clothing,North,1,3298.62,3298.62,1178.2
ORD005957,2025-05-20,Yoga Mat,Sports,Central,3,3445.73,10337.19,3451.8
ORD005562,2025-05-20,Tablet,Electronics,Central,2,34716.66,69433.32,10839.05
ORD006605,2025-05-20,Rice,Groceries,West,2,381.77,763.54,103.49
ORD008864,2025-05-20,Cooking Oil,Groceries,North,1,414.49,414.49,26.7
ORD007376,2025-05-21,Dumbbell Set,Sports,North,1,4039.98,4039.98,766.43
ORD002796,2025-05-21,Sofa,Furniture,West,2,10726.28,21452.56,3835.67
ORD001501,2025-05-21,Smartphone,Electronics,South,5,56434.62,282173.1,49550.1
ORD001689,2025-05-21,Smartphone,Electronics,Central,3,62781.3,188343.9,19310.28
ORD007363,2025-05-21,Dairy Bundle,Groceries,South,5,1839.48,9197.4,1243.96
ORD002549,2025-05-21,Yoga Mat,Sports,North,6,12737.91,76427.46,15475.16
ORD007742,2025-05-21,Jeans,Clothing,East,1,3186.11,3186.11,1212.83
ORD005683,2025-05-21,T-Shirt,Clothing,South,4,1447.24,5788.96,2212.85
ORD000477,2025-05-21,Bookshelf,Furniture,North,1,6910.4,6910.4,1638.88
ORD004816,2025-05-21,Tablet,Electronics,West,1,19393.33,19393.33,3169.69
ORD001609,2025-05-21,Headphones,Electronics,West,3,19900.48,59701.44,4790.39
ORD009674,2025-05-21,Jeans,Clothing,North,4,1238.35,4953.4,1713.03
ORD010353,2025-05-21,Headphones,Electronics,West,2,62494.4,124988.8,24718.94
ORD000556,2025-05-21,Jeans,Clothing,South,1,4134.42,4134.42,1058.87
ORD005283,2025-05-21,Rice,Groceries,Central,4,188.5,754.0,90.87
ORD012376,2025-05-21,Spices Pack,Groceries,West,8,1215.68,9725.44,781.88
ORD000289,2025-05-21,Shoes,Clothing,West,3,991.25,2973.75,1283.61
ORD006895,2025-05-21,Desk,Furniture,Central,2,22765.05,45530.1,9288.77
ORD006333,2025-05-21,Rice,Groceries,Central,5,947.11,4735.55,400.9
ORD006874,2025-05-21,Smartwatch,Electronics,East,2,79482.64,158965.28,25658.78
ORD001384,2025-05-21,Dumbbell Set,Sports,North,4,8180.07,32720.28,6491.01
ORD000413,2025-05-21,Laptop,Electronics,Central,2,46692.48,93384.96,17778.88
ORD009850,2025-05-21,Tablet,Electronics,South,5,26374.55,131872.75,20053.48
ORD009667,2025-05-21,Badminton Kit,Sports,Central,5,9070.53,45352.65,14985.48
ORD006519,2025-05-21,Smartphone,Electronics,East,4,46688.11,186752.44,24893.6
ORD005654,2025-05-21,Shoes,Clothing,East,2,4785.01,9570.02,2254.42
ORD009962,2025-05-21,Shoes,Clothing,West,4,3024.25,12097.0,4637.51
ORD003975,2025-05-21,Desk,Furniture,South,1,28093.56,28093.56,3984.53
ORD011648,2025-05-22,Laptop,Electronics,East,4,74289.57,297158.28,41096.63
ORD009479,2025-05-22,Snacks,Groceries,North,2,915.66,1831.32,240.68
ORD002521,2025-05-22,Tablet,Electronics,West,1,62879.27,62879.27,9495.15
ORD003371,2025-05-22,Jeans,Clothing,Central,1,1104.1,1104.1,252.08
ORD006633,2025-05-22,Rice,Groceries,East,1,1204.25,1204.25,175.66
ORD012053,2025-05-22,Shoes,Clothing,South,2,2059.85,4119.7,1593.75
ORD000154,2025-05-22,Dumbbell Set,Sports,North,4,7986.36,31945.44,6855.21
ORD009491,2025-05-22,Tablet,Electronics,West,1,70307.04,215539.64,38514.98
ORD002775,2025-05-22,Smartphone,Electronics,North,2,26538.5,53077.0,5110.22
ORD007617,2025-05-22,Rice,Groceries,West,3,1842.99,5528.97,532.84
ORD009565,2025-05-22,Tablet,Electronics,Central,4,78796.2,315184.8,36421.57
ORD008009,2025-05-22,Smartwatch,Electronics,South,3,79086.72,237260.16,41530.57
ORD009794,2025-05-22,Snacks,Groceries,Central,2,1683.14,3366.28,472.47
ORD000630,2025-05-22,Rice,Groceries,East,3,222.0,666.0,72.06
ORD010233,2025-05-22,Sofa,Furniture,Central,3,29430.71,88292.13,10398.98
ORD003991,2025-05-22,Headphones,Electronics,East,5,22424.47,112122.35,11808.82
ORD000998,2025-05-22,Desk,Furniture,East,2,23038.5,46077.0,9148.28
ORD011887,2025-05-22,Rice,Groceries,North,4,1257.78,5031.12,436.27
ORD002093,2025-05-22,Badminton Kit,Sports,Central,7,2431.54,17020.78,4705.89
ORD002271,2025-05-22,Chair,Furniture,West,2,6811.22,13622.44,2420.87
ORD012451,2025-05-22,Tablet,Electronics,East,1,65472.87,65472.87,10941.22
ORD009338,2025-05-22,Cycle,Sports,South,2,3636.64,7273.28,1826.81
ORD005914,2025-05-22,Bookshelf,Furniture,Central,3,11512.01,34536.03,8302.23
ORD008097,2025-05-22,Wardrobe,Furniture,West,5,28093.83,140469.15,27277.79
ORD000801,2025-05-22,Running Shoes,Sports,East,1,3282.08,3282.08,704.58
ORD011137,2025-05-22,Smartwatch,Electronics,South,2,52301.18,104602.36,20084.63
ORD001167,2025-05-22,Chair,Furniture,North,2,18906.27,37812.54,7675.51
ORD006952,2025-05-22,Dairy Bundle,Groceries,North,4,1275.33,5101.32,682.63
ORD000056,2025-05-22,Laptop,Electronics,West,1,28862.1,28862.1,2867.35
ORD011422,2025-05-22,Desk,Furniture,Central,1,19536.47,19536.47,4353.87
ORD000798,2025-05-22,Smartphone,Electronics,North,4,60152.39,240609.56,35948.62
ORD000197,2025-05-22,Wardrobe,Furniture,North,5,12416.51,62082.55,13438.51
ORD005148,2025-05-22,Cycle,Sports,East,1,7518.56,7518.56,2598.82
ORD009678,2025-05-22,Dumbbell Set,Sports,South,2,12413.03,24826.06,7914.83
ORD006148,2025-05-23,Rice,Groceries,North,3,587.19,1761.57,245.07
ORD008778,2025-05-23,Dress,Clothing,North,4,4630.05,18520.2,4869.33
ORD007450,2025-05-23,Snacks,Groceries,East,2,114.69,229.38,21.17
ORD011628,2025-05-23,Smartwatch,Electronics,West,8,13309.58,106476.64,19755.95
ORD009223,2025-05-23,Laptop,Electronics,East,2,59673.85,119347.7,11598.06
ORD006934,2025-05-23,Sofa,Furniture,East,3,24364.98,73094.94,10128.56
ORD005546,2025-05-23,Laptop,Electronics,South,4,76601.88,306407.52,53727.42
ORD000964,2025-05-23,Smartphone,Electronics,Central,3,50350.56,151051.68,20802.35
ORD001975,2025-05-23,T-Shirt,Clothing,North,5,1066.19,5330.95,1377.8
ORD003162,2025-05-23,Smartphone,Electronics,East,4,47293.98,189175.92,23293.39
ORD001380,2025-05-23,Yoga Mat,Sports,West,3,10761.96,32285.88,5244.54
ORD006293,2025-05-23,Chair,Furniture,East,4,8061.74,32246.96,4499.61
ORD002637,2025-05-23,Laptop,Electronics,North,1,29445.88,29445.88,5111.97
ORD005704,2025-05-23,Smartwatch,Electronics,Central,1,21815.12,21815.12,3266.44
ORD008505,2025-05-23,Headphones,Electronics,West,3,75162.47,225487.41,37390.27
ORD008094,2025-05-23,Jacket,Clothing,West,1,1767.49,1767.49,755.4
ORD002626,2025-05-23,Shoes,Clothing,West,1,2114.44,2114.44,933.9
ORD012158,2025-05-23,Dress,Clothing,Central,8,2098.19,16785.52,4824.98
ORD002618,2025-05-23,Chair,Furniture,East,2,16129.84,32259.68,3261.55
ORD002599,2025-05-23,Dairy Bundle,Groceries,North,2,1503.24,3006.48,169.5
ORD012188,2025-05-23,Smartwatch,Electronics,Central,3,74937.42,224812.26,37332.45
ORD011491,2025-05-23,Dairy Bundle,Groceries,South,3,1486.5,4459.5,588.72
ORD003272,2025-05-23,Desk,Furniture,South,4,29085.19,116340.76,16321.43
ORD011477,2025-05-23,Desk,Furniture,North,1,20170.37,20170.37,3069.35
ORD006663,2025-05-23,Tablet,Electronics,North,4,55457.35,221829.4,19092.65
ORD006093,2025-05-23,Snacks,Groceries,North,1,238.1,238.1,28.91
ORD006645,2025-05-23,Smartwatch,Electronics,South,2,28989.0,57978.0,6269.09
ORD000066,2025-05-23,Jacket,Clothing,North,2,2261.83,4523.66,1155.92
ORD000215,2025-05-23,Running Shoes,Sports,North,3,5588.27,16764.81,2907.24
ORD000032,2025-05-23,Smartwatch,Electronics,South,3,67669.1,203007.3,24931.41
ORD004471,2025-05-23,T-Shirt,Clothing,Central,1,2473.1,2473.1,735.79
ORD007924,2025-05-23,Running Shoes,Sports,West,1,10967.9,10967.9,3341.96
ORD009951,2025-05-23,Spices Pack,Groceries,North,2,512.57,1025.14,62.18
ORD010206,2025-05-23,Dairy Bundle,Groceries,West,1,525.02,525.02,64.24
ORD004365,2025-05-23,Desk,Furniture,South,1,11967.11,11967.11,1706.7
ORD003918,2025-05-23,Cooking Oil,Groceries,Central,4,400.74,1602.96,153.19
ORD003507,2025-05-24,Jeans,Clothing,Central,2,1614.47,3228.94,800.39
ORD005596,2025-05-24,Desk,Furniture,West,4,19013.46,76053.84,9356.03
ORD009993,2025-05-24,Cycle,Sports,Central,2,5423.77,10847.54,3570.06
ORD001983,2025-05-24,Desk,Furniture,North,4,2316.47,9265.88,2020.94
ORD010566,2025-05-24,Shoes,Clothing,Central,4,4757.41,19029.64,3871.31
ORD006591,2025-05-24,Smartwatch,Electronics,Central,4,14711.4,58845.6,5031.98
ORD012329,2025-05-24,Headphones,Electronics,Central,1,79292.44,79292.44,10357.21
ORD000562,2025-05-24,Dumbbell Set,Sports,North,1,13000.85,13000.85,4055.01
ORD012427,2025-05-24,Bookshelf,Furniture,Central,1,16525.33,16525.33,3023.9
ORD009403,2025-05-24,Badminton Kit,Sports,East,4,4173.55,16694.2,5236.09
ORD005837,2025-05-24,Running Shoes,Sports,East,3,3878.1,11634.3,3852.09
ORD005297,2025-05-24,T-Shirt,Clothing,North,2,2222.98,4445.96,1171.53
ORD000191,2025-05-24,Snacks,Groceries,West,1,324.51,324.51,38.84
ORD004003,2025-05-24,Badminton Kit,Sports,North,3,8742.85,26228.55,5842.28
ORD001701,2025-05-24,Tablet,Electronics,South,1,12842.43,12842.43,1173.67
ORD003984,2025-05-24,Tablet,Electronics,West,2,27792.49,55584.98,4665.58
ORD000822,2025-05-24,Jacket,Clothing,West,2,2748.5,5497.0,1956.36
ORD011704,2025-05-24,Wardrobe,Furniture,South,5,20567.6,102838.0,22582.93
ORD009685,2025-05-24,Dumbbell Set,Sports,South,1,11719.11,11719.11,2483.59
ORD004827,2025-05-24,Bookshelf,Furniture,South,3,8980.27,26940.81,3602.88
ORD005746,2025-05-24,Dumbbell Set,Sports,Central,2,14134.58,28269.16,5900.77
ORD009320,2025-05-24,Laptop,Electronics,South,1,67556.87,67556.87,12156.47
ORD005818,2025-05-24,Chair,Furniture,South,3,10950.14,32850.42,5162.98
ORD004263,2025-05-24,Cycle,Sports,Central,1,8292.55,8292.55,1281.21
ORD004528,2025-05-24,Sofa,Furniture,South,2,18115.39,36230.78,8789.19
ORD006103,2025-05-25,Sofa,Furniture,North,8,3913.85,31310.8,3190.22
ORD001010,2025-05-25,Dairy Bundle,Groceries,South,4,141.46,565.84,65.85
ORD011030,2025-05-25,Snacks,Groceries,West,1,911.57,911.57,99.09
ORD007499,2025-05-25,Jacket,Clothing,Central,1,1135.65,1135.65,241.68
ORD006590,2025-05-25,Jeans,Clothing,North,6,1697.31,54746.63,17389.47
ORD011828,2025-05-25,Badminton Kit,Sports,West,3,7953.6,23860.8,7541.17
ORD000401,2025-05-25,Wardrobe,Furniture,East,2,21802.68,43605.36,5358.26
ORD008872,2025-05-25,Dairy Bundle,Groceries,East,2,1370.2,2740.4,368.61
ORD011286,2025-05-25,Dairy Bundle,Groceries,South,3,547.36,1642.08,243.73
ORD011881,2025-05-25,Jacket,Clothing,East,1,1409.33,1409.33,375.47
ORD003091,2025-05-25,Desk,Furniture,South,2,18617.9,37235.8,4897.17
ORD009994,2025-05-25,Jacket,Clothing,West,3,2301.34,6904.02,2743.94
ORD008898,2025-05-25,T-Shirt,Clothing,Central,1,4575.18,4575.18,943.67
ORD010314,2025-05-25,Jacket,Clothing,East,5,4675.57,23377.85,10222.71
ORD005697,2025-05-25,Running Shoes,Sports,Central,1,9961.64,9961.64,2713.71
ORD008572,2025-05-25,Dress,Clothing,North,2,3103.34,6206.68,2228.67
ORD002517,2025-05-25,Wardrobe,Furniture,Central,1,17803.66,17803.66,3384.25
ORD009309,2025-05-25,Jeans,Clothing,Central,3,2624.22,7872.66,3371.44
ORD003569,2025-05-25,Dress,Clothing,West,6,4374.22,26245.32,9358.16
ORD007475,2025-05-25,Snacks,Groceries,West,2,958.98,1917.96,153.56
ORD000054,2025-05-25,Dumbbell Set,Sports,East,3,6450.55,19351.65,5826.98
ORD011162,2025-05-25,Bookshelf,Furniture,Central,3,7468.04,22404.12,4379.26
ORD002504,2025-05-25,Dumbbell Set,Sports,Central,2,11763.58,23527.16,7517.15
ORD003311,2025-05-25,T-Shirt,Clothing,West,1,832.19,832.19,250.98
ORD003866,2025-05-25,Running Shoes,Sports,South,4,8148.12,32592.48,5808.8
ORD007073,2025-05-25,Jeans,Clothing,South,1,2703.23,2703.23,970.69
ORD002059,2025-05-25,Rice,Groceries,South,2,1842.81,3685.62,334.13
ORD006849,2025-05-25,Smartphone,Electronics,West,3,76174.45,228523.35,26281.75
ORD011691,2025-05-25,Smartwatch,Electronics,Central,2,69098.21,138196.42,20127.24
ORD006299,2025-05-25,Bookshelf,Furniture,East,6,21473.32,128839.92,21357.06
ORD009620,2025-05-25,Smartphone,Electronics,Central,3,73857.75,221573.25,42419.51
ORD010197,2025-05-25,Cycle,Sports,Central,3,4447.65,13342.95,4301.78
ORD007544,2025-05-25,Spices Pack,Groceries,South,1,1634.25,1634.25,103.81
ORD003465,2025-05-25,Dairy Bundle,Groceries,East,3,1426.33,4278.99,487.01
ORD001401,2025-05-25,Wardrobe,Furniture,Central,1,24192.66,24192.66,5713.94
ORD011335,2025-05-25,Shoes,Clothing,Central,1,1106.1,1106.1,317.12
ORD008355,2025-05-25,Bookshelf,Furniture,North,3,18966.6,56899.8,9797.38
ORD006392,2025-05-25,Rice,Groceries,Central,6,358.73,2152.38,161.51
ORD001749,2025-05-25,T-Shirt,Clothing,South,1,4356.09,4356.09,1836.19
ORD005695,2025-05-26,Smartphone,Electronics,Central,3,79272.24,237816.72,30636.85
ORD000853,2025-05-26,Badminton Kit,Sports,East,3,6872.92,20618.76,3528.55
ORD011256,2025-05-26,Jeans,Clothing,East,1,2407.18,2407.18,701.0
ORD002981,2025-05-26,Yoga Mat,Sports,North,2,6305.17,12610.34,4280.34
ORD010862,2025-05-26,Bookshelf,Furniture,North,2,6906.37,13812.74,2973.5
ORD001843,2025-05-26,Yoga Mat,Sports,West,1,10322.2,10322.2,2716.35
ORD001141,2025-05-26,Smartphone,Electronics,East,2,26316.19,52632.38,6496.01
ORD011094,2025-05-26,Cooking Oil,Groceries,South,8,873.95,6991.6,652.43
ORD004611,2025-05-26,Cycle,Sports,West,3,1848.94,5546.82,1485.73
ORD006785,2025-05-26,Spices Pack,Groceries,South,4,1911.18,7644.72,1032.38
ORD006517,2025-05-26,Dairy Bundle,Groceries,East,2,899.02,1798.04,107.68
ORD003096,2025-05-26,Running Shoes,Sports,East,2,10612.76,21225.52,5912.61
ORD009545,2025-05-26,Bookshelf,Furniture,West,1,24189.66,24189.66,5143.49
ORD002418,2025-05-26,Bookshelf,Furniture,West,2,17317.27,34634.54,3917.75
ORD012102,2025-05-26,Badminton Kit,Sports,West,2,14733.91,29467.82,8763.15
ORD001837,2025-05-26,Yoga Mat,Sports,West,3,11006.68,33020.04,5689.97
ORD005774,2025-05-26,Desk,Furniture,South,5,16257.92,81289.6,19652.38
ORD001356,2025-05-26,Wardrobe,Furniture,Central,1,23647.97,23647.97,4202.1
ORD010591,2025-05-26,Desk,Furniture,North,7,6313.7,44195.9,9987.64
ORD012402,2025-05-26,Wardrobe,Furniture,East,5,25284.42,126422.1,31449.62
ORD011356,2025-05-26,Dumbbell Set,Sports,East,6,3719.15,22314.9,5796.59
ORD006234,2025-05-26,Cycle,Sports,South,4,3656.16,14624.64,2593.52
ORD003793,2025-05-26,Badminton Kit,Sports,East,3,8251.04,24753.12,7055.28
ORD000800,2025-05-26,Laptop,Electronics,Central,3,14167.39,42502.17,7960.78
ORD007684,2025-05-26,Cooking Oil,Groceries,North,4,1737.15,6948.6,661.0
ORD009118,2025-05-26,Dumbbell Set,Sports,South,2,2018.22,4036.44,1184.09
ORD011902,2025-05-26,Dress,Clothing,Central,8,1737.2,13897.6,4845.99
ORD007941,2025-05-26,Spices Pack,Groceries,South,2,163.24,326.48,32.74
ORD008425,2025-05-26,Dress,Clothing,West,2,1840.32,3680.64,1082.07
ORD002025,2025-05-26,T-Shirt,Clothing,East,1,4297.7,4297.7,1076.07
ORD011366,2025-05-26,Spices Pack,Groceries,East,2,987.98,1975.96,129.61
ORD010054,2025-05-26,Dumbbell Set,Sports,North,3,13294.04,39882.12,12591.2
ORD004091,2025-05-26,Jeans,Clothing,North,4,331.9,1327.6,316.28
ORD004517,2025-05-26,Sofa,Furniture,Central,3,12189.18,36567.54,8227.37
ORD011705,2025-05-26,Desk,Furniture,East,1,10942.41,10942.41,2153.42
ORD000515,2025-05-27,Headphones,Electronics,Central,3,30975.23,92925.69,16677.36
ORD003661,2025-05-27,Cooking Oil,Groceries,North,4,567.4,2269.6,234.24
ORD012060,2025-05-27,Jacket,Clothing,West,3,4764.0,14292.0,5033.25
ORD003553,2025-05-27,Desk,Furniture,Central,1,9326.8,9326.8,1026.4
ORD005500,2025-05-27,Laptop,Electronics,West,1,26516.75,26516.75,3916.26
ORD009388,2025-05-27,Jacket,Clothing,South,6,1767.26,10603.56,4097.7
ORD003855,2025-05-27,Laptop,Electronics,South,2,46691.3,93382.6,16892.37
ORD009865,2025-05-27,Badminton Kit,Sports,North,1,11631.29,11631.29,3293.82
ORD002547,2025-05-27,Snacks,Groceries,Central,4,1684.91,6739.64,416.49
ORD010541,2025-05-27,Wardrobe,Furniture,North,3,27567.05,82701.15,18086.14
ORD003330,2025-05-27,Sofa,Furniture,South,1,5779.4,5779.4,834.7
ORD003998,2025-05-27,Chair,Furniture,South,3,5270.52,15811.56,2229.02
ORD011181,2025-05-27,Running Shoes,Sports,Central,1,8987.29,8987.29,2749.02
ORD000297,2025-05-27,Cooking Oil,Groceries,Central,3,445.57,1336.71,113.04
ORD004504,2025-05-27,Desk,Furniture,North,4,10432.45,41729.8,7792.39
ORD008327,2025-05-27,Running Shoes,Sports,Central,1,6235.07,34010.93,11502.63
ORD003396,2025-05-27,Smartphone,Electronics,East,2,67463.95,134927.9,15708.37
ORD010420,2025-05-27,Laptop,Electronics,North,2,62752.86,125505.72,18839.86
ORD009033,2025-05-27,Yoga Mat,Sports,Central,2,8985.16,17970.32,5395.38
ORD000176,2025-05-27,Smartwatch,Electronics,West,4,44225.81,176903.24,32334.16
ORD011280,2025-05-27,Snacks,Groceries,West,1,929.49,929.49,88.92
ORD003081,2025-05-27,Desk,Furniture,Central,2,6334.01,69290.45,10059.33
ORD005650,2025-05-27,Cycle,Sports,East,5,10132.99,50664.95,9768.73
ORD004431,2025-05-27,Rice,Groceries,Central,1,1060.91,1060.91,139.73
ORD009661,2025-05-27,Laptop,Electronics,North,2,42314.35,84628.7,16558.2
ORD010598,2025-05-27,Sofa,Furniture,North,2,24643.84,49287.68,6335.84
ORD010371,2025-05-27,Badminton Kit,Sports,West,3,13077.82,39233.46,10584.17
ORD012469,2025-05-28,Rice,Groceries,West,2,1477.47,2954.94,405.18
ORD011119,2025-05-28,Cycle,Sports,South,1,13407.07,13407.07,4456.43
ORD002853,2025-05-28,Smartphone,Electronics,South,2,73900.88,147801.76,16536.4
ORD008353,2025-05-28,Yoga Mat,Sports,South,2,11221.47,22442.94,3708.7
ORD007388,2025-05-28,Badminton Kit,Sports,South,1,12619.19,12619.19,3756.88
ORD011663,2025-05-28,Wardrobe,Furniture,East,1,5628.3,23695.58,3047.26
ORD006925,2025-05-28,Spices Pack,Groceries,North,3,1109.17,3327.51,215.08
ORD008333,2025-05-28,Desk,Furniture,South,1,8423.72,8423.72,1041.66
ORD008367,2025-05-28,Desk,Furniture,East,3,9148.79,27446.37,5372.71
ORD012384,2025-05-28,Jeans,Clothing,South,1,1158.21,1158.21,430.39
ORD010058,2025-05-28,Sofa,Furniture,West,1,17874.04,17874.04,3363.74
ORD004608,2025-05-28,Desk,Furniture,East,2,2656.85,5313.7,793.93
ORD005341,2025-05-28,Smartwatch,Electronics,West,1,42266.72,42266.72,8221.79
ORD000354,2025-05-28,Dairy Bundle,Groceries,South,2,712.47,1424.94,186.65
ORD011050,2025-05-28,Smartwatch,Electronics,West,4,59756.46,239025.84,28101.83
ORD003797,2025-05-28,Cycle,Sports,Central,7,11011.23,77078.61,25355.19
ORD010720,2025-05-28,Cooking Oil,Groceries,West,4,690.44,2761.76,190.59
ORD011048,2025-05-28,T-Shirt,Clothing,West,3,4351.55,13054.65,4558.78
ORD011410,2025-05-28,Bookshelf,Furniture,South,7,16218.48,113529.36,26795.02
ORD011133,2025-05-28,Running Shoes,Sports,Central,2,10661.64,21323.28,5544.65
ORD004217,2025-05-28,Tablet,Electronics,Central,3,12611.13,37833.39,6942.13
ORD003032,2025-05-28,Dumbbell Set,Sports,East,1,7632.96,7632.96,2019.33
ORD005015,2025-05-28,Dairy Bundle,Groceries,South,3,1342.41,4027.23,472.09
ORD010553,2025-05-28,Laptop,Electronics,West,1,12755.28,12755.28,1227.2
ORD005000,2025-05-28,Snacks,Groceries,East,4,855.23,16022.0,1149.0
ORD006505,2025-05-28,Dress,Clothing,North,4,1056.4,4225.6,1036.59
ORD001228,2025-05-28,Smartwatch,Electronics,South,1,49793.67,49793.67,4815.23
ORD003105,2025-05-28,T-Shirt,Clothing,North,2,2190.62,4381.24,932.35
ORD012036,2025-05-28,Running Shoes,Sports,Central,3,14527.68,43583.04,7312.56
ORD004341,2025-05-28,Smartphone,Electronics,East,6,8665.39,51992.34,9201.54
ORD002428,2025-05-28,Wardrobe,Furniture,Central,3,19574.73,58724.19,7563.82
ORD007341,2025-05-28,Dairy Bundle,Groceries,West,1,1096.94,1096.94,57.29
ORD003639,2025-05-28,Spices Pack,Groceries,Central,3,672.77,2018.31,120.0
ORD009897,2025-05-28,Snacks,Groceries,South,1,1044.78,1044.78,58.55
ORD001028,2025-05-28,Dress,Clothing,South,8,4294.88,34359.04,12618.55
ORD000960,2025-05-28,Jacket,Clothing,West,3,2140.17,6420.51,1946.41
ORD001329,2025-05-28,Rice,Groceries,South,3,1662.14,4986.42,673.34
ORD009507,2025-05-28,Smartphone,Electronics,East,5,35218.22,176091.1,15723.29
ORD002616,2025-05-28,Wardrobe,Furniture,Central,2,20612.7,41225.4,6715.63
ORD008312,2025-05-28,Dairy Bundle,Groceries,South,2,903.92,1807.84,253.7
ORD000345,2025-05-28,Jeans,Clothing,East,3,3916.62,11749.86,2899.41
ORD000485,2025-05-29,Bookshelf,Furniture,East,3,17859.33,53577.99,9183.67
ORD012300,2025-05-29,Running Shoes,Sports,West,1,7670.48,7670.48,1346.87
ORD002879,2025-05-29,Tablet,Electronics,North,3,53405.74,160217.22,21087.33
ORD003262,2025-05-29,Dairy Bundle,Groceries,West,3,1605.83,4817.49,330.92
ORD001163,2025-05-29,Desk,Furniture,West,3,25066.13,75198.39,18292.69
ORD004812,2025-05-29,Yoga Mat,Sports,East,1,6150.03,6150.03,1834.68
ORD010712,2025-05-29,Dress,Clothing,South,3,2579.75,7739.25,2723.11
ORD010683,2025-05-29,Desk,Furniture,North,1,14753.44,14753.44,2221.22
ORD011892,2025-05-29,Running Shoes,Sports,North,3,12621.21,37863.63,11145.86
ORD002909,2025-05-29,Wardrobe,Furniture,East,4,5370.59,21482.36,4019.68
ORD011572,2025-05-29,Desk,Furniture,South,5,16138.54,80692.7,18873.4
ORD011426,2025-05-29,Jeans,Clothing,South,3,3655.29,10965.87,2275.81
ORD007360,2025-05-29,Snacks,Groceries,South,1,460.99,460.99,38.88
ORD000357,2025-05-29,Dairy Bundle,Groceries,South,5,995.99,23425.12,2136.0
ORD007973,2025-05-29,Wardrobe,Furniture,Central,1,9262.97,9262.97,1685.28
ORD000348,2025-05-29,Spices Pack,Groceries,South,1,318.19,318.19,35.34
ORD007295,2025-05-29,Spices Pack,Groceries,North,2,1222.87,2445.74,144.23
ORD011233,2025-05-29,Snacks,Groceries,East,1,1931.64,1931.64,100.82
ORD001756,2025-05-29,Snacks,Groceries,North,1,737.03,737.03,41.79
ORD004633,2025-05-29,Snacks,Groceries,Central,7,1640.37,11482.59,625.52
ORD004089,2025-05-29,Laptop,Electronics,North,1,24992.57,24992.57,4190.3
ORD009505,2025-05-29,Chair,Furniture,West,1,5790.15,5790.15,703.12
ORD009243,2025-05-29,Dairy Bundle,Groceries,West,1,1120.96,1120.96,107.84
ORD010139,2025-05-29,Jacket,Clothing,Central,1,1542.42,1542.42,438.01
ORD008704,2025-05-29,Smartphone,Electronics,North,2,29017.49,58034.98,8053.1
ORD009453,2025-05-29,Badminton Kit,Sports,East,5,702.72,3513.6,835.42
ORD009643,2025-05-29,Wardrobe,Furniture,North,5,21971.08,109855.4,23674.49
ORD006212,2025-05-29,Shoes,Clothing,North,1,1007.11,3275.4,1036.64
ORD001892,2025-05-29,Cooking Oil,Groceries,Central,3,120.54,361.62,47.97
ORD011293,2025-05-29,Rice,Groceries,West,1,1170.15,1170.15,136.8
ORD009101,2025-05-29,Rice,Groceries,South,5,1792.22,8961.1,1005.95
ORD009797,2025-05-29,Cooking Oil,Groceries,West,2,412.02,824.04,47.04
ORD006099,2025-05-29,Rice,Groceries,North,1,1630.8,1630.8,107.9
ORD002082,2025-05-29,Dumbbell Set,Sports,South,2,8458.66,16917.32,3823.24
ORD004615,2025-05-29,Sofa,Furniture,South,1,12750.57,12750.57,2684.28
ORD002534,2025-05-29,Rice,Groceries,Central,2,1002.06,2004.12,167.61
ORD008835,2025-05-29,Running Shoes,Sports,North,1,7959.47,7959.47,2100.49
ORD006434,2025-05-29,Smartwatch,Electronics,South,4,32487.84,129951.36,13182.88
ORD003135,2025-05-29,Badminton Kit,Sports,Central,6,4894.45,29366.7,8153.51
ORD003477,2025-05-29,Tablet,Electronics,Central,5,40167.6,200838.0,16238.07
ORD007304,2025-05-29,Dumbbell Set,Sports,North,1,11793.94,11793.94,3257.64
ORD006041,2025-05-29,Shoes,Clothing,South,2,3030.3,6060.6,2159.98
ORD004314,2025-05-30,Cooking Oil,Groceries,East,4,626.35,2505.4,341.32
ORD008924,2025-05-30,Dumbbell Set,Sports,East,5,7337.28,36686.4,8099.83
ORD010937,2025-05-30,Chair,Furniture,West,5,15116.19,75580.95,8665.77
ORD006593,2025-05-30,Jeans,Clothing,Central,2,2669.63,5339.26,2201.29
ORD004345,2025-05-30,Tablet,Electronics,West,3,24052.4,72157.2,7400.95
ORD012308,2025-05-30,Rice,Groceries,Central,2,1315.57,2631.14,285.55
ORD003665,2025-05-30,Dairy Bundle,Groceries,South,1,459.36,459.36,49.31
ORD001441,2025-05-30,Shoes,Clothing,East,2,1858.35,17688.96,7318.94
ORD002629,2025-05-30,Dumbbell Set,Sports,North,3,1496.93,4490.79,1167.35
ORD003880,2025-05-30,Smartphone,Electronics,East,2,72211.06,144422.12,14958.23
ORD009323,2025-05-30,Bookshelf,Furniture,North,5,25278.54,126392.7,21932.95
ORD004589,2025-05-30,Laptop,Electronics,Central,1,24693.89,24693.89,4340.03
ORD005480,2025-05-30,Badminton Kit,Sports,North,1,8577.46,8577.46,2749.86
ORD002393,2025-05-30,Yoga Mat,Sports,East,1,6552.22,6552.22,1476.7
ORD008043,2025-05-30,Dumbbell Set,Sports,West,2,11473.31,22946.62,7282.98
ORD006565,2025-05-30,Cooking Oil,Groceries,North,4,1436.35,5745.4,403.6
ORD007858,2025-05-30,Dumbbell Set,Sports,Central,1,504.49,504.49,164.69
ORD009040,2025-05-30,Shoes,Clothing,North,4,565.62,2262.48,835.8
ORD000532,2025-05-30,Tablet,Electronics,South,3,63315.69,189947.07,24718.19
ORD003123,2025-05-30,Snacks,Groceries,Central,1,1538.16,1538.16,170.23
ORD004236,2025-05-30,Snacks,Groceries,South,3,518.25,1554.75,121.57
ORD012144,2025-05-30,Desk,Furniture,South,5,11346.95,56734.75,10419.96
ORD002426,2025-05-30,Dairy Bundle,Groceries,South,2,1964.39,3928.78,346.37
ORD009064,2025-05-30,Dumbbell Set,Sports,South,1,10456.57,10456.57,3649.24
ORD005253,2025-05-30,Smartwatch,Electronics,North,1,65333.61,65333.61,8611.49
ORD002262,2025-05-30,Shoes,Clothing,Central,3,4486.09,13458.27,4700.12
ORD008643,2025-05-30,Smartphone,Electronics,West,1,31339.12,31339.12,4394.62
ORD011192,2025-05-30,Sofa,Furniture,North,3,6903.94,20711.82,5079.81
ORD008595,2025-05-30,Cooking Oil,Groceries,North,1,101.62,101.62,7.09
ORD001172,2025-05-30,T-Shirt,Clothing,East,2,676.85,1353.7,390.8
ORD002209,2025-05-30,Dairy Bundle,Groceries,North,4,889.34,3557.36,186.41
ORD008606,2025-05-30,Smartwatch,Electronics,South,4,62056.86,248227.44,24143.57
ORD002217,2025-05-30,Shoes,Clothing,East,2,2532.92,5065.84,2181.39
ORD010488,2025-05-30,Smartphone,Electronics,East,5,29170.14,844800.79,105255.94
ORD002219,2025-05-30,Desk,Furniture,Central,5,11798.26,58991.3,12822.58
ORD001342,2025-05-30,Bookshelf,Furniture,South,3,2411.41,7234.23,1134.79
ORD000124,2025-05-30,Laptop,Electronics,Central,3,38829.26,116487.78,22831.44
ORD008752,2025-05-30,Laptop,Electronics,West,5,74293.13,371465.65,33137.98
ORD011112,2025-05-30,Smartphone,Electronics,South,1,11933.09,11933.09,1858.57
ORD006883,2025-05-30,Running Shoes,Sports,West,7,11963.59,83745.13,20770.66
ORD009992,2025-05-31,Jacket,Clothing,North,2,4293.65,8587.3,2419.85
ORD007432,2025-05-31,Tablet,Electronics,West,1,16872.9,16872.9,2747.33
ORD002005,2025-05-31,Jeans,Clothing,Central,5,3494.58,17472.9,3742.17
ORD010900,2025-05-31,Rice,Groceries,North,5,1433.92,7169.6,655.32
ORD010867,2025-05-31,Spices Pack,Groceries,West,2,997.72,1995.44,293.25
ORD001373,2025-05-31,Jacket,Clothing,East,2,3225.34,6450.68,2550.15
ORD001907,2025-05-31,Badminton Kit,Sports,Central,1,3784.56,3784.56,1032.41
ORD001040,2025-05-31,Dress,Clothing,East,1,4929.45,4929.45,1937.29
ORD001210,2025-05-31,Dairy Bundle,Groceries,South,3,158.82,476.46,42.31
ORD007279,2025-05-31,Cycle,Sports,West,3,7729.25,23187.75,5951.49
ORD002661,2025-05-31,Dress,Clothing,South,1,1627.99,1627.99,439.15
ORD008784,2025-05-31,Spices Pack,Groceries,East,1,1356.81,1356.81,189.79
ORD007660,2025-05-31,Badminton Kit,Sports,South,2,11480.93,22961.86,6135.92
ORD001331,2025-05-31,Cycle,Sports,South,3,7348.09,22044.27,7187.12
ORD010271,2025-05-31,Dairy Bundle,Groceries,West,2,1317.31,2634.62,148.24
ORD008873,2025-05-31,Yoga Mat,Sports,Central,1,5642.09,5642.09,898.26
ORD005541,2025-05-31,Running Shoes,Sports,West,7,14944.11,104608.77,22585.91
ORD001700,2025-05-31,Sofa,Furniture,Central,2,8972.24,17944.48,3346.74
ORD008627,2025-05-31,Jeans,Clothing,Central,1,2305.14,2305.14,653.98
ORD005894,2025-05-31,Bookshelf,Furniture,South,2,26362.95,52725.9,9851.33
ORD000008,2025-05-31,Rice,Groceries,Central,4,445.47,1781.88,121.77
ORD007582,2025-05-31,Badminton Kit,Sports,North,1,7015.81,7015.81,1744.4
ORD011427,2025-05-31,Bookshelf,Furniture,North,5,10134.26,50671.3,9692.3
ORD010927,2025-05-31,Chair,Furniture,South,3,19161.9,57485.7,8364.19
ORD002684,2025-05-31,Rice,Groceries,Central,2,1261.55,2523.1,219.76
ORD001998,2025-05-31,Spices Pack,Groceries,West,3,1035.82,3107.46,292.76
ORD001652,2025-05-31,Jacket,Clothing,West,1,2927.58,14326.2,4015.5
ORD003907,2025-05-31,Cooking Oil,Groceries,North,1,296.45,296.45,27.61
ORD005808,2025-05-31,Laptop,Electronics,South,4,9800.3,39201.2,6832.53
ORD011644,2025-05-31,Wardrobe,Furniture,North,6,5452.3,32713.8,5564.51
ORD008335,2025-05-31,Dairy Bundle,Groceries,West,6,1464.88,8789.28,745.81
ORD004863,2025-05-31,Dumbbell Set,Sports,North,3,2505.0,7515.0,2579.42
ORD012395,2025-05-31,Smartwatch,Electronics,East,4,34452.34,137809.36,13712.12
ORD011180,2025-06-01,Snacks,Groceries,West,1,1976.63,1976.63,164.66
ORD009770,2025-06-01,Dress,Clothing,Central,2,1624.9,3249.8,827.94
ORD011838,2025-06-01,Chair,Furniture,Central,1,16288.75,16288.75,2672.6
ORD010493,2025-06-01,Smartphone,Electronics,North,5,73738.38,368691.9,32968.93
ORD012294,2025-06-01,Rice,Groceries,South,3,674.49,2023.47,110.26
ORD005876,2025-06-01,Bookshelf,Furniture,East,4,16933.47,67733.88,15490.69
ORD008182,2025-06-01,Laptop,Electronics,West,1,69743.83,69743.83,8715.08
ORD001984,2025-06-01,Smartphone,Electronics,Central,2,30063.16,60126.32,5100.57
ORD005284,2025-06-01,Dairy Bundle,Groceries,North,3,1715.57,5146.71,480.74
ORD005608,2025-06-01,Jacket,Clothing,West,3,4231.99,12695.97,3328.7
ORD010829,2025-06-01,Cycle,Sports,South,2,7596.96,15193.92,2309.24
ORD004671,2025-06-01,Shoes,Clothing,South,3,3467.81,10403.43,3489.07
ORD006304,2025-06-01,Laptop,Electronics,South,2,51462.41,102924.82,19294.54
ORD005457,2025-06-01,Tablet,Electronics,West,1,22577.28,22577.28,4217.75
ORD002836,2025-06-01,Smartphone,Electronics,West,2,69261.4,138522.8,15838.17
ORD008359,2025-06-01,Dairy Bundle,Groceries,South,1,598.65,598.65,43.85
ORD011737,2025-06-01,Tablet,Electronics,North,4,71177.48,284709.92,40700.57
ORD007237,2025-06-01,Bookshelf,Furniture,North,5,4427.0,22135.0,5076.39
ORD006354,2025-06-01,T-Shirt,Clothing,West,1,1150.57,1150.57,459.44
ORD012292,2025-06-01,Dumbbell Set,Sports,South,3,6191.1,18573.3,6117.22
ORD006402,2025-06-01,Spices Pack,Groceries,South,3,1422.9,4268.7,235.98
ORD003381,2025-06-01,Rice,Groceries,North,7,632.86,4430.02,292.27
ORD002919,2025-06-01,Rice,Groceries,Central,1,1784.53,1784.53,162.56
ORD003291,2025-06-01,Chair,Furniture,West,1,26687.85,26687.85,6439.4
ORD007070,2025-06-01,Laptop,Electronics,North,1,57451.13,57451.13,8510.76
ORD008870,2025-06-01,Headphones,Electronics,North,3,32019.17,96057.51,11184.23
ORD000181,2025-06-01,Bookshelf,Furniture,West,4,12868.76,51475.04,10114.5
ORD001351,2025-06-01,Yoga Mat,Sports,Central,2,8058.79,16117.58,5563.83
ORD008966,2025-06-01,Running Shoes,Sports,North,1,11446.44,11446.44,2900.88
ORD003304,2025-06-01,Smartphone,Electronics,East,3,17292.69,51878.07,7492.39
ORD003562,2025-06-01,Chair,Furniture,East,2,16953.01,33906.02,7863.46
ORD000179,2025-06-01,Jeans,Clothing,North,2,424.6,849.2,294.2
ORD002357,2025-06-01,Shoes,Clothing,Central,4,1506.24,6024.96,2337.86
ORD004592,2025-06-01,Jeans,Clothing,South,3,835.54,2506.62,925.03
ORD000456,2025-06-01,Headphones,Electronics,North,2,50501.24,101002.48,11329.21
ORD010948,2025-06-01,Shoes,Clothing,West,8,3403.28,27226.24,10448.04
ORD010939,2025-06-01,Cycle,Sports,Central,4,10390.83,41563.32,12804.56
ORD011279,2025-06-02,Wardrobe,Furniture,East,1,2573.4,2573.4,500.62
ORD006718,2025-06-02,Tablet,Electronics,North,2,36175.96,72351.92,14122.47
ORD010887,2025-06-02,Rice,Groceries,East,1,1444.74,1444.74,137.1
ORD011291,2025-06-02,Bookshelf,Furniture,South,2,18576.08,37152.16,7999.67
ORD005984,2025-06-02,Badminton Kit,Sports,Central,6,13227.5,79365.0,13492.55
ORD001619,2025-06-02,Laptop,Electronics,Central,2,23807.88,47615.76,9293.81
ORD002166,2025-06-02,Headphones,Electronics,East,3,28184.1,84552.3,8105.32
ORD003605,2025-06-02,Rice,Groceries,West,5,828.01,4140.05,536.0
ORD009092,2025-06-02,Snacks,Groceries,North,2,172.17,344.34,24.4
ORD008171,2025-06-02,Chair,Furniture,South,3,2039.92,6119.76,1283.72
ORD003564,2025-06-02,Cycle,Sports,West,5,1521.68,7608.4,1564.51
ORD004305,2025-06-02,Sofa,Furniture,West,4,19927.03,79708.12,18462.26
ORD003181,2025-06-02,Running Shoes,Sports,South,2,1441.04,2882.08,700.76
ORD008087,2025-06-02,Badminton Kit,Sports,East,1,12845.68,12845.68,4348.15
ORD012374,2025-06-02,Cycle,Sports,North,2,1092.19,2184.38,660.92
ORD011154,2025-06-02,Snacks,Groceries,Central,6,1698.58,10191.48,545.55
ORD008437,2025-06-02,Tablet,Electronics,South,5,9148.09,45740.45,8341.45
ORD003479,2025-06-02,Dairy Bundle,Groceries,South,7,1127.45,7892.15,929.14
ORD003468,2025-06-02,Dairy Bundle,Groceries,West,3,1900.48,5701.44,555.99
ORD006346,2025-06-02,Dumbbell Set,Sports,West,2,9077.17,18154.34,5388.44
ORD001819,2025-06-02,Cooking Oil,Groceries,South,1,1849.41,1849.41,99.88
ORD007895,2025-06-02,Jeans,Clothing,Central,3,1905.28,5715.84,2514.0
ORD008634,2025-06-02,Shoes,Clothing,East,2,1674.03,3348.06,1131.09
ORD001620,2025-06-03,Rice,Groceries,South,1,1270.97,1270.97,134.33
ORD010351,2025-06-03,Dairy Bundle,Groceries,Central,1,1775.07,1775.07,147.17
ORD011631,2025-06-03,Dumbbell Set,Sports,South,1,14678.27,14678.27,2528.95
ORD003973,2025-06-03,Dress,Clothing,South,2,2092.62,4185.24,984.44
ORD007109,2025-06-03,Chair,Furniture,North,3,4252.41,12757.23,1575.21
ORD005104,2025-06-03,Running Shoes,Sports,Central,4,11934.0,47736.0,8756.65
ORD010773,2025-06-03,Rice,Groceries,East,2,1828.89,3657.78,492.5
ORD009880,2025-06-03,Headphones,Electronics,North,1,54713.5,54713.5,6446.42
ORD006648,2025-06-03,Bookshelf,Furniture,West,5,11067.79,55338.95,7359.54
ORD007171,2025-06-03,Shoes,Clothing,West,2,1825.52,3651.04,897.14
ORD005298,2025-06-03,Dairy Bundle,Groceries,Central,5,1733.48,8667.4,1040.25
ORD006637,2025-06-03,Smartwatch,Electronics,Central,1,20416.53,20416.53,3106.52
ORD000459,2025-06-03,Spices Pack,Groceries,North,1,659.48,659.48,95.52
ORD004343,2025-06-03,Wardrobe,Furniture,North,2,11433.81,22867.62,4295.06
ORD003957,2025-06-03,Smartwatch,Electronics,North,1,46699.55,46699.55,4012.24
ORD008653,2025-06-03,Badminton Kit,Sports,North,8,12526.67,100213.36,16227.98
ORD008467,2025-06-03,Jacket,Clothing,South,6,1069.92,6419.52,1348.34
ORD005910,2025-06-03,Desk,Furniture,North,3,23185.44,69556.32,10185.34
ORD010748,2025-06-03,Cooking Oil,Groceries,East,4,1502.48,6009.92,717.11
ORD003318,2025-06-03,Laptop,Electronics,Central,3,54034.99,162104.97,19543.35
ORD001476,2025-06-03,Running Shoes,Sports,North,1,12498.84,12498.84,3617.69
ORD000969,2025-06-03,T-Shirt,Clothing,North,2,1568.16,3136.32,1274.17
ORD011478,2025-06-03,Running Shoes,Sports,South,6,4762.69,28576.14,7002.61
ORD010906,2025-06-03,Snacks,Groceries,West,2,121.35,242.7,17.65
ORD000438,2025-06-03,Spices Pack,Groceries,West,2,148.23,296.46,19.45
ORD010536,2025-06-03,Chair,Furniture,Central,2,5720.13,11440.26,1578.24
ORD005024,2025-06-03,Dress,Clothing,North,1,1391.03,1391.03,278.53
ORD008185,2025-06-03,Desk,Furniture,South,2,14095.65,28191.3,3058.96
ORD010003,2025-06-03,Desk,Furniture,North,1,15498.5,15498.5,3266.86
ORD006192,2025-06-03,Rice,Groceries,South,2,1051.44,2102.88,208.09
ORD002438,2025-06-03,T-Shirt,Clothing,West,1,1709.52,1709.52,616.62
ORD005974,2025-06-03,T-Shirt,Clothing,West,7,1870.16,13091.12,3509.88
ORD000364,2025-06-04,Spices Pack,Groceries,East,3,365.57,1096.71,142.05
ORD006230,2025-06-04,Dairy Bundle,Groceries,West,1,907.25,907.25,71.57
ORD008154,2025-06-04,Cooking Oil,Groceries,Central,3,657.7,1973.1,128.12
ORD011301,2025-06-04,Yoga Mat,Sports,South,3,8907.6,26722.8,9335.49
ORD004756,2025-06-04,Dress,Clothing,North,1,2859.3,2859.3,952.37
ORD004355,2025-06-04,Running Shoes,Sports,West,1,1483.05,1483.05,437.08
ORD002064,2025-06-04,Snacks,Groceries,North,1,1391.3,1391.3,201.17
ORD007793,2025-06-04,Cycle,Sports,West,1,2105.78,2105.78,437.52
ORD003754,2025-06-04,Smartphone,Electronics,South,1,37879.84,37879.84,4516.53
ORD000202,2025-06-04,Yoga Mat,Sports,Central,2,7826.16,15652.32,4935.04
ORD001968,2025-06-04,Jeans,Clothing,West,6,1743.92,10463.52,3522.17
ORD010516,2025-06-04,Cooking Oil,Groceries,Central,2,687.15,1374.3,184.72
ORD004480,2025-06-04,Spices Pack,Groceries,East,2,1257.47,2514.94,340.31
ORD002097,2025-06-04,Dairy Bundle,Groceries,East,2,1049.92,2099.84,258.33
ORD009312,2025-06-04,Cycle,Sports,North,4,6866.87,27467.48,6793.31
ORD012371,2025-06-04,Dairy Bundle,Groceries,South,1,646.9,646.9,47.92
ORD002594,2025-06-04,Sofa,Furniture,North,1,20945.28,20945.28,3236.27
ORD006045,2025-06-04,Running Shoes,Sports,North,8,9376.17,75009.36,19491.2
ORD010228,2025-06-04,Cooking Oil,Groceries,South,4,1287.54,5150.16,578.27
ORD003490,2025-06-04,Headphones,Electronics,East,5,63529.5,317647.5,26891.26
ORD000075,2025-06-04,Wardrobe,Furniture,Central,2,3441.41,6882.82,975.96
ORD000990,2025-06-04,Bookshelf,Furniture,West,1,26436.45,26436.45,5982.31
ORD001186,2025-06-04,T-Shirt,Clothing,North,3,3365.77,10097.31,4154.04
ORD005627,2025-06-04,Cycle,Sports,West,4,13507.06,54028.24,17848.14
ORD001012,2025-06-04,Shoes,Clothing,North,2,4703.07,9406.14,2004.11
ORD010277,2025-06-04,Dumbbell Set,Sports,South,1,1150.58,1150.58,301.9
ORD004430,2025-06-04,Laptop,Electronics,West,3,49349.13,148047.39,22894.57
ORD005618,2025-06-04,Desk,Furniture,East,2,7228.9,14457.8,2552.27
ORD001913,2025-06-04,Desk,Furniture,South,3,7853.66,23560.98,2655.4
ORD009519,2025-06-04,Jeans,Clothing,North,1,3618.39,3618.39,1235.51
ORD010593,2025-06-04,Dumbbell Set,Sports,North,3,4942.55,14827.65,2701.32
ORD011949,2025-06-04,Sofa,Furniture,South,6,18990.62,113943.72,22622.62
ORD008588,2025-06-04,Shoes,Clothing,North,3,319.08,957.24,363.71
ORD002552,2025-06-04,T-Shirt,Clothing,North,1,2983.26,2983.26,844.58
ORD003403,2025-06-04,Sofa,Furniture,North,4,14131.03,56524.12,12432.69
ORD011669,2025-06-04,Tablet,Electronics,West,3,37694.92,113084.76,20182.77
ORD009594,2025-06-04,Chair,Furniture,East,5,24746.33,698036.77,129877.86
ORD001901,2025-06-04,Snacks,Groceries,South,2,663.08,1326.16,190.74
ORD010295,2025-06-04,Bookshelf,Furniture,Central,1,26090.28,26090.28,4625.97
ORD002232,2025-06-05,Smartphone,Electronics,Central,1,79749.89,79749.89,7674.02
ORD008721,2025-06-05,Wardrobe,Furniture,North,1,16972.71,16972.71,3463.43
ORD002576,2025-06-05,Jeans,Clothing,West,4,1755.55,7022.2,1758.7
ORD009711,2025-06-05,Yoga Mat,Sports,North,1,13907.35,13907.35,3584.4
ORD008531,2025-06-05,Rice,Groceries,East,1,526.0,526.0,61.73
ORD010354,2025-06-05,Tablet,Electronics,East,1,63783.02,63783.02,8535.56
ORD004929,2025-06-05,Bookshelf,Furniture,East,1,4198.76,4198.76,772.91
ORD010272,2025-06-05,Headphones,Electronics,West,5,77461.1,387305.5,32035.81
ORD012176,2025-06-05,Jeans,Clothing,North,1,1111.84,1111.84,240.72
ORD005723,2025-06-05,Sofa,Furniture,West,2,15557.97,31115.94,6993.18
ORD008903,2025-06-05,Laptop,Electronics,North,2,76939.32,153878.64,20779.07
ORD001334,2025-06-05,Headphones,Electronics,West,1,17835.27,17835.27,2821.48
ORD008246,2025-06-05,Jeans,Clothing,South,2,445.08,890.16,214.9
ORD001396,2025-06-05,Wardrobe,Furniture,South,3,21928.24,65784.72,16260.11
ORD005092,2025-06-05,Rice,Groceries,Central,1,837.01,837.01,73.32
ORD004629,2025-06-05,Tablet,Electronics,Central,4,25438.1,101752.4,10204.44
ORD009637,2025-06-05,Spices Pack,Groceries,North,1,183.31,183.31,13.46
ORD005778,2025-06-05,Sofa,Furniture,East,6,18993.82,113962.92,21051.45
ORD009276,2025-06-05,Dress,Clothing,East,3,4445.22,13335.66,5507.86
ORD003028,2025-06-05,Chair,Furniture,East,1,25749.69,25749.69,4479.09
ORD001851,2025-06-05,Laptop,Electronics,North,1,52025.38,52025.38,8397.94
ORD006603,2025-06-05,T-Shirt,Clothing,South,1,2671.51,2671.51,1146.39
ORD010111,2025-06-05,Yoga Mat,Sports,Central,1,3977.7,3977.7,1282.68
ORD004334,2025-06-05,T-Shirt,Clothing,West,5,3623.05,18115.25,4426.83
ORD012210,2025-06-05,Cycle,Sports,West,4,14175.07,56700.28,11528.27
ORD000128,2025-06-05,Desk,Furniture,Central,1,6745.8,6745.8,1237.99
ORD005239,2025-06-05,Dress,Clothing,South,1,1684.85,1684.85,358.04
ORD006793,2025-06-06,Smartphone,Electronics,Central,3,29267.14,87801.42,7249.47
ORD000905,2025-06-06,Headphones,Electronics,North,2,20535.87,41071.74,3770.69
ORD001466,2025-06-06,Sofa,Furniture,South,2,18537.86,37075.72,7383.71
ORD010697,2025-06-06,Jeans,Clothing,Central,2,4208.31,8416.62,3446.8
ORD008826,2025-06-06,Cycle,Sports,West,5,4884.78,24423.9,4829.77
ORD005534,2025-06-06,Running Shoes,Sports,West,2,1212.34,2424.68,526.03
ORD011193,2025-06-06,Bookshelf,Furniture,East,6,7967.88,47807.28,6149.95
ORD002722,2025-06-06,Spices Pack,Groceries,Central,1,354.18,354.18,51.47
ORD005842,2025-06-06,Running Shoes,Sports,North,1,7786.68,7786.68,1590.32
ORD009176,2025-06-06,Desk,Furniture,South,4,9494.15,37976.6,8861.57
ORD001743,2025-06-06,Shoes,Clothing,Central,3,3041.0,9123.0,3176.72
ORD001482,2025-06-06,Wardrobe,Furniture,South,6,11397.09,371399.54,91653.54
ORD003970,2025-06-06,Dumbbell Set,Sports,East,6,5710.42,34262.52,8396.78
ORD000914,2025-06-06,Shoes,Clothing,North,1,497.17,497.17,219.81
ORD007825,2025-06-06,Tablet,Electronics,West,1,22053.95,22053.95,2143.55
ORD003724,2025-06-06,T-Shirt,Clothing,South,6,2919.9,17519.4,4625.21
ORD011188,2025-06-06,Running Shoes,Sports,North,2,12924.88,25849.76,8094.86
ORD001642,2025-06-06,Bookshelf,Furniture,North,2,25939.27,51878.54,12055.74
ORD011715,2025-06-06,Dress,Clothing,West,2,804.9,1609.8,402.75
ORD003741,2025-06-06,Laptop,Electronics,South,2,32693.59,65387.18,6315.71
ORD011168,2025-06-06,Cooking Oil,Groceries,East,1,1962.12,1962.12,284.73
ORD002249,2025-06-06,Jacket,Clothing,South,2,2594.44,5188.88,1210.54
ORD001455,2025-06-06,Tablet,Electronics,South,2,29902.31,59804.62,6965.63
ORD010874,2025-06-06,Dumbbell Set,Sports,North,7,4730.3,33112.1,7887.14
ORD005207,2025-06-06,Jacket,Clothing,West,1,1415.39,1415.39,385.22
ORD010431,2025-06-06,Rice,Groceries,North,2,628.41,1256.82,119.0
ORD008008,2025-06-06,Wardrobe,Furniture,North,2,7820.8,15641.6,2842.34
ORD003589,2025-06-06,Sofa,Furniture,Central,7,29767.21,208370.47,44917.52
ORD011613,2025-06-06,T-Shirt,Clothing,East,3,1351.73,4055.19,1759.31
ORD007377,2025-06-06,Jacket,Clothing,West,4,2775.97,11103.88,3712.05
ORD010514,2025-06-06,Chair,Furniture,North,1,13090.01,13090.01,2464.73
ORD000287,2025-06-06,Tablet,Electronics,East,2,36551.08,73102.16,11305.28
ORD003467,2025-06-06,Cycle,Sports,West,2,6693.13,13386.26,2352.65
ORD009263,2025-06-06,Sofa,Furniture,South,3,10775.5,32326.5,7608.62
ORD006613,2025-06-06,Headphones,Electronics,West,2,39590.88,79181.76,8558.69
ORD003621,2025-06-06,Tablet,Electronics,West,3,66998.81,200996.43,37921.97
ORD008351,2025-06-07,Bookshelf,Furniture,Central,1,25843.43,25843.43,2799.67
ORD009420,2025-06-07,Cycle,Sports,East,2,14243.17,28486.34,5695.27
ORD008937,2025-06-07,Jacket,Clothing,East,3,4778.49,14335.47,3868.27
ORD009341,2025-06-07,Spices Pack,Groceries,Central,4,435.21,1740.84,212.67
ORD010696,2025-06-07,Sofa,Furniture,North,2,22817.96,45635.92,4858.41
ORD003831,2025-06-07,Headphones,Electronics,South,1,10762.03,10762.03,1663.55
ORD000322,2025-06-07,Cycle,Sports,West,2,3566.0,7132.0,1536.94
ORD001986,2025-06-07,Yoga Mat,Sports,North,3,14620.11,43860.33,11352.8
ORD000536,2025-06-07,T-Shirt,Clothing,West,1,1692.65,1692.65,437.38
ORD000335,2025-06-07,Headphones,Electronics,Central,4,21432.83,85731.32,9791.5
ORD008032,2025-06-07,Shoes,Clothing,West,2,870.78,1741.56,470.89
ORD002956,2025-06-07,Smartwatch,Electronics,East,1,37255.92,37255.92,7122.97
ORD011295,2025-06-07,Jacket,Clothing,West,2,1386.48,2772.96,1233.48
ORD008687,2025-06-07,Sofa,Furniture,Central,1,2199.64,2199.64,444.89
ORD008316,2025-06-07,Bookshelf,Furniture,West,3,6075.11,18225.33,3479.56
ORD002771,2025-06-07,T-Shirt,Clothing,West,4,801.55,3206.2,1161.89
ORD003095,2025-06-07,Spices Pack,Groceries,West,3,357.69,1073.07,69.28
ORD010649,2025-06-07,Badminton Kit,Sports,South,4,5288.74,21154.96,4926.35
ORD011452,2025-06-07,Spices Pack,Groceries,North,1,1858.66,1858.66,273.08
ORD003008,2025-06-07,Jeans,Clothing,West,1,2438.3,2438.3,946.96
ORD004811,2025-06-07,Sofa,Furniture,East,5,14380.37,71901.85,7961.36
ORD003086,2025-06-07,Running Shoes,Sports,West,4,1265.98,5063.92,1393.43
ORD004903,2025-06-07,Dairy Bundle,Groceries,North,2,1163.78,2327.56,300.18
ORD003885,2025-06-07,Headphones,Electronics,East,7,15412.12,107884.84,17939.39
ORD003332,2025-06-07,Desk,Furniture,South,2,11708.13,23416.26,4963.49
ORD004483,2025-06-07,Headphones,Electronics,South,1,48090.47,48090.47,7664.8
ORD007747,2025-06-07,Smartphone,Electronics,West,3,47795.09,143385.27,18481.25
ORD007273,2025-06-07,Cooking Oil,Groceries,South,1,891.6,891.6,76.11
ORD003609,2025-06-07,Badminton Kit,Sports,West,3,8703.34,26110.02,7648.68
ORD004879,2025-06-07,Spices Pack,Groceries,North,3,561.16,1683.48,251.12
ORD002142,2025-06-07,Desk,Furniture,East,1,7847.27,7847.27,853.66
ORD004036,2025-06-07,Smartwatch,Electronics,West,3,39362.42,118087.26,15325.56
ORD009600,2025-06-08,Bookshelf,Furniture,South,2,17172.67,34345.34,4311.45
ORD004788,2025-06-08,Yoga Mat,Sports,North,3,6012.18,18036.54,3922.0
ORD008735,2025-06-08,Rice,Groceries,East,2,1972.49,3944.98,342.08
ORD005018,2025-06-08,Jacket,Clothing,West,1,3398.45,3398.45,972.63
ORD005437,2025-06-08,Dairy Bundle,Groceries,Central,8,1211.92,9695.36,757.09
ORD006652,2025-06-08,Cooking Oil,Groceries,West,3,1119.22,3357.66,448.37
ORD001006,2025-06-08,Rice,Groceries,West,3,163.87,491.61,27.66
ORD012212,2025-06-08,Rice,Groceries,South,2,1488.7,2977.4,383.15
ORD010554,2025-06-08,Desk,Furniture,West,1,20582.17,20582.17,3668.68
ORD004103,2025-06-08,Bookshelf,Furniture,North,1,20594.08,20594.08,2847.4
ORD002288,2025-06-08,Tablet,Electronics,East,4,62720.4,250881.6,29481.54
ORD005451,2025-06-08,Smartphone,Electronics,West,1,45035.59,45035.59,6784.66
ORD012112,2025-06-08,Cycle,Sports,West,5,4883.35,24416.75,7867.66
ORD001594,2025-06-08,Smartwatch,Electronics,East,2,33695.79,67391.58,8252.42
ORD006429,2025-06-08,Yoga Mat,Sports,West,5,12104.71,60523.55,16638.14
ORD009937,2025-06-08,Smartwatch,Electronics,West,5,33606.69,168033.45,22193.86
ORD006542,2025-06-08,Dairy Bundle,Groceries,Central,3,1019.58,3058.74,367.62
ORD007085,2025-06-08,Smartphone,Electronics,East,2,20271.19,40542.38,4958.15
ORD009710,2025-06-08,Spices Pack,Groceries,Central,4,451.05,1804.2,213.14
ORD011369,2025-06-08,Sofa,Furniture,East,3,17532.9,52598.7,6597.1
ORD005406,2025-06-08,Cycle,Sports,North,4,9843.3,39373.2,11871.1
ORD007232,2025-06-08,Yoga Mat,Sports,West,3,4028.61,12085.83,1909.84
ORD000178,2025-06-08,Chair,Furniture,North,4,3975.92,15903.68,3122.89
ORD009062,2025-06-08,Jacket,Clothing,South,1,3887.26,3887.26,1368.71
ORD011712,2025-06-08,Headphones,Electronics,East,3,38441.85,115325.55,20167.59
ORD011439,2025-06-08,Dairy Bundle,Groceries,North,3,279.03,837.09,100.06
ORD007927,2025-06-08,T-Shirt,Clothing,North,2,1042.35,2084.7,888.17
ORD006572,2025-06-08,Desk,Furniture,East,2,12696.98,25393.96,2888.45
ORD005428,2025-06-08,Dress,Clothing,East,1,1618.77,1618.77,549.09
ORD003503,2025-06-08,Smartphone,Electronics,South,2,33246.27,66492.54,8326.01
ORD010855,2025-06-08,Jacket,Clothing,East,3,2487.94,7463.82,3106.81
ORD009873,2025-06-08,T-Shirt,Clothing,Central,1,4481.1,4481.1,1676.34
ORD001750,2025-06-08,Wardrobe,Furniture,North,1,7506.3,7506.3,1580.93
ORD002921,2025-06-08,T-Shirt,Clothing,Central,3,2261.7,6785.1,1601.81
ORD012130,2025-06-08,Laptop,Electronics,Central,2,76416.17,152832.34,14187.78
ORD002723,2025-06-08,Dairy Bundle,Groceries,South,3,238.06,714.18,49.93
ORD004729,2025-06-08,Yoga Mat,Sports,South,3,6012.83,18038.49,5849.06
ORD003667,2025-06-08,Snacks,Groceries,North,1,1890.15,1890.15,192.51
ORD000517,2025-06-08,Bookshelf,Furniture,North,1,8440.25,8440.25,996.67
ORD002140,2025-06-08,T-Shirt,Clothing,North,4,896.07,3584.28,1067.88
ORD009673,2025-06-09,Shoes,Clothing,South,3,1197.91,3593.73,1302.87
ORD001180,2025-06-09,Headphones,Electronics,East,3,46445.66,139336.98,13523.55
ORD010450,2025-06-09,Sofa,Furniture,West,3,8217.01,24651.03,4327.53
ORD009731,2025-06-09,Wardrobe,Furniture,North,1,11417.54,11417.54,2465.5
ORD000457,2025-06-09,Smartphone,Electronics,East,2,52938.72,105877.44,13671.89
ORD006696,2025-06-09,Dress,Clothing,North,1,599.98,599.98,169.55
ORD007911,2025-06-09,Yoga Mat,Sports,Central,1,1493.63,1493.63,483.34
ORD010031,2025-06-09,Rice,Groceries,East,7,932.17,6525.19,700.32
ORD001038,2025-06-09,Smartwatch,Electronics,Central,3,71329.89,213989.67,39474.55
ORD000997,2025-06-09,T-Shirt,Clothing,Central,3,3168.06,9504.18,2222.44
ORD000213,2025-06-09,Tablet,Electronics,Central,2,12144.23,24288.46,3544.74
ORD010602,2025-06-09,Snacks,Groceries,West,3,1739.95,5219.85,566.06
ORD012391,2025-06-09,T-Shirt,Clothing,North,5,3260.07,16300.35,5691.69
ORD003385,2025-06-09,Cooking Oil,Groceries,South,5,1774.47,8872.35,734.86
ORD009124,2025-06-09,Laptop,Electronics,East,4,15093.09,60372.36,8891.57
ORD006898,2025-06-09,Laptop,Electronics,Central,2,71106.96,142213.92,25919.45
ORD006975,2025-06-09,Laptop,Electronics,West,7,46332.71,324328.97,60922.98
ORD006541,2025-06-09,Snacks,Groceries,South,2,618.55,1237.1,82.84
ORD007809,2025-06-09,Snacks,Groceries,Central,3,1137.99,3413.97,410.58
ORD006100,2025-06-09,Dumbbell Set,Sports,North,6,4746.12,126776.65,36245.65
ORD003284,2025-06-09,Smartwatch,Electronics,Central,3,58184.94,174554.82,25696.9
ORD002073,2025-06-09,Spices Pack,Groceries,West,4,1844.96,7379.84,848.53
ORD000995,2025-06-09,Yoga Mat,Sports,North,6,6834.34,41006.04,12133.75
ORD005282,2025-06-09,Yoga Mat,Sports,East,2,1819.67,3639.34,714.06
ORD000028,2025-06-09,Wardrobe,Furniture,South,2,18741.2,37482.4,8931.35
ORD002662,2025-06-09,Desk,Furniture,West,1,13339.12,13339.12,3332.36
ORD007296,2025-06-09,Cooking Oil,Groceries,South,5,1494.34,7471.7,1116.84
ORD003800,2025-06-09,Jeans,Clothing,West,1,4987.89,4987.89,1348.07
ORD010677,2025-06-09,Smartphone,Electronics,West,1,75511.07,75511.07,7960.68
ORD001859,2025-06-09,Badminton Kit,Sports,East,3,5429.59,16288.77,2700.48
ORD005871,2025-06-09,Cycle,Sports,South,1,5173.83,5173.83,1229.3
ORD000531,2025-06-09,Headphones,Electronics,East,2,70904.75,141809.5,28091.05
ORD006290,2025-06-09,Snacks,Groceries,West,3,836.91,2510.73,150.91
ORD007796,2025-06-09,Cooking Oil,Groceries,North,3,1347.91,4043.73,448.95
ORD011924,2025-06-09,Smartphone,Electronics,West,4,29966.84,119867.36,21260.54
ORD010912,2025-06-09,Wardrobe,Furniture,North,2,11900.95,23801.9,2607.44
ORD006382,2025-06-09,Bookshelf,Furniture,North,2,13756.35,27512.7,5282.23
ORD006709,2025-06-09,Dress,Clothing,West,2,665.03,1330.06,585.14
ORD011657,2025-06-09,Sofa,Furniture,Central,4,4796.29,19185.16,2322.22
ORD001899,2025-06-09,Jacket,Clothing,Central,1,2801.77,2801.77,632.69
ORD004123,2025-06-09,Tablet,Electronics,East,1,31972.42,31972.42,5126.12
ORD007348,2025-06-09,Bookshelf,Furniture,Central,8,7396.82,59174.56,8602.54
ORD009983,2025-06-09,Cycle,Sports,South,8,2873.73,22989.84,3845.36
ORD003172,2025-06-09,Cycle,Sports,Central,3,9939.09,29817.27,9389.56
ORD007703,2025-06-09,Yoga Mat,Sports,Central,1,14018.09,14018.09,2805.22
ORD008241,2025-06-09,Yoga Mat,Sports,Central,2,5900.14,11800.28,3634.28
ORD009489,2025-06-09,Headphones,Electronics,Central,2,54369.67,108739.34,18003.4
ORD002331,2025-06-09,Laptop,Electronics,Central,2,44800.18,89600.36,13665.63
ORD009215,2025-06-09,Bookshelf,Furniture,South,2,12498.54,24997.08,2998.72
ORD003811,2025-06-09,Jeans,Clothing,East,2,4346.86,8693.72,2968.61
ORD006715,2025-06-09,Bookshelf,Furniture,North,7,9348.78,65441.46,9769.68
ORD005349,2025-06-10,Jeans,Clothing,South,1,4848.94,4848.94,1549.1
ORD003641,2025-06-10,Wardrobe,Furniture,South,1,17968.75,17968.75,1941.28
ORD005033,2025-06-10,Wardrobe,Furniture,East,3,6147.75,18443.25,3653.14
ORD002370,2025-06-10,Cycle,Sports,Central,1,5934.96,5934.96,1627.76
ORD010422,2025-06-10,Shoes,Clothing,West,1,1694.94,1694.94,761.48
ORD001429,2025-06-10,Laptop,Electronics,West,5,23901.4,119507.0,10118.85
ORD007448,2025-06-10,Yoga Mat,Sports,South,3,1594.43,4783.29,783.12
ORD009883,2025-06-10,Laptop,Electronics,West,2,31524.11,63048.22,7854.86
ORD000946,2025-06-10,Smartwatch,Electronics,West,2,15140.82,30281.64,3881.48
ORD003824,2025-06-10,Desk,Furniture,South,5,16407.99,82039.95,10667.09
ORD003178,2025-06-10,Cooking Oil,Groceries,West,1,1849.46,1849.46,271.58
ORD005042,2025-06-10,Dairy Bundle,Groceries,South,2,1346.01,2692.02,268.4
ORD009200,2025-06-10,Wardrobe,Furniture,Central,5,25155.35,125776.75,12758.07
ORD006958,2025-06-10,T-Shirt,Clothing,West,2,2525.64,5051.28,1953.04
ORD002111,2025-06-10,Headphones,Electronics,North,1,30159.51,30159.51,4633.6
ORD009949,2025-06-10,Cycle,Sports,North,1,4422.76,4422.76,1219.47
ORD002934,2025-06-10,Desk,Furniture,Central,3,22502.14,67506.42,9110.18
ORD002452,2025-06-10,Tablet,Electronics,North,6,16873.82,101242.92,11837.47
ORD007696,2025-06-10,Rice,Groceries,North,8,384.24,3073.92,407.59
ORD001768,2025-06-10,Shoes,Clothing,Central,2,1392.78,2785.56,647.42
ORD005435,2025-06-10,Spices Pack,Groceries,Central,2,1097.69,2195.38,190.7
ORD000342,2025-06-10,Snacks,Groceries,West,6,424.69,2548.14,297.79
ORD006110,2025-06-10,Smartphone,Electronics,West,1,15313.37,90050.17,10752.19
ORD007163,2025-06-10,Cooking Oil,Groceries,East,1,1975.12,1975.12,273.94
ORD000043,2025-06-10,Badminton Kit,Sports,North,1,5009.24,5009.24,1077.17
ORD003943,2025-06-10,Shoes,Clothing,West,5,791.9,3959.5,1606.22
ORD012259,2025-06-10,Wardrobe,Furniture,West,1,15543.7,15543.7,3784.75
ORD001480,2025-06-10,Spices Pack,Groceries,North,4,620.74,2482.96,324.54
ORD003446,2025-06-10,Dress,Clothing,North,4,2464.74,9858.96,4191.93
ORD000230,2025-06-10,Headphones,Electronics,North,3,12053.84,36161.52,3408.52
ORD001617,2025-06-10,Smartwatch,Electronics,West,1,25665.37,25665.37,2231.04
ORD009446,2025-06-10,T-Shirt,Clothing,North,1,1738.69,1738.69,549.13
ORD000321,2025-06-10,Bookshelf,Furniture,Central,1,2561.99,2561.99,379.97
ORD004202,2025-06-10,Tablet,Electronics,Central,1,49999.97,49999.97,7230.3
ORD005698,2025-06-10,Jeans,Clothing,South,3,4002.96,12008.88,3163.99
ORD002515,2025-06-10,Jacket,Clothing,West,3,3712.6,11137.8,2565.32
ORD002186,2025-06-11,Jacket,Clothing,East,2,1250.78,2501.56,742.15
ORD007645,2025-06-11,Chair,Furniture,East,3,22057.27,66171.81,16521.96
ORD000807,2025-06-11,Cooking Oil,Groceries,South,2,1112.62,2225.24,183.43
ORD000508,2025-06-11,Spices Pack,Groceries,West,4,1440.59,5762.36,821.28
ORD005286,2025-06-11,Dress,Clothing,East,2,3261.03,6522.06,2682.88
ORD001569,2025-06-11,Jacket,Clothing,East,4,3791.54,15166.16,5831.08
ORD000683,2025-06-11,Headphones,Electronics,West,1,60784.14,60784.14,5822.4
ORD004900,2025-06-11,Spices Pack,Groceries,North,1,888.0,888.0,127.02
ORD001349,2025-06-11,Laptop,Electronics,East,2,56783.04,113566.08,13335.35
ORD003226,2025-06-11,Yoga Mat,Sports,East,2,12695.89,25391.78,8871.12
ORD003306,2025-06-11,Running Shoes,Sports,South,4,13108.35,52433.4,15877.84
ORD003751,2025-06-11,Laptop,Electronics,East,5,47087.23,235436.15,42366.08
ORD001629,2025-06-11,Sofa,Furniture,South,8,21378.06,171024.48,22393.57
ORD010523,2025-06-11,Cooking Oil,Groceries,West,3,1752.1,5256.3,662.29
ORD011819,2025-06-11,Jeans,Clothing,West,7,4906.47,34345.29,11525.42
ORD005844,2025-06-11,Dairy Bundle,Groceries,South,4,211.71,846.84,104.1
ORD006183,2025-06-11,Smartwatch,Electronics,Central,2,51825.59,103651.18,10190.81
ORD004113,2025-06-11,Cooking Oil,Groceries,South,8,764.8,6118.4,643.24
ORD011926,2025-06-11,Desk,Furniture,West,3,18592.53,55777.59,6740.16
ORD003118,2025-06-11,Shoes,Clothing,North,1,2079.91,2079.91,854.4
ORD011829,2025-06-11,T-Shirt,Clothing,Central,4,1387.83,5551.32,1634.02
ORD000120,2025-06-11,Chair,Furniture,South,1,20073.22,20073.22,2540.6
ORD002006,2025-06-11,Jeans,Clothing,West,4,462.96,1851.84,551.81
ORD007884,2025-06-11,Dress,Clothing,South,3,3270.32,9810.96,3472.56
ORD011832,2025-06-11,Dress,Clothing,West,1,3840.91,3840.91,1701.7
ORD000014,2025-06-11,Smartphone,Electronics,North,2,22376.51,44753.02,6341.87
ORD000825,2025-06-11,Wardrobe,Furniture,Central,4,23896.79,95587.16,19720.75
ORD010811,2025-06-11,Dress,Clothing,West,5,749.04,3745.2,930.68
ORD010346,2025-06-11,Shoes,Clothing,East,3,1861.67,5585.01,2439.73
ORD004213,2025-06-11,Smartwatch,Electronics,Central,4,17384.53,267463.56,31323.24
ORD005281,2025-06-11,Smartphone,Electronics,South,3,16485.93,49457.79,9643.78
ORD003759,2025-06-11,Sofa,Furniture,East,1,9986.84,9986.84,1357.03
ORD003241,2025-06-11,Dumbbell Set,Sports,South,2,9091.16,18182.32,4481.92
ORD011946,2025-06-12,Yoga Mat,Sports,West,4,12324.75,49299.0,11642.31
ORD007293,2025-06-12,Bookshelf,Furniture,North,3,23821.42,71464.26,10951.28
ORD004583,2025-06-12,Dumbbell Set,Sports,East,1,14420.17,14420.17,4529.26
ORD002424,2025-06-12,Dumbbell Set,Sports,South,1,14242.81,49253.51,8778.94
ORD001251,2025-06-12,Running Shoes,Sports,North,2,12499.02,24998.04,7572.05
ORD004546,2025-06-12,Smartwatch,Electronics,East,1,39174.06,39174.06,3467.8
ORD007357,2025-06-12,Chair,Furniture,South,2,17413.79,34827.58,5088.1
ORD004821,2025-06-12,Laptop,Electronics,South,2,42818.7,85637.4,12000.0
ORD002285,2025-06-12,Snacks,Groceries,East,2,362.44,724.88,98.52
ORD005616,2025-06-12,Dress,Clothing,Central,3,4041.07,12123.21,4272.5
ORD010904,2025-06-12,Wardrobe,Furniture,West,1,2076.4,2076.4,305.44
ORD009014,2025-06-12,Running Shoes,Sports,South,1,7068.85,7068.85,2151.25
ORD011640,2025-06-12,Sofa,Furniture,South,1,18567.05,18567.05,3362.29
ORD000935,2025-06-12,Wardrobe,Furniture,South,1,5688.41,5688.41,1188.29
ORD009719,2025-06-12,Headphones,Electronics,West,1,39924.49,39924.49,3324.09
ORD010588,2025-06-12,Jacket,Clothing,West,2,4948.65,9897.3,3774.74
ORD004798,2025-06-12,Wardrobe,Furniture,East,1,9361.88,9361.88,1463.49
ORD007209,2025-06-12,Wardrobe,Furniture,North,2,22555.0,45110.0,8712.15
ORD006824,2025-06-12,Smartwatch,Electronics,Central,6,59782.15,358692.9,56363.72
ORD001845,2025-06-12,Spices Pack,Groceries,East,4,225.71,902.84,46.87
ORD011633,2025-06-12,Smartwatch,Electronics,East,3,61642.63,184927.89,17414.12
ORD009972,2025-06-12,Sofa,Furniture,South,3,29386.75,88160.25,19698.75
ORD006875,2025-06-12,Badminton Kit,Sports,South,2,11086.09,22172.18,4270.0
ORD002119,2025-06-12,Chair,Furniture,South,3,3592.68,10778.04,2317.05
ORD001804,2025-06-12,Shoes,Clothing,Central,2,4180.84,8361.68,2269.58
ORD003788,2025-06-12,Smartwatch,Electronics,North,1,8601.54,8601.54,862.15
ORD004880,2025-06-12,T-Shirt,Clothing,North,4,1227.8,4911.2,1688.86
ORD009115,2025-06-12,Dairy Bundle,Groceries,South,1,1590.88,1590.88,115.84
ORD008586,2025-06-12,Cooking Oil,Groceries,Central,2,912.13,1824.26,134.7
ORD010831,2025-06-12,Snacks,Groceries,East,4,401.82,1607.28,135.28
ORD008674,2025-06-12,Jacket,Clothing,South,2,2366.91,4733.82,1772.02
ORD010347,2025-06-12,Headphones,Electronics,Central,2,68848.09,137696.18,27251.52
ORD010717,2025-06-12,Sofa,Furniture,East,3,15533.82,46601.46,7171.48
ORD010000,2025-06-12,Cycle,Sports,West,6,6928.14,41568.84,7667.5
ORD007168,2025-06-12,Smartwatch,Electronics,Central,3,30080.14,90240.42,17632.03
ORD010181,2025-06-12,Running Shoes,Sports,East,1,14759.52,14759.52,3110.97
ORD011969,2025-06-13,Running Shoes,Sports,North,5,8812.81,44064.05,10218.99
ORD003950,2025-06-13,Spices Pack,Groceries,West,1,589.62,589.62,81.66
ORD007118,2025-06-13,Dairy Bundle,Groceries,South,3,1864.35,5593.05,825.47
ORD003239,2025-06-13,Wardrobe,Furniture,East,3,16479.69,49439.07,5812.04
ORD011976,2025-06-13,Dairy Bundle,Groceries,South,3,1783.07,5349.21,689.15
ORD010404,2025-06-13,Desk,Furniture,North,5,27420.26,137101.3,27028.05
ORD001264,2025-06-13,Wardrobe,Furniture,West,2,7899.74,15799.48,3849.03
ORD009999,2025-06-13,Badminton Kit,Sports,East,5,1178.8,5894.0,1242.1
ORD009534,2025-06-13,Tablet,Electronics,East,1,12793.18,12793.18,1313.2
ORD006859,2025-06-13,Smartphone,Electronics,West,2,48096.13,96192.26,16780.43
ORD001853,2025-06-13,Rice,Groceries,South,5,1899.61,9498.05,1315.34
ORD000579,2025-06-13,Smartphone,Electronics,East,1,19419.57,19419.57,3606.3
ORD008368,2025-06-13,Bookshelf,Furniture,North,6,26057.09,156342.54,37138.78
ORD004159,2025-06-13,Dumbbell Set,Sports,North,1,13070.65,13070.65,3912.68
ORD007222,2025-06-13,Laptop,Electronics,Central,4,18480.88,73923.52,13286.77
ORD001170,2025-06-13,Yoga Mat,Sports,South,2,2254.86,4509.72,1054.33
ORD006794,2025-06-13,Jeans,Clothing,East,2,4737.62,9475.24,2297.07
ORD001147,2025-06-13,Cooking Oil,Groceries,West,1,493.29,493.29,50.15
ORD012312,2025-06-13,Shoes,Clothing,North,6,1917.16,11502.96,4927.96
ORD002465,2025-06-13,Yoga Mat,Sports,West,5,11286.63,56433.15,18839.73
ORD006291,2025-06-13,Tablet,Electronics,West,2,65738.27,131476.54,24955.46
ORD008071,2025-06-13,Smartwatch,Electronics,West,2,40533.82,81067.64,8357.21
ORD002489,2025-06-13,Rice,Groceries,North,3,334.55,1003.65,70.86
ORD004420,2025-06-13,Chair,Furniture,South,1,27765.52,27765.52,2981.29
ORD008670,2025-06-13,Tablet,Electronics,North,1,22389.94,22389.94,1828.79
ORD004175,2025-06-13,Snacks,Groceries,North,3,988.93,2966.79,340.18
ORD005401,2025-06-13,Jeans,Clothing,East,2,1950.72,3901.44,1596.9
ORD000317,2025-06-13,Dumbbell Set,Sports,East,4,7919.32,31677.28,8122.77
ORD009887,2025-06-13,Rice,Groceries,West,3,146.42,439.26,65.38
ORD002192,2025-06-13,Snacks,Groceries,East,4,1190.35,4761.4,507.57
ORD002607,2025-06-13,Tablet,Electronics,South,6,31487.88,188927.28,32258.02
ORD002182,2025-06-13,Tablet,Electronics,East,2,62985.84,125971.68,17989.78
ORD002046,2025-06-13,Smartphone,Electronics,West,3,60858.89,182576.67,22084.15
ORD008272,2025-06-13,Wardrobe,Furniture,West,2,23239.55,46479.1,8455.56
ORD010459,2025-06-13,Chair,Furniture,West,7,21310.88,149176.16,31022.51
ORD007628,2025-06-13,Running Shoes,Sports,North,4,9797.39,39189.56,13117.55
ORD007381,2025-06-13,Chair,Furniture,West,1,17978.04,17978.04,4182.22
ORD002156,2025-06-13,Rice,Groceries,South,1,626.43,626.43,90.26
ORD002023,2025-06-13,Jacket,Clothing,West,4,2232.6,8930.4,2740.49
ORD003774,2025-06-13,Badminton Kit,Sports,West,1,11803.21,11803.21,2366.75
ORD009742,2025-06-13,Dress,Clothing,South,2,3334.76,6669.52,2995.62
ORD005516,2025-06-13,Rice,Groceries,Central,2,618.54,1237.08,62.16
ORD009652,2025-06-13,Sofa,Furniture,North,2,29920.18,59840.36,8312.26
ORD004306,2025-06-13,Desk,Furniture,Central,2,13707.68,27415.36,6487.91
ORD007721,2025-06-13,Spices Pack,Groceries,North,7,1738.38,12168.66,800.25
ORD010787,2025-06-13,Headphones,Electronics,West,2,54943.65,109887.3,9496.44
ORD008820,2025-06-13,Jeans,Clothing,South,1,2596.01,2596.01,1053.11
ORD008958,2025-06-14,Dairy Bundle,Groceries,North,1,302.09,302.09,21.48
ORD004925,2025-06-14,Chair,Furniture,North,1,18550.67,18550.67,3256.87
ORD008303,2025-06-14,Bookshelf,Furniture,West,3,8023.65,24070.95,4399.01
ORD008270,2025-06-14,Dairy Bundle,Groceries,East,1,1265.24,1265.24,166.22
ORD002400,2025-06-14,Dumbbell Set,Sports,East,1,2276.22,2276.22,630.47
ORD000204,2025-06-14,Rice,Groceries,North,3,839.48,2518.44,128.65
ORD001128,2025-06-14,Dumbbell Set,Sports,South,2,13245.19,26490.38,7002.85
ORD001088,2025-06-14,Badminton Kit,Sports,South,4,3794.1,15176.4,4817.11
ORD009166,2025-06-14,Running Shoes,Sports,East,3,11796.92,35390.76,8854.27
ORD002296,2025-06-14,Jacket,Clothing,Central,1,3002.78,3002.78,755.81
ORD002628,2025-06-14,Shoes,Clothing,Central,1,4355.91,4355.91,1394.5
ORD008290,2025-06-14,Yoga Mat,Sports,East,7,1198.19,8387.33,2105.15
ORD008348,2025-06-14,Dairy Bundle,Groceries,Central,2,1586.98,3173.96,369.39
ORD002324,2025-06-14,Dairy Bundle,Groceries,West,1,1387.67,1387.67,104.4
ORD010153,2025-06-14,Smartwatch,Electronics,South,1,51889.85,51889.85,8617.48
ORD004114,2025-06-14,Headphones,Electronics,West,1,33887.11,33887.11,3222.54
ORD003039,2025-06-14,Dress,Clothing,West,1,1818.78,1818.78,611.16
ORD002484,2025-06-14,Smartphone,Electronics,South,4,77643.53,310574.12,51497.85
ORD010564,2025-06-14,Yoga Mat,Sports,South,1,5409.09,5409.09,1669.74
ORD005296,2025-06-14,Rice,Groceries,South,1,1575.86,1575.86,177.42
ORD007500,2025-06-14,Badminton Kit,Sports,Central,2,10402.94,20805.88,4165.67
ORD008855,2025-06-14,Chair,Furniture,East,1,26639.6,26639.6,3066.77
ORD010001,2025-06-14,Wardrobe,Furniture,North,3,22439.95,67319.85,8595.18
ORD011102,2025-06-14,Bookshelf,Furniture,South,2,5527.07,11054.14,2491.34
ORD010669,2025-06-14,Wardrobe,Furniture,West,1,21210.13,21210.13,2192.03
ORD011811,2025-06-14,Smartphone,Electronics,East,3,67369.46,202108.38,34583.24
ORD008509,2025-06-14,Desk,Furniture,Central,1,10943.82,10943.82,1247.47
ORD010641,2025-06-14,Desk,Furniture,South,3,9734.11,29202.33,6037.82
ORD009109,2025-06-14,Sofa,Furniture,East,1,19180.36,19180.36,2068.1
ORD006214,2025-06-14,Jeans,Clothing,West,1,2456.21,2456.21,855.75
ORD000442,2025-06-14,Dumbbell Set,Sports,East,3,785.8,2357.4,402.7
ORD006597,2025-06-14,Shoes,Clothing,South,2,641.61,1283.22,439.12
ORD005634,2025-06-14,Spices Pack,Groceries,North,4,1380.98,5523.92,389.14
ORD005094,2025-06-14,Wardrobe,Furniture,Central,1,25775.7,25775.7,5959.48
ORD009535,2025-06-14,T-Shirt,Clothing,East,1,2229.5,2229.5,511.78
ORD002430,2025-06-14,Smartwatch,Electronics,South,2,74070.6,148141.2,27627.78
ORD007798,2025-06-14,Cooking Oil,Groceries,North,1,317.16,317.16,25.09
ORD009208,2025-06-14,Dairy Bundle,Groceries,Central,4,1746.25,6985.0,984.57
ORD007052,2025-06-14,Dress,Clothing,East,2,1664.93,3329.86,918.61
ORD006862,2025-06-14,Jeans,Clothing,East,2,1341.82,2683.64,684.28
ORD010599,2025-06-14,T-Shirt,Clothing,Central,1,4397.21,4397.21,1712.22
ORD007429,2025-06-14,Dumbbell Set,Sports,Central,1,7808.55,7808.55,2238.64
ORD002020,2025-06-14,Dress,Clothing,West,2,3399.29,6798.58,2341.78
ORD002563,2025-06-14,Badminton Kit,Sports,South,4,13735.61,54942.44,14948.33
ORD011599,2025-06-14,Cycle,Sports,West,4,5612.68,22450.72,6638.87
ORD002847,2025-06-15,Laptop,Electronics,North,1,57206.92,57206.92,8652.1
ORD001809,2025-06-15,Shoes,Clothing,South,1,2916.89,2916.89,1199.66
ORD008614,2025-06-15,Jeans,Clothing,East,8,2971.03,23768.24,9496.15
ORD002356,2025-06-15,Jeans,Clothing,South,1,2269.16,2269.16,713.67
ORD005161,2025-06-15,Shoes,Clothing,East,4,2898.36,11593.44,3052.68
ORD011910,2025-06-15,Tablet,Electronics,East,6,57332.86,343997.16,60771.22
ORD007048,2025-06-15,Cooking Oil,Groceries,Central,1,1419.75,1419.75,173.09
ORD000308,2025-06-15,Jeans,Clothing,South,6,4405.82,26434.92,11372.78
ORD000954,2025-06-15,Sofa,Furniture,West,2,28826.06,57652.12,8947.1
ORD009845,2025-06-15,Headphones,Electronics,West,1,68162.38,68162.38,8566.48
ORD008675,2025-06-15,Cycle,Sports,South,4,9692.61,38770.44,6704.56
ORD007908,2025-06-15,Snacks,Groceries,South,1,808.34,808.34,95.36
ORD005130,2025-06-15,Wardrobe,Furniture,North,1,26454.76,26454.76,2978.81
ORD000715,2025-06-15,Chair,Furniture,South,3,19895.36,59686.08,13739.0
ORD002274,2025-06-15,Laptop,Electronics,South,2,8998.07,17996.14,2842.05
ORD010901,2025-06-15,Cooking Oil,Groceries,South,4,1236.92,4947.68,460.02
ORD005124,2025-06-15,Snacks,Groceries,West,4,404.14,1616.56,208.1
ORD004852,2025-06-15,T-Shirt,Clothing,East,4,3663.49,58694.55,23478.62
ORD000363,2025-06-15,Desk,Furniture,West,6,18085.25,450401.2,101914.22
ORD004959,2025-06-15,Shoes,Clothing,Central,3,875.84,2627.52,664.78
ORD011308,2025-06-15,Snacks,Groceries,North,3,1059.55,3178.65,233.71
ORD006461,2025-06-15,Shoes,Clothing,Central,2,4393.19,8786.38,2226.16
ORD002246,2025-06-15,Wardrobe,Furniture,South,1,9312.55,9312.55,1902.02
ORD006848,2025-06-15,Cooking Oil,Groceries,West,2,1299.8,2599.6,152.25
ORD007551,2025-06-15,Laptop,Electronics,North,2,41542.76,83085.52,7221.96
ORD002309,2025-06-15,Desk,Furniture,West,1,24647.14,24647.14,5701.46
ORD005481,2025-06-15,Shoes,Clothing,Central,1,1780.76,1780.76,589.29
ORD012368,2025-06-15,Spices Pack,Groceries,East,1,1692.0,1692.0,103.87
ORD011804,2025-06-15,T-Shirt,Clothing,West,4,4778.28,19113.12,6809.11
ORD012110,2025-06-15,Chair,Furniture,West,4,26017.66,104070.64,24939.98
ORD007614,2025-06-15,Headphones,Electronics,West,2,18627.69,37255.38,4540.07
ORD006592,2025-06-15,T-Shirt,Clothing,West,4,824.54,12461.68,3075.37
ORD011246,2025-06-15,Smartphone,Electronics,West,3,56603.74,169811.22,19497.46
ORD002049,2025-06-15,Rice,Groceries,Central,1,126.0,126.0,7.33
ORD004971,2025-06-15,Cycle,Sports,East,4,14109.49,56437.96,9074.08
ORD003415,2025-06-16,Laptop,Electronics,East,3,56678.7,170036.1,21866.66
ORD000444,2025-06-16,Snacks,Groceries,South,2,1340.22,2680.44,197.87
ORD004972,2025-06-16,Jacket,Clothing,Central,4,357.25,1429.0,522.06
ORD009957,2025-06-16,Jacket,Clothing,South,1,3635.91,3635.91,1056.99
ORD011091,2025-06-16,Dress,Clothing,East,2,4674.49,9348.98,2988.39
ORD006022,2025-06-16,Shoes,Clothing,North,4,4268.71,17074.84,5349.97
ORD007745,2025-06-16,Snacks,Groceries,East,3,752.21,2256.63,267.89
ORD011432,2025-06-16,Snacks,Groceries,East,4,720.11,2880.44,231.31
ORD007794,2025-06-16,Headphones,Electronics,Central,3,22967.94,68903.82,8791.28
ORD005995,2025-06-16,Dairy Bundle,Groceries,Central,4,1571.97,6287.88,909.72
ORD010098,2025-06-16,Laptop,Electronics,South,5,34775.4,173877.0,30726.39
ORD003205,2025-06-16,Dumbbell Set,Sports,Central,5,7925.28,39626.4,13399.19
ORD004848,2025-06-16,Dress,Clothing,West,1,2306.46,2306.46,779.59
ORD008409,2025-06-16,Smartphone,Electronics,Central,1,31909.42,31909.42,2791.09
ORD006395,2025-06-16,Shoes,Clothing,West,2,2438.06,4876.12,1413.14
ORD001105,2025-06-16,Jeans,Clothing,North,1,1673.43,1673.43,715.71
ORD007369,2025-06-16,Dress,Clothing,East,1,591.28,591.28,249.53
ORD009347,2025-06-16,Dress,Clothing,West,1,3518.2,3518.2,1157.07
ORD003593,2025-06-16,Smartwatch,Electronics,West,3,24423.23,73269.69,13970.1
ORD001104,2025-06-16,Snacks,Groceries,Central,2,632.07,1264.14,171.71
ORD001296,2025-06-16,Smartwatch,Electronics,West,6,67222.51,403335.06,71178.56
ORD009713,2025-06-16,Yoga Mat,Sports,Central,3,7659.94,22979.82,5547.44
ORD011039,2025-06-16,Spices Pack,Groceries,Central,1,887.55,887.55,83.99
ORD005679,2025-06-16,T-Shirt,Clothing,Central,4,819.54,3278.16,1411.32
ORD009090,2025-06-16,Wardrobe,Furniture,South,1,20485.26,20485.26,3062.33
ORD007194,2025-06-16,Cycle,Sports,Central,6,12310.37,73862.22,20608.78
ORD012063,2025-06-16,Shoes,Clothing,South,2,1049.3,2098.6,752.65
ORD002572,2025-06-16,Dress,Clothing,North,4,3034.09,12136.36,4752.44
ORD003018,2025-06-16,Dairy Bundle,Groceries,North,5,1314.48,6572.4,483.52
ORD009857,2025-06-16,Desk,Furniture,South,4,15055.19,60220.76,6052.64
ORD006687,2025-06-16,Laptop,Electronics,West,4,9264.71,37058.84,5718.36
ORD011552,2025-06-16,Jacket,Clothing,East,1,3833.88,3833.88,913.53
ORD007266,2025-06-16,Bookshelf,Furniture,South,2,16663.44,33326.88,8243.97
ORD010162,2025-06-16,Running Shoes,Sports,East,1,6042.18,6042.18,1992.32
ORD010213,2025-06-16,Jeans,Clothing,South,1,4655.22,4655.22,1554.87
ORD003663,2025-06-17,Spices Pack,Groceries,South,3,229.22,687.66,47.71
ORD008748,2025-06-17,Jacket,Clothing,South,5,1549.14,7745.7,2546.38
ORD003565,2025-06-17,Yoga Mat,Sports,Central,1,5205.35,5205.35,1764.74
ORD008841,2025-06-17,Chair,Furniture,West,1,16196.08,16196.08,3498.33
ORD005331,2025-06-17,Laptop,Electronics,North,2,41876.37,83752.74,7182.31
ORD002506,2025-06-17,Cooking Oil,Groceries,South,3,414.45,1243.35,150.02
ORD007507,2025-06-17,Dairy Bundle,Groceries,Central,3,1970.32,5910.96,572.5
ORD011629,2025-06-17,Wardrobe,Furniture,East,2,9054.33,18108.66,1871.3
ORD009485,2025-06-17,Shoes,Clothing,East,2,2820.95,5641.9,1807.61
ORD010263,2025-06-17,Running Shoes,Sports,North,2,12374.75,24749.5,4330.69
ORD006801,2025-06-17,Rice,Groceries,Central,3,454.73,1364.19,95.28
ORD010337,2025-06-17,Smartwatch,Electronics,East,1,50766.61,50766.61,5810.61
ORD008249,2025-06-17,Wardrobe,Furniture,East,1,11467.24,11467.24,1357.64
ORD004983,2025-06-17,Chair,Furniture,North,3,15770.14,47310.42,8743.84
ORD006544,2025-06-17,T-Shirt,Clothing,Central,2,1911.8,3823.6,1690.85
ORD004145,2025-06-17,Cooking Oil,Groceries,South,3,241.57,724.71,73.22
ORD000227,2025-06-17,Bookshelf,Furniture,East,1,13878.22,13878.22,3274.61
ORD004906,2025-06-17,Chair,Furniture,South,3,5166.96,15500.88,3475.93
ORD008869,2025-06-17,Headphones,Electronics,East,4,56920.21,227680.84,30541.78
ORD004233,2025-06-17,Cycle,Sports,East,4,14936.26,59745.04,11980.83
ORD002887,2025-06-17,Badminton Kit,Sports,West,8,4228.71,33829.68,9941.79
ORD008121,2025-06-17,Tablet,Electronics,West,2,44073.48,88146.96,13444.47
ORD000372,2025-06-17,Dumbbell Set,Sports,South,5,11340.34,56701.7,14206.28
ORD009032,2025-06-17,Snacks,Groceries,Central,1,1751.45,1751.45,262.35
ORD007984,2025-06-17,Smartwatch,Electronics,North,2,47230.88,94461.76,13083.69
ORD002261,2025-06-17,Headphones,Electronics,South,3,70039.87,210119.61,31361.2
ORD000362,2025-06-17,Dairy Bundle,Groceries,Central,1,226.34,226.34,28.09
ORD003696,2025-06-17,Laptop,Electronics,East,1,54790.2,54790.2,4545.6
ORD008124,2025-06-18,Desk,Furniture,South,2,12923.17,25846.34,5192.14
ORD010496,2025-06-18,Shoes,Clothing,East,2,3579.67,7159.34,1492.9
ORD009278,2025-06-18,Chair,Furniture,South,5,12130.61,60653.05,15110.26
ORD002053,2025-06-18,Smartwatch,Electronics,Central,1,29307.11,29307.11,4679.14
ORD008328,2025-06-18,Jacket,Clothing,North,3,4395.38,13186.14,4323.22
ORD007826,2025-06-18,Shoes,Clothing,North,1,422.34,422.34,109.5
ORD007536,2025-06-18,Bookshelf,Furniture,North,2,28126.63,56253.26,7528.12
ORD009472,2025-06-18,Jacket,Clothing,South,1,2229.84,2229.84,971.18
ORD011873,2025-06-18,Snacks,Groceries,Central,1,375.49,375.49,25.7
ORD010370,2025-06-18,Smartwatch,Electronics,West,1,26751.34,26751.34,2824.27
ORD001248,2025-06-18,Yoga Mat,Sports,East,4,7913.49,31653.96,7864.9
ORD001530,2025-06-18,Wardrobe,Furniture,West,1,4116.34,4116.34,999.09
ORD010141,2025-06-18,Running Shoes,Sports,East,1,3837.63,3837.63,1270.19
ORD004834,2025-06-18,Dumbbell Set,Sports,Central,2,1189.01,2378.02,461.0
ORD007579,2025-06-18,T-Shirt,Clothing,North,4,1463.1,5852.4,2049.03
ORD002339,2025-06-18,Jacket,Clothing,Central,2,521.82,1043.64,459.57
ORD008571,2025-06-18,Dairy Bundle,Groceries,West,1,1429.67,1429.67,208.53
ORD004419,2025-06-18,Bookshelf,Furniture,Central,2,16085.91,32171.82,6036.52
ORD007468,2025-06-18,Tablet,Electronics,Central,3,13158.84,39476.52,7627.67
ORD012400,2025-06-18,Badminton Kit,Sports,West,4,10212.72,40850.88,13185.13
ORD003776,2025-06-18,Chair,Furniture,East,1,28478.86,28478.86,4594.75
ORD011711,2025-06-18,T-Shirt,Clothing,South,6,2253.52,13521.12,2947.54
ORD003681,2025-06-18,Running Shoes,Sports,East,4,10715.16,42860.64,10319.53
ORD009598,2025-06-18,Dress,Clothing,South,1,3513.26,3513.26,1562.85
ORD008542,2025-06-18,Dumbbell Set,Sports,Central,1,1994.04,1994.04,659.81
ORD009153,2025-06-18,Spices Pack,Groceries,Central,1,897.42,897.42,103.61
ORD008295,2025-06-18,Yoga Mat,Sports,East,5,1128.51,5642.55,1257.64
ORD008066,2025-06-18,Snacks,Groceries,West,2,1518.11,3036.22,434.26
ORD004160,2025-06-18,Running Shoes,Sports,East,1,12937.6,12937.6,3221.42
ORD003721,2025-06-18,T-Shirt,Clothing,South,2,3304.54,6609.08,1445.97
ORD001631,2025-06-18,Cycle,Sports,North,3,3462.59,10387.77,2613.16
ORD000144,2025-06-18,T-Shirt,Clothing,South,2,2488.31,4976.62,1670.46
ORD008989,2025-06-18,Cooking Oil,Groceries,East,1,1125.09,1125.09,76.84
ORD004804,2025-06-18,Dairy Bundle,Groceries,South,3,1646.28,4938.84,490.68
ORD003449,2025-06-18,Smartwatch,Electronics,East,2,66082.96,766567.05,61661.7
ORD004294,2025-06-18,Chair,Furniture,East,2,26460.11,52920.22,11347.15
ORD001435,2025-06-18,Headphones,Electronics,Central,3,28339.72,85019.16,10403.46
ORD008533,2025-06-18,Yoga Mat,Sports,Central,2,12280.54,24561.08,6443.91
ORD003872,2025-06-18,Desk,Furniture,Central,1,22606.7,22606.7,3282.15
ORD005181,2025-06-18,Tablet,Electronics,West,2,71369.46,142738.92,26625.15
ORD006108,2025-06-19,Dress,Clothing,East,2,3284.62,6569.24,2041.18
ORD008077,2025-06-19,Bookshelf,Furniture,East,4,17840.38,71361.52,10320.8
ORD000090,2025-06-19,Headphones,Electronics,West,2,75444.56,150889.12,14561.18
ORD010504,2025-06-19,Running Shoes,Sports,South,2,14232.78,28465.56,4695.44
ORD008583,2025-06-19,Wardrobe,Furniture,Central,5,27151.63,135758.15,33348.66
ORD011037,2025-06-19,Badminton Kit,Sports,East,5,3378.83,77289.96,11647.11
ORD012364,2025-06-19,T-Shirt,Clothing,West,2,3512.86,7025.72,2899.91
ORD006815,2025-06-19,Laptop,Electronics,South,1,72281.12,72281.12,14441.51
ORD006116,2025-06-19,T-Shirt,Clothing,West,2,3190.19,6380.38,2834.78
ORD005558,2025-06-19,Shoes,Clothing,Central,2,2976.71,5953.42,2495.38
ORD008875,2025-06-19,Smartphone,Electronics,Central,3,17116.72,51350.16,6386.43
ORD003114,2025-06-19,Rice,Groceries,East,3,330.61,991.83,147.38
ORD009629,2025-06-19,Running Shoes,Sports,Central,3,12935.45,38806.35,6115.5
ORD008724,2025-06-19,Badminton Kit,Sports,Central,5,2524.76,12623.8,3187.72
ORD007081,2025-06-19,Tablet,Electronics,West,5,15720.98,78604.9,7161.62
ORD011263,2025-06-19,Dumbbell Set,Sports,North,4,11364.75,45459.0,7482.39
ORD012248,2025-06-19,Wardrobe,Furniture,Central,1,7252.05,7252.05,1560.23
ORD004855,2025-06-19,Badminton Kit,Sports,South,4,5610.27,22441.08,5856.72
ORD008526,2025-06-19,Dress,Clothing,East,3,2991.94,8975.82,2000.1
ORD008692,2025-06-19,Sofa,Furniture,South,6,8187.95,49127.7,8604.69
ORD009769,2025-06-19,Jeans,Clothing,North,3,2564.02,7692.06,2983.04
ORD011615,2025-06-19,Tablet,Electronics,Central,1,17994.8,17994.8,1610.25
ORD004950,2025-06-19,Badminton Kit,Sports,Central,2,12548.38,25096.76,3973.3
ORD007803,2025-06-19,Dairy Bundle,Groceries,North,3,602.72,1808.16,128.39
ORD006963,2025-06-19,Tablet,Electronics,Central,2,48172.31,96344.62,9845.79
ORD004193,2025-06-19,Yoga Mat,Sports,West,4,4240.12,16960.48,4211.34
ORD008786,2025-06-19,Dairy Bundle,Groceries,North,1,1861.65,1861.65,277.37
ORD005383,2025-06-19,Jeans,Clothing,West,4,4037.85,16151.4,5777.27
ORD001888,2025-06-19,Bookshelf,Furniture,East,2,20442.52,40885.04,9801.5
ORD009319,2025-06-19,Laptop,Electronics,Central,3,53173.89,159521.67,21971.85
ORD011402,2025-06-19,Badminton Kit,Sports,West,2,8002.51,16005.02,4594.12
ORD005575,2025-06-19,Laptop,Electronics,East,1,70093.11,70093.11,12792.84
ORD010910,2025-06-19,Snacks,Groceries,Central,6,1997.44,11984.64,1731.14
ORD005531,2025-06-19,Chair,Furniture,East,1,23139.4,23139.4,2622.77
ORD011941,2025-06-19,Wardrobe,Furniture,West,1,19302.75,19302.75,3907.79
ORD008321,2025-06-19,Jacket,Clothing,South,2,3347.59,6695.18,1824.37
ORD005377,2025-06-19,Running Shoes,Sports,East,1,8587.59,8587.59,2406.82
ORD005131,2025-06-20,Jeans,Clothing,East,4,3503.17,14012.68,5185.08
ORD004924,2025-06-20,Desk,Furniture,North,5,25743.21,128716.05,19970.13
ORD010016,2025-06-20,Badminton Kit,Sports,South,4,11888.95,47555.8,8203.36
ORD002112,2025-06-20,Wardrobe,Furniture,North,4,27142.19,108568.76,24046.75
ORD007568,2025-06-20,Jacket,Clothing,Central,2,3922.42,7844.84,1785.36
ORD007814,2025-06-20,Jacket,Clothing,West,3,3161.03,9483.09,3973.94
ORD008135,2025-06-20,Tablet,Electronics,South,8,57103.82,456830.56,55046.7
ORD010827,2025-06-20,Wardrobe,Furniture,East,2,20113.95,40227.9,5343.0
ORD011315,2025-06-20,Chair,Furniture,Central,3,21327.27,228646.05,24957.87
ORD006636,2025-06-20,Jacket,Clothing,Central,2,1089.1,2178.2,613.61
ORD005052,2025-06-20,Badminton Kit,Sports,South,4,14730.53,58922.12,12818.58
ORD002740,2025-06-20,Rice,Groceries,East,1,1555.87,1555.87,125.11
ORD009260,2025-06-20,Chair,Furniture,West,1,8512.62,8512.62,1289.11
ORD002842,2025-06-20,Tablet,Electronics,East,2,73868.12,147736.24,15572.25
ORD011827,2025-06-20,Smartwatch,Electronics,South,3,41028.8,123086.4,18532.59
ORD009473,2025-06-20,Running Shoes,Sports,East,2,6821.05,13642.1,4734.91
ORD001876,2025-06-20,Smartphone,Electronics,South,5,72480.53,362402.65,68530.72
ORD009956,2025-06-20,Shoes,Clothing,West,1,2794.0,2794.0,630.36
ORD003349,2025-06-20,Wardrobe,Furniture,East,3,20532.09,61596.27,9444.52
ORD004884,2025-06-20,Jeans,Clothing,Central,3,3280.06,9840.18,3839.86
ORD011401,2025-06-20,Running Shoes,Sports,North,1,643.37,643.37,200.09
ORD002467,2025-06-20,Dress,Clothing,North,3,4819.29,14457.87,4499.48
ORD009932,2025-06-20,Wardrobe,Furniture,East,4,7854.0,31416.0,7828.39
ORD010508,2025-06-20,Desk,Furniture,South,4,7499.59,29998.36,4349.88
ORD004614,2025-06-20,Dress,Clothing,Central,1,2192.27,2192.27,926.4
ORD005729,2025-06-20,Smartphone,Electronics,East,4,38505.91,154023.64,17998.89
ORD007690,2025-06-20,T-Shirt,Clothing,North,2,4200.8,8401.6,2101.47
ORD011667,2025-06-20,Rice,Groceries,East,4,1506.01,6024.04,608.56
ORD000249,2025-06-20,Shoes,Clothing,South,1,3043.18,3043.18,667.78
ORD003147,2025-06-20,Badminton Kit,Sports,South,3,14299.68,42899.04,9178.0
ORD012498,2025-06-21,Headphones,Electronics,Central,2,11486.47,22972.94,2740.64
ORD010571,2025-06-21,Cooking Oil,Groceries,South,1,1588.2,1588.2,92.07
ORD005734,2025-06-21,Headphones,Electronics,South,1,17604.74,17604.74,2858.39
ORD006137,2025-06-21,Jacket,Clothing,South,3,4671.03,14013.09,5279.91
ORD001951,2025-06-21,Spices Pack,Groceries,South,5,919.47,4597.35,404.13
ORD007693,2025-06-21,Jeans,Clothing,East,3,4726.56,14179.68,5159.84
ORD001525,2025-06-21,Dress,Clothing,North,1,2168.78,2168.78,577.05
ORD004603,2025-06-21,Rice,Groceries,North,2,1872.41,3744.82,215.73
ORD005980,2025-06-21,Snacks,Groceries,West,2,1070.91,2141.82,302.81
ORD007797,2025-06-21,Rice,Groceries,West,1,1445.88,1445.88,167.78
ORD004705,2025-06-21,Rice,Groceries,East,1,477.77,477.77,48.18
ORD002688,2025-06-21,Headphones,Electronics,West,4,42860.46,171441.84,30050.62
ORD000523,2025-06-21,T-Shirt,Clothing,North,4,4464.1,17856.4,6320.55
ORD010839,2025-06-21,Shoes,Clothing,Central,3,682.54,2047.62,648.2
ORD007132,2025-06-21,Dairy Bundle,Groceries,North,2,999.5,1999.0,265.72
ORD010094,2025-06-21,Sofa,Furniture,East,2,7424.41,14848.82,1981.39
ORD011332,2025-06-21,Cooking Oil,Groceries,North,1,1509.58,1509.58,178.57
ORD007018,2025-06-21,Running Shoes,Sports,Central,1,8828.36,8828.36,2680.93
ORD001160,2025-06-21,Dress,Clothing,Central,1,2282.59,2282.59,691.07
ORD008373,2025-06-21,Dumbbell Set,Sports,South,2,3664.58,7329.16,1868.02
ORD006969,2025-06-21,Tablet,Electronics,Central,5,56892.98,284464.9,48815.81
ORD004944,2025-06-21,T-Shirt,Clothing,East,1,4489.03,4489.03,1799.97
ORD000088,2025-06-21,Jeans,Clothing,East,2,3332.31,6664.62,1623.45
ORD004515,2025-06-21,Dairy Bundle,Groceries,South,1,1994.28,1994.28,184.58
ORD004772,2025-06-21,Rice,Groceries,West,3,761.14,2283.42,221.28
ORD002132,2025-06-21,Sofa,Furniture,West,2,13615.12,27230.24,4304.86
ORD002539,2025-06-21,Wardrobe,Furniture,East,1,19197.21,19197.21,2601.06
ORD012426,2025-06-21,Dress,Clothing,North,5,4595.8,22979.0,9774.56
ORD010366,2025-06-21,Smartphone,Electronics,West,1,76476.71,76476.71,10752.89
ORD002781,2025-06-21,Dumbbell Set,Sports,North,1,5443.95,5443.95,1902.85
ORD001881,2025-06-21,Laptop,Electronics,East,2,16632.16,33264.32,5594.76
ORD009792,2025-06-21,Shoes,Clothing,East,2,3830.03,7660.06,2518.81
ORD006119,2025-06-21,Dress,Clothing,Central,3,3927.51,11782.53,5002.36
ORD001877,2025-06-21,Headphones,Electronics,West,1,30599.22,30599.22,4985.43
ORD006173,2025-06-21,Snacks,Groceries,West,5,987.3,18427.39,2417.73
ORD004554,2025-06-21,Sofa,Furniture,North,3,6051.9,18155.7,4024.84
ORD008968,2025-06-21,Dumbbell Set,Sports,South,1,12689.88,12689.88,3900.77
ORD010535,2025-06-21,Spices Pack,Groceries,North,3,700.08,2100.24,233.47
ORD008881,2025-06-21,Dumbbell Set,Sports,South,3,9790.63,29371.89,9184.09
ORD001089,2025-06-21,Smartwatch,Electronics,South,1,28107.88,28107.88,4417.04
ORD011083,2025-06-21,Smartphone,Electronics,South,1,22536.96,22536.96,4333.28
ORD001222,2025-06-22,Tablet,Electronics,North,1,62856.93,62856.93,11316.64
ORD010413,2025-06-22,Bookshelf,Furniture,South,3,19330.5,57991.5,8431.43
ORD008297,2025-06-22,Wardrobe,Furniture,East,4,20287.66,81150.64,13431.11
ORD009328,2025-06-22,T-Shirt,Clothing,West,8,3999.23,31993.84,11387.58
ORD002639,2025-06-22,Laptop,Electronics,North,7,19965.32,139757.24,16760.74
ORD005075,2025-06-22,Bookshelf,Furniture,South,4,26022.65,104090.6,16519.88
ORD005010,2025-06-22,Dairy Bundle,Groceries,North,5,291.53,1457.65,110.81
ORD008696,2025-06-22,Tablet,Electronics,East,1,62260.78,62260.78,11446.33
ORD002441,2025-06-22,Dairy Bundle,Groceries,East,2,487.77,975.54,94.53
ORD001978,2025-06-22,T-Shirt,Clothing,Central,6,1387.93,8327.58,3473.45
ORD012187,2025-06-22,Rice,Groceries,North,2,185.2,370.4,44.96
ORD003189,2025-06-22,Desk,Furniture,West,3,22756.64,68269.92,15302.12
ORD007320,2025-06-22,T-Shirt,Clothing,East,2,3586.44,7172.88,2579.95
ORD002161,2025-06-22,Smartphone,Electronics,North,6,49806.46,298838.76,57470.42
ORD010800,2025-06-22,Snacks,Groceries,North,1,1954.86,1954.86,248.72
ORD010362,2025-06-22,Tablet,Electronics,South,3,76949.81,230849.43,24270.63
ORD007297,2025-06-22,Dumbbell Set,Sports,South,1,12377.51,12377.51,3232.27
ORD007502,2025-06-22,Running Shoes,Sports,East,4,8658.67,34634.68,5772.23
ORD002735,2025-06-22,Shoes,Clothing,East,1,4270.86,4270.86,1238.2
ORD002980,2025-06-22,Bookshelf,Furniture,Central,4,23552.48,94209.92,20880.71
ORD011227,2025-06-22,T-Shirt,Clothing,North,6,2106.29,12637.74,5219.69
ORD009202,2025-06-22,Running Shoes,Sports,West,1,14798.43,14798.43,3964.33
ORD009219,2025-06-22,Dumbbell Set,Sports,North,1,5859.26,5859.26,1589.91
ORD002016,2025-06-22,T-Shirt,Clothing,East,3,3454.97,10364.91,2774.28
ORD002586,2025-06-22,Headphones,Electronics,West,1,38636.41,38636.41,5712.39
ORD005017,2025-06-22,Dress,Clothing,Central,2,4425.81,8851.62,3751.11
ORD006278,2025-06-22,Chair,Furniture,South,2,19167.42,38334.84,6886.87
ORD003686,2025-06-22,Yoga Mat,Sports,East,3,10275.71,30827.13,8528.44
ORD005579,2025-06-22,Bookshelf,Furniture,East,1,28405.37,28405.37,3605.92
ORD000333,2025-06-22,Running Shoes,Sports,Central,2,1975.85,3951.7,713.57
ORD001336,2025-06-22,Yoga Mat,Sports,North,2,9850.07,19700.14,4511.85
ORD000573,2025-06-22,Snacks,Groceries,North,2,607.35,1214.7,167.46
ORD006481,2025-06-22,Laptop,Electronics,West,2,8252.34,16504.68,1375.1
ORD000651,2025-06-22,Badminton Kit,Sports,Central,2,958.0,1916.0,646.16
ORD001230,2025-06-22,Yoga Mat,Sports,Central,1,7589.02,7589.02,1748.17
ORD008728,2025-06-23,Cooking Oil,Groceries,East,4,705.14,2820.56,289.82
ORD007564,2025-06-23,Laptop,Electronics,East,1,54105.01,54105.01,7368.89
ORD000329,2025-06-23,Headphones,Electronics,East,3,28431.87,85295.61,10539.97
ORD007270,2025-06-23,Jeans,Clothing,West,1,4376.8,4376.8,1233.27
ORD009890,2025-06-23,Badminton Kit,Sports,South,4,5207.06,20828.24,5718.13
ORD002966,2025-06-23,Dress,Clothing,North,1,669.55,669.55,189.3
ORD003512,2025-06-23,Dress,Clothing,West,1,4810.08,4810.08,1915.21
ORD009093,2025-06-23,Smartphone,Electronics,West,1,28598.32,28598.32,2675.41
ORD010519,2025-06-23,Jeans,Clothing,West,2,2688.95,5377.9,1349.45
ORD002454,2025-06-23,Cycle,Sports,West,3,14504.57,43513.71,8318.03
ORD001281,2025-06-23,Wardrobe,Furniture,West,5,24246.44,121232.2,24981.47
ORD007971,2025-06-23,Wardrobe,Furniture,North,1,14209.38,14209.38,2004.51
ORD008412,2025-06-23,Smartphone,Electronics,East,6,22688.62,136131.72,12862.08
ORD000284,2025-06-23,Dairy Bundle,Groceries,West,7,845.26,5916.82,554.69
ORD010914,2025-06-23,Bookshelf,Furniture,North,4,16650.84,66603.36,13264.9
ORD010885,2025-06-23,Yoga Mat,Sports,South,3,6362.51,19087.53,4750.63
ORD001759,2025-06-23,Dress,Clothing,South,1,699.99,699.99,207.48
ORD011041,2025-06-23,Cycle,Sports,South,1,13438.06,13438.06,3673.8
ORD005859,2025-06-23,Tablet,Electronics,North,4,13469.14,219813.22,35928.22
ORD009646,2025-06-23,Spices Pack,Groceries,Central,1,1509.55,1509.55,225.91
ORD007709,2025-06-23,Running Shoes,Sports,East,6,2696.49,16178.94,3723.06
ORD009284,2025-06-23,T-Shirt,Clothing,South,4,3823.22,15292.88,5954.81
ORD003207,2025-06-23,Jacket,Clothing,West,4,4325.89,17303.56,5174.0
ORD007919,2025-06-23,Tablet,Electronics,North,1,72914.17,72914.17,10168.36
ORD004942,2025-06-23,Spices Pack,Groceries,Central,3,794.36,2383.08,342.25
ORD005670,2025-06-23,Tablet,Electronics,East,3,69861.12,209583.36,26915.27
ORD001434,2025-06-23,Badminton Kit,Sports,North,3,7992.13,23976.39,7235.0
ORD010343,2025-06-23,Cooking Oil,Groceries,South,2,622.48,1244.96,127.36
ORD000278,2025-06-23,Tablet,Electronics,Central,4,71119.06,284476.24,36531.85
ORD000247,2025-06-23,Dress,Clothing,West,3,1603.69,4811.07,1188.48
ORD011642,2025-06-23,Smartwatch,Electronics,Central,1,77543.72,77543.72,8442.57
ORD012089,2025-06-24,Sofa,Furniture,Central,1,18684.76,18684.76,4270.73
ORD010928,2025-06-24,Snacks,Groceries,East,4,1510.82,6043.28,843.69
ORD012006,2025-06-24,Smartphone,Electronics,East,3,40836.88,122510.64,21832.15
ORD008420,2025-06-24,Smartwatch,Electronics,East,3,10680.65,32041.95,5852.2
ORD009575,2025-06-24,Dumbbell Set,Sports,East,1,3008.06,3008.06,1006.42
ORD008027,2025-06-24,Rice,Groceries,North,2,1287.0,2574.0,323.69
ORD009021,2025-06-24,Smartphone,Electronics,North,4,47392.29,189569.16,35221.52
ORD008167,2025-06-24,Chair,Furniture,West,5,22900.87,114504.35,27382.81
ORD003684,2025-06-24,Wardrobe,Furniture,Central,4,15810.93,63243.72,11818.32
ORD008387,2025-06-24,Sofa,Furniture,South,3,20164.54,60493.62,12631.59
ORD008163,2025-06-24,Headphones,Electronics,East,5,73231.13,366155.65,39597.43
ORD008607,2025-06-24,Cooking Oil,Groceries,East,1,1281.91,1281.91,74.39
ORD011069,2025-06-24,Running Shoes,Sports,South,1,3546.09,3546.09,654.54
ORD008495,2025-06-24,Dairy Bundle,Groceries,North,2,1790.93,3581.86,525.5
ORD010127,2025-06-24,Tablet,Electronics,Central,4,67338.76,269355.04,32322.1
ORD006198,2025-06-24,Rice,Groceries,Central,4,1672.21,6688.84,575.32
ORD002809,2025-06-24,Cycle,Sports,Central,1,13218.25,13218.25,2625.62
ORD011259,2025-06-24,Smartwatch,Electronics,South,4,33031.01,132124.04,23029.14
ORD002240,2025-06-24,Shoes,Clothing,South,1,3090.77,3090.77,1062.91
ORD000005,2025-06-24,Smartphone,Electronics,West,1,51280.28,51280.28,8459.64
ORD008524,2025-06-24,Rice,Groceries,North,1,1184.46,1184.46,167.5
ORD003965,2025-06-24,Yoga Mat,Sports,South,2,11701.58,23403.16,4300.72
ORD009541,2025-06-24,Chair,Furniture,North,2,16179.11,32358.22,6955.75
ORD006089,2025-06-24,Running Shoes,Sports,North,2,1050.97,2101.94,569.85
ORD002359,2025-06-24,Spices Pack,Groceries,South,2,1232.5,2465.0,368.7
ORD005468,2025-06-24,Rice,Groceries,North,3,922.85,2768.55,191.6
ORD003411,2025-06-24,Smartwatch,Electronics,West,5,42720.22,213601.1,30425.09
ORD007307,2025-06-24,Chair,Furniture,North,4,20961.32,83845.28,17160.67
ORD008753,2025-06-24,Cooking Oil,Groceries,West,1,1258.17,1258.17,148.68
ORD001386,2025-06-24,Headphones,Electronics,North,2,13489.22,26978.44,3047.6
ORD008059,2025-06-24,Headphones,Electronics,North,2,75467.93,150935.86,18250.0
ORD007879,2025-06-24,Badminton Kit,Sports,East,1,10143.2,10143.2,2062.73
ORD011056,2025-06-24,Spices Pack,Groceries,South,2,806.09,1612.18,230.58
ORD011677,2025-06-24,Jacket,Clothing,North,2,2360.96,4721.92,1282.73
ORD010658,2025-06-24,Dress,Clothing,Central,5,3180.62,15903.1,6180.05
ORD008851,2025-06-24,Badminton Kit,Sports,East,4,11880.14,47520.56,8193.62
ORD001176,2025-06-24,Dress,Clothing,West,6,3289.65,19737.9,8454.17
ORD009045,2025-06-24,Badminton Kit,Sports,West,1,5900.19,5900.19,1016.07
ORD011697,2025-06-24,Dairy Bundle,Groceries,South,3,1481.71,4445.13,594.44
ORD003847,2025-06-24,Smartphone,Electronics,West,1,26479.64,26479.64,4002.61
ORD001587,2025-06-24,Laptop,Electronics,North,4,19483.44,77933.76,7735.36
ORD001979,2025-06-24,Dumbbell Set,Sports,North,3,13933.73,41801.19,9778.36
ORD005443,2025-06-24,Badminton Kit,Sports,Central,1,7947.96,7947.96,2296.23
ORD004685,2025-06-25,Chair,Furniture,East,1,24157.88,24157.88,4522.48
ORD008690,2025-06-25,Badminton Kit,Sports,North,4,14502.49,58009.96,11511.17
ORD000698,2025-06-25,Bookshelf,Furniture,West,7,11436.09,80052.63,17958.41
ORD001181,2025-06-25,Snacks,Groceries,Central,1,122.24,122.24,11.27
ORD012232,2025-06-25,Jeans,Clothing,Central,5,1907.07,9535.35,3169.56
ORD001047,2025-06-25,Wardrobe,Furniture,North,8,7705.46,61643.68,11003.36
ORD008574,2025-06-25,Spices Pack,Groceries,West,1,1492.57,1492.57,109.58
ORD006516,2025-06-25,Cooking Oil,Groceries,South,2,679.38,1358.76,116.86
ORD011747,2025-06-25,Badminton Kit,Sports,North,5,13883.23,69416.15,16395.22
ORD005125,2025-06-25,Smartphone,Electronics,Central,1,78859.88,78859.88,6497.12
ORD005046,2025-06-25,Smartwatch,Electronics,South,1,23931.91,23931.91,2378.11
ORD001782,2025-06-25,Laptop,Electronics,West,7,12102.47,84717.29,11032.98
ORD002243,2025-06-25,T-Shirt,Clothing,West,3,1287.5,3862.5,1489.26
ORD003708,2025-06-25,Dairy Bundle,Groceries,North,5,1021.99,5109.95,533.18
ORD009814,2025-06-25,Tablet,Electronics,Central,2,21244.23,42488.46,6836.61
ORD002896,2025-06-25,Snacks,Groceries,West,4,603.82,2415.28,280.86
ORD003915,2025-06-25,Sofa,Furniture,North,3,17699.45,53098.35,6066.94
ORD007600,2025-06-25,Smartphone,Electronics,South,4,22559.49,90237.96,13098.4
ORD005947,2025-06-25,Laptop,Electronics,Central,3,16923.62,50770.86,7103.12
ORD004897,2025-06-25,Bookshelf,Furniture,West,7,2418.91,16932.37,2365.15
ORD009961,2025-06-25,T-Shirt,Clothing,East,1,1893.16,1893.16,546.56
ORD009398,2025-06-25,Chair,Furniture,West,5,5216.73,26083.65,4880.48
ORD005346,2025-06-25,Dumbbell Set,Sports,South,1,11018.48,11018.48,1803.39
ORD008218,2025-06-25,Spices Pack,Groceries,South,1,671.18,671.18,77.93
ORD001505,2025-06-25,Headphones,Electronics,West,4,56529.43,226117.72,19495.94
ORD000834,2025-06-25,Laptop,Electronics,South,1,23012.76,23012.76,4410.89
ORD003604,2025-06-25,Badminton Kit,Sports,South,2,4165.1,8330.2,1927.0
ORD007227,2025-06-25,Rice,Groceries,North,3,999.11,2997.33,441.0
ORD005123,2025-06-26,Headphones,Electronics,Central,3,27202.65,81607.95,15998.28
ORD005663,2025-06-26,Headphones,Electronics,East,5,76053.58,380267.9,44737.85
ORD012153,2025-06-26,Spices Pack,Groceries,Central,1,1107.45,1107.45,79.14
ORD001557,2025-06-26,Laptop,Electronics,Central,4,59411.8,237647.2,21618.05
ORD012193,2025-06-26,Smartwatch,Electronics,East,8,62283.43,498267.44,86465.18
ORD007992,2025-06-26,T-Shirt,Clothing,South,5,4494.4,22472.0,8110.93
ORD011679,2025-06-26,Jeans,Clothing,Central,6,353.45,2120.7,425.02
ORD005644,2025-06-26,Rice,Groceries,North,3,1899.84,5699.52,480.07
ORD001647,2025-06-26,Headphones,Electronics,Central,1,36037.16,36037.16,5225.8
ORD001220,2025-06-26,Rice,Groceries,West,8,1128.67,9029.36,590.65
ORD008457,2025-06-26,Shoes,Clothing,South,6,4725.94,28355.64,7086.5
ORD002460,2025-06-26,Headphones,Electronics,Central,5,62707.3,313536.5,37830.94
ORD010394,2025-06-26,Dairy Bundle,Groceries,West,1,1053.92,1053.92,134.99
ORD003219,2025-06-26,Yoga Mat,Sports,West,8,8514.21,68113.68,11780.15
ORD011235,2025-06-26,Snacks,Groceries,Central,2,743.93,1487.86,170.82
ORD008320,2025-06-26,Cycle,Sports,West,6,5553.18,33319.08,10479.89
ORD003635,2025-06-26,Chair,Furniture,East,3,15576.04,46728.12,7161.05
ORD004916,2025-06-26,Headphones,Electronics,West,4,37472.83,149891.32,28097.06
ORD004559,2025-06-26,Rice,Groceries,West,4,1245.33,4981.32,740.22
ORD007905,2025-06-26,T-Shirt,Clothing,West,1,4463.65,4463.65,1154.62
ORD011798,2025-06-26,Snacks,Groceries,North,3,1060.34,3181.02,350.43
ORD009316,2025-06-26,Jeans,Clothing,North,4,4600.71,18402.84,5078.55
ORD002486,2025-06-26,Sofa,Furniture,East,4,15302.81,61211.24,14365.87
ORD010187,2025-06-26,Jeans,Clothing,Central,1,4013.13,4013.13,1242.78
ORD002088,2025-06-26,Shoes,Clothing,South,3,4406.01,13218.03,5933.47
ORD001022,2025-06-26,Running Shoes,Sports,West,8,8089.17,64713.36,11192.42
ORD002929,2025-06-26,Tablet,Electronics,North,7,18359.08,128513.56,10414.0
ORD001352,2025-06-26,Running Shoes,Sports,East,1,2320.48,2320.48,355.94
ORD004709,2025-06-26,Tablet,Electronics,Central,5,51069.14,255345.7,28529.4
ORD001636,2025-06-26,Dress,Clothing,South,4,1490.38,5961.52,1207.18
ORD009462,2025-06-26,Chair,Furniture,South,2,21112.19,42224.38,4517.85
ORD002655,2025-06-26,Headphones,Electronics,Central,2,71894.57,143789.14,26927.68
ORD004510,2025-06-26,Spices Pack,Groceries,North,1,173.86,173.86,20.15
ORD008438,2025-06-26,Sofa,Furniture,North,1,16588.06,16588.06,3204.74
ORD009268,2025-06-26,Dairy Bundle,Groceries,South,2,1453.98,2907.96,294.04
ORD009168,2025-06-26,Sofa,Furniture,North,1,12875.42,12875.42,3141.57
ORD000738,2025-06-26,Tablet,Electronics,South,1,31546.39,31546.39,5050.93
ORD006855,2025-06-26,Desk,Furniture,Central,1,29360.07,29360.07,6444.16
ORD004939,2025-06-26,Laptop,Electronics,North,3,12188.08,36564.24,4558.44
ORD008304,2025-06-26,Dumbbell Set,Sports,East,8,9225.58,73804.64,25811.67
ORD010968,2025-06-27,Laptop,Electronics,West,3,63224.84,189674.52,19952.11
ORD010002,2025-06-27,Dairy Bundle,Groceries,South,4,758.62,15529.72,1806.54
ORD008792,2025-06-27,T-Shirt,Clothing,South,3,796.4,2389.2,915.21
ORD008852,2025-06-27,Wardrobe,Furniture,East,2,12669.98,25339.96,5478.09
ORD003518,2025-06-27,Snacks,Groceries,Central,4,946.89,3787.56,506.06
ORD007389,2025-06-27,Laptop,Electronics,Central,5,27090.73,135453.65,11110.88
ORD008608,2025-06-27,Rice,Groceries,North,5,1419.78,7098.9,626.01
ORD007838,2025-06-27,Rice,Groceries,West,3,1831.06,5493.18,721.3
ORD012233,2025-06-27,Wardrobe,Furniture,East,4,12840.42,51361.68,10533.93
ORD003437,2025-06-27,Jacket,Clothing,South,3,3214.01,9642.03,2748.52
ORD005724,2025-06-27,Wardrobe,Furniture,West,1,27088.79,27088.79,4393.61
ORD002471,2025-06-27,Spices Pack,Groceries,South,3,749.51,2248.53,209.94
ORD004456,2025-06-27,Laptop,Electronics,South,3,60724.92,182174.76,31558.78
ORD008730,2025-06-27,Snacks,Groceries,West,5,223.32,1116.6,99.17
ORD002148,2025-06-27,Snacks,Groceries,North,2,852.99,1705.98,135.85
ORD003897,2025-06-27,Bookshelf,Furniture,North,4,14008.85,56035.4,11086.02
ORD004630,2025-06-27,Dress,Clothing,North,5,3941.83,19709.15,4580.93
ORD003646,2025-06-27,Dumbbell Set,Sports,Central,3,10974.42,32923.26,5452.05
ORD007281,2025-06-27,Sofa,Furniture,West,3,22201.36,66604.08,7279.54
ORD011894,2025-06-27,Yoga Mat,Sports,South,3,10139.56,30418.68,7315.25
ORD010059,2025-06-27,Chair,Furniture,West,1,11267.33,11267.33,1907.7
ORD009470,2025-06-27,Rice,Groceries,West,2,164.26,328.52,31.13
ORD003065,2025-06-27,Headphones,Electronics,North,4,18891.03,75564.12,8626.47
ORD009381,2025-06-28,Wardrobe,Furniture,Central,2,2492.87,4985.74,679.46
ORD009954,2025-06-28,Shoes,Clothing,North,3,1808.07,5424.21,2042.98
ORD003642,2025-06-28,Bookshelf,Furniture,East,1,5933.97,5933.97,1147.53
ORD011936,2025-06-28,Jeans,Clothing,North,3,2045.27,6135.81,2533.88
ORD004440,2025-06-28,Dress,Clothing,West,6,2055.76,12334.56,3127.74
ORD006466,2025-06-28,Smartphone,Electronics,East,7,40551.36,283859.52,50554.73
ORD012084,2025-06-28,T-Shirt,Clothing,East,2,4507.15,9014.3,3582.36
ORD005959,2025-06-28,Smartphone,Electronics,West,1,70932.07,70932.07,14167.56
ORD005373,2025-06-28,Jacket,Clothing,Central,1,2422.27,8238.63,2841.53
ORD010736,2025-06-28,Headphones,Electronics,West,3,9788.08,29364.24,2581.64
ORD006700,2025-06-28,Dumbbell Set,Sports,West,8,1164.85,9318.8,1411.34
ORD008454,2025-06-28,Chair,Furniture,North,2,12164.04,79418.87,8683.15
ORD009111,2025-06-28,Spices Pack,Groceries,South,4,799.33,3197.32,374.51
ORD011658,2025-06-28,Smartphone,Electronics,North,7,19497.64,136483.48,26132.05
ORD011787,2025-06-28,Wardrobe,Furniture,North,4,29419.41,117677.64,19766.32
ORD000235,2025-06-28,Badminton Kit,Sports,South,2,3742.14,7484.28,2564.45
ORD008024,2025-06-28,Dress,Clothing,Central,1,4634.34,4634.34,1102.63
ORD005030,2025-06-28,Laptop,Electronics,West,3,45927.36,137782.08,16259.12
ORD002625,2025-06-28,Wardrobe,Furniture,South,7,14792.87,103550.09,17734.64
ORD002278,2025-06-28,Smartphone,Electronics,Central,6,41013.34,246080.04,36358.54
ORD006419,2025-06-28,Snacks,Groceries,Central,4,1845.82,7383.28,664.93
ORD007737,2025-06-28,Spices Pack,Groceries,Central,7,1266.04,8862.28,504.71
ORD006680,2025-06-28,T-Shirt,Clothing,Central,8,4401.39,35211.12,9659.68
ORD000346,2025-06-28,Spices Pack,Groceries,West,3,714.99,2144.97,198.5
ORD007116,2025-06-28,Smartphone,Electronics,South,4,15312.08,61248.32,10080.72
ORD010786,2025-06-28,Spices Pack,Groceries,East,1,430.98,430.98,22.38
ORD009894,2025-06-28,Smartwatch,Electronics,Central,4,38712.97,154851.88,13731.39
ORD010710,2025-06-29,Smartphone,Electronics,South,1,16798.17,16798.17,2438.04
ORD004107,2025-06-29,Chair,Furniture,West,1,2443.47,2443.47,448.8
ORD009480,2025-06-29,Spices Pack,Groceries,North,5,838.79,4193.95,566.57
ORD008364,2025-06-29,Tablet,Electronics,South,5,10317.28,51586.4,4422.4
ORD008498,2025-06-29,Badminton Kit,Sports,North,8,5973.72,47789.76,10199.12
ORD007218,2025-06-29,Dairy Bundle,Groceries,East,3,1846.92,5540.76,472.93
ORD005398,2025-06-29,Spices Pack,Groceries,South,6,429.41,2576.46,216.65
ORD009217,2025-06-29,Laptop,Electronics,West,1,8089.53,8089.53,1390.38
ORD000621,2025-06-29,Snacks,Groceries,Central,2,1750.38,3500.76,446.91
ORD002683,2025-06-29,Jacket,Clothing,North,2,2721.29,5442.58,2435.94
ORD004684,2025-06-29,Bookshelf,Furniture,Central,1,16877.26,16877.26,3727.13
ORD007770,2025-06-29,Rice,Groceries,North,1,1116.15,1116.15,122.37
ORD003762,2025-06-29,Shoes,Clothing,Central,1,2933.64,2933.64,1121.1
ORD010334,2025-06-29,Dumbbell Set,Sports,West,1,13259.23,13259.23,3208.77
ORD011847,2025-06-29,Headphones,Electronics,West,1,47229.46,47229.46,9297.17
ORD011494,2025-06-29,Tablet,Electronics,West,1,26170.82,26170.82,2277.51
ORD010078,2025-06-29,Jacket,Clothing,East,2,1521.43,3042.86,753.29
ORD010292,2025-06-29,Laptop,Electronics,Central,1,32201.39,32201.39,3440.62
ORD010500,2025-06-29,Jacket,Clothing,East,5,2434.24,12171.2,3738.84
ORD006442,2025-06-29,Shoes,Clothing,East,2,2898.99,5797.98,1867.76
ORD005226,2025-06-29,Snacks,Groceries,North,3,1484.91,4454.73,647.05
ORD008286,2025-06-29,Shoes,Clothing,East,3,1825.7,5477.1,1345.69
ORD007385,2025-06-29,T-Shirt,Clothing,Central,2,1236.82,2473.64,535.08
ORD006655,2025-06-29,Dress,Clothing,North,3,4679.94,14039.82,4607.6
ORD002355,2025-06-29,Bookshelf,Furniture,West,2,24967.09,49934.18,9852.62
ORD005728,2025-06-29,Dairy Bundle,Groceries,Central,1,1973.32,1973.32,118.54
ORD011934,2025-06-29,Jeans,Clothing,West,6,934.48,5606.88,1713.69
ORD008223,2025-06-29,Headphones,Electronics,North,3,14709.59,44128.77,8496.34
ORD000484,2025-06-29,Chair,Furniture,Central,2,22133.29,44266.58,6399.54
ORD010929,2025-06-29,Laptop,Electronics,East,2,18036.16,36072.32,6022.01
ORD011526,2025-06-29,Cooking Oil,Groceries,South,5,1513.38,7566.9,560.94
ORD011479,2025-06-29,Dress,Clothing,East,4,1309.94,5239.76,1420.25
ORD011850,2025-06-30,Jacket,Clothing,West,1,4491.16,4491.16,1128.03
ORD011309,2025-06-30,Sofa,Furniture,West,1,26497.53,26497.53,3257.5
ORD006529,2025-06-30,Tablet,Electronics,East,2,27769.23,55538.46,4659.55
ORD010447,2025-06-30,Dairy Bundle,Groceries,Central,2,434.29,868.58,123.17
ORD007352,2025-06-30,T-Shirt,Clothing,Central,2,2842.32,5684.64,1952.2
ORD003464,2025-06-30,Smartwatch,Electronics,North,4,37018.79,148075.16,23380.84
ORD009982,2025-06-30,Tablet,Electronics,South,2,57643.22,115286.44,21715.03
ORD002850,2025-06-30,Yoga Mat,Sports,South,2,14769.3,29538.6,6157.32
ORD003346,2025-06-30,Dumbbell Set,Sports,North,5,11956.9,59784.5,11571.66
ORD011882,2025-06-30,Dress,Clothing,East,1,4973.53,4973.53,1287.58
ORD001468,2025-06-30,Dress,Clothing,Central,1,3633.81,3633.81,878.77
ORD000892,2025-06-30,Badminton Kit,Sports,West,5,7191.42,35957.1,9975.95
ORD011373,2025-06-30,Headphones,Electronics,South,2,42081.68,84163.36,10967.41
ORD009712,2025-06-30,T-Shirt,Clothing,South,2,4419.12,8838.24,2043.51
ORD002349,2025-06-30,Jacket,Clothing,East,7,2675.95,18731.65,6124.12
ORD005964,2025-06-30,Tablet,Electronics,North,1,8297.16,8297.16,684.71
ORD008584,2025-06-30,Cycle,Sports,North,4,10177.71,40710.84,14020.11
ORD000240,2025-06-30,Shoes,Clothing,North,2,4855.72,9711.44,3212.3
ORD003536,2025-06-30,Wardrobe,Furniture,South,1,12221.33,12221.33,2014.88
ORD009108,2025-06-30,Shoes,Clothing,East,8,3536.42,28291.36,7965.08
ORD001175,2025-06-30,Smartwatch,Electronics,Central,4,50743.58,924449.02,75079.81
ORD002756,2025-06-30,Tablet,Electronics,North,1,17596.47,17596.47,3366.72
ORD003660,2025-06-30,Wardrobe,Furniture,North,4,14396.61,57586.44,13955.35
ORD007801,2025-06-30,Cycle,Sports,North,5,5448.98,27244.9,9353.8
ORD007416,2025-06-30,Rice,Groceries,Central,3,958.82,2876.46,293.14
ORD012276,2025-07-01,Dress,Clothing,East,7,352.25,2465.75,967.98
ORD008749,2025-07-01,Spices Pack,Groceries,Central,2,1011.86,2023.72,223.56
ORD009560,2025-07-01,Laptop,Electronics,East,2,48075.62,96151.24,17416.05
ORD002280,2025-07-01,Jeans,Clothing,South,1,4679.18,4679.18,2102.06
ORD002384,2025-07-01,Chair,Furniture,East,1,26010.86,26010.86,2980.98
ORD009920,2025-07-01,Cycle,Sports,West,2,2813.87,5627.74,1844.27
ORD010692,2025-07-01,Dress,Clothing,East,1,693.12,693.12,236.58
ORD004070,2025-07-01,T-Shirt,Clothing,East,1,2833.21,2833.21,770.55
ORD005431,2025-07-01,Bookshelf,Furniture,West,8,28587.05,228696.4,34517.0
ORD010395,2025-07-01,Running Shoes,Sports,South,1,3672.32,3672.32,1190.78
ORD005954,2025-07-01,Rice,Groceries,East,4,1581.93,6327.72,618.77
ORD009184,2025-07-01,Desk,Furniture,North,1,28367.46,28367.46,4198.4
ORD010913,2025-07-01,Cooking Oil,Groceries,Central,4,662.37,2649.48,217.72
ORD009513,2025-07-01,Cycle,Sports,West,2,5514.48,11028.96,3147.98
ORD004743,2025-07-01,Laptop,Electronics,North,1,72746.02,72746.02,11264.75
ORD001924,2025-07-01,Cycle,Sports,North,7,14581.69,102071.83,26787.5
ORD005674,2025-07-01,Jacket,Clothing,Central,3,4747.65,14242.95,3364.54
ORD006131,2025-07-01,Spices Pack,Groceries,North,3,1965.28,5895.84,537.14
ORD001032,2025-07-01,Cycle,Sports,West,1,12192.85,12192.85,2948.82
ORD010905,2025-07-01,Jacket,Clothing,North,4,992.84,3971.36,1012.68
ORD000011,2025-07-01,Jeans,Clothing,East,1,3175.71,3175.71,745.89
ORD007220,2025-07-01,Dairy Bundle,Groceries,South,7,1344.94,9414.58,791.12
ORD008250,2025-07-01,T-Shirt,Clothing,North,4,1691.75,6767.0,2853.03
ORD002674,2025-07-01,Cycle,Sports,Central,4,705.85,2823.4,568.99
ORD010941,2025-07-01,Dress,Clothing,Central,8,2802.38,22419.04,7664.72
ORD006665,2025-07-01,Cycle,Sports,North,3,5229.68,15689.04,5368.53
ORD011197,2025-07-01,Tablet,Electronics,Central,6,43140.5,258843.0,25781.72
ORD007044,2025-07-01,Headphones,Electronics,West,2,61839.1,123678.2,14073.6
ORD007513,2025-07-01,Rice,Groceries,West,1,289.88,289.88,40.04
ORD004307,2025-07-01,Dumbbell Set,Sports,North,3,14900.87,44702.61,7653.91
ORD008956,2025-07-01,Spices Pack,Groceries,Central,2,420.34,840.68,43.59
ORD008149,2025-07-01,Chair,Furniture,Central,6,8614.92,51689.52,12212.03
ORD006360,2025-07-01,Running Shoes,Sports,Central,4,10822.29,43289.16,6999.26
ORD008508,2025-07-01,Tablet,Electronics,West,3,28986.61,86959.83,17066.83
ORD000986,2025-07-01,Wardrobe,Furniture,East,1,2677.37,2677.37,601.75
ORD000343,2025-07-01,Running Shoes,Sports,Central,3,13975.95,41927.85,10957.95
ORD009539,2025-07-01,Cooking Oil,Groceries,East,4,1880.66,7522.64,457.27
ORD004670,2025-07-01,Badminton Kit,Sports,West,6,5003.71,30022.26,7271.21
ORD006851,2025-07-01,Spices Pack,Groceries,South,2,1897.4,3794.8,459.89
ORD003827,2025-07-02,Spices Pack,Groceries,Central,1,239.17,239.17,31.39
ORD010949,2025-07-02,Yoga Mat,Sports,West,7,1554.03,10878.21,1721.98
ORD000870,2025-07-02,T-Shirt,Clothing,North,3,2028.47,6085.41,1847.12
ORD005147,2025-07-02,T-Shirt,Clothing,North,1,1788.0,1788.0,660.3
ORD000547,2025-07-02,Chair,Furniture,South,2,19016.63,38033.26,6728.21
ORD010528,2025-07-02,Dairy Bundle,Groceries,North,3,1193.96,3581.88,376.44
ORD003704,2025-07-02,Snacks,Groceries,South,2,1372.26,2744.52,403.63
ORD001335,2025-07-02,Tablet,Electronics,East,3,61179.02,183537.06,21634.48
ORD000899,2025-07-02,Laptop,Electronics,West,1,59575.28,59575.28,5281.36
ORD010891,2025-07-02,Dairy Bundle,Groceries,North,4,773.94,3095.76,439.05
ORD006462,2025-07-02,Jeans,Clothing,East,1,2304.03,2304.03,1001.95
ORD006369,2025-07-02,Jacket,Clothing,Central,1,1395.34,1395.34,484.41
ORD004979,2025-07-02,Shoes,Clothing,West,4,3786.49,15145.96,5894.45
ORD009097,2025-07-02,Yoga Mat,Sports,East,8,3768.33,30146.64,5970.98
ORD010010,2025-07-02,Smartwatch,Electronics,South,1,51133.15,51133.15,5573.8
ORD003406,2025-07-02,Headphones,Electronics,Central,5,63727.65,318638.25,27482.13
ORD004516,2025-07-02,Rice,Groceries,Central,3,761.64,2284.92,276.52
ORD006411,2025-07-02,Headphones,Electronics,East,3,18573.07,55719.21,8141.9
ORD005594,2025-07-02,Dumbbell Set,Sports,South,2,1814.6,3629.2,1028.69
ORD001288,2025-07-02,Rice,Groceries,West,8,529.46,4235.68,483.07
ORD002528,2025-07-02,Chair,Furniture,East,2,14214.89,28429.78,5650.31
ORD010460,2025-07-02,Sofa,Furniture,West,2,17627.04,35254.08,4706.56
ORD002368,2025-07-02,Bookshelf,Furniture,Central,1,14055.0,14055.0,1656.68
ORD006378,2025-07-02,Chair,Furniture,North,1,20386.39,20386.39,4598.17
ORD004572,2025-07-02,Dairy Bundle,Groceries,West,3,1927.12,5781.36,584.77
ORD004776,2025-07-02,Spices Pack,Groceries,West,2,319.78,639.56,92.5
ORD009055,2025-07-02,Sofa,Furniture,East,3,13697.3,41091.9,5092.07
ORD006674,2025-07-02,Smartphone,Electronics,Central,4,46876.27,187505.08,19446.18
ORD003062,2025-07-02,Bookshelf,Furniture,Central,1,2109.71,2109.71,527.26
ORD007527,2025-07-02,Tablet,Electronics,West,3,14047.24,42141.72,7873.64
ORD004973,2025-07-02,Chair,Furniture,South,3,10101.87,30305.61,4182.94
ORD012483,2025-07-02,Rice,Groceries,North,1,837.6,837.6,98.79
ORD003152,2025-07-02,Cooking Oil,Groceries,South,3,1022.01,3066.03,391.81
ORD009298,2025-07-02,Cycle,Sports,Central,2,11199.9,22399.8,7505.96
ORD009527,2025-07-03,Dress,Clothing,North,2,4860.1,9720.2,4236.79
ORD012470,2025-07-03,T-Shirt,Clothing,East,5,1099.23,5496.15,1200.33
ORD004453,2025-07-03,Wardrobe,Furniture,South,8,18988.15,151905.2,29472.28
ORD006726,2025-07-03,Running Shoes,Sports,Central,6,11875.4,71252.4,19183.47
ORD005843,2025-07-03,Tablet,Electronics,Central,2,76227.38,152454.76,20682.6
ORD008056,2025-07-03,Running Shoes,Sports,South,5,6270.43,31352.15,6144.55
ORD005794,2025-07-03,Bookshelf,Furniture,South,1,13597.62,13597.62,1450.64
ORD002931,2025-07-03,Sofa,Furniture,Central,2,14751.06,29502.12,5242.59
ORD003198,2025-07-03,Wardrobe,Furniture,Central,2,29738.0,59476.0,8426.78
ORD003158,2025-07-03,Smartwatch,Electronics,South,3,27981.64,83944.92,16118.23
ORD009185,2025-07-03,Yoga Mat,Sports,North,2,5342.33,10684.66,3397.42
ORD000652,2025-07-03,Bookshelf,Furniture,West,4,3455.2,13820.8,2504.25
ORD000748,2025-07-03,Dairy Bundle,Groceries,West,4,1246.55,4986.2,582.49
ORD004488,2025-07-03,Shoes,Clothing,East,1,2319.13,2319.13,785.21
ORD011147,2025-07-03,Yoga Mat,Sports,East,2,7723.44,15446.88,2710.54
ORD003451,2025-07-03,Snacks,Groceries,West,4,536.46,2145.84,150.12
ORD008580,2025-07-03,Dress,Clothing,West,2,3575.86,7151.72,1956.77
ORD000757,2025-07-03,Dumbbell Set,Sports,West,1,14355.09,14355.09,2205.61
ORD001118,2025-07-03,Cooking Oil,Groceries,South,1,1368.83,1368.83,149.64
ORD010023,2025-07-03,Running Shoes,Sports,North,1,1399.36,1399.36,450.06
ORD005117,2025-07-03,Headphones,Electronics,South,1,69956.83,69956.83,9573.68
ORD000940,2025-07-03,Desk,Furniture,North,1,10331.36,10331.36,1908.75
ORD007384,2025-07-03,T-Shirt,Clothing,Central,1,2456.03,2456.03,1093.88
ORD008672,2025-07-03,Tablet,Electronics,Central,2,65049.27,130098.54,14415.42
ORD004696,2025-07-03,Spices Pack,Groceries,East,2,1903.31,3806.62,570.47
ORD001450,2025-07-03,T-Shirt,Clothing,North,1,2298.57,2298.57,481.3
ORD004295,2025-07-03,Dress,Clothing,North,1,2711.46,2711.46,996.97
ORD006002,2025-07-03,Dumbbell Set,Sports,South,4,4013.78,16055.12,4892.57
ORD008456,2025-07-03,Headphones,Electronics,West,3,76599.14,229797.42,36710.03
ORD001471,2025-07-03,Bookshelf,Furniture,North,5,9429.13,47145.65,8968.66
ORD000167,2025-07-03,T-Shirt,Clothing,East,2,367.65,735.3,168.4
ORD006223,2025-07-03,Desk,Furniture,North,2,5391.88,10783.76,1088.22
ORD008287,2025-07-04,Desk,Furniture,South,2,27084.27,54168.54,11466.03
ORD007608,2025-07-04,Rice,Groceries,South,1,1100.38,1100.38,114.38
ORD005310,2025-07-04,Smartphone,Electronics,South,1,17685.84,102761.83,10351.69
ORD001364,2025-07-04,Badminton Kit,Sports,South,2,1452.58,2905.16,568.39
ORD007767,2025-07-04,Headphones,Electronics,West,3,73609.65,220828.95,20137.26
ORD005325,2025-07-04,Tablet,Electronics,East,2,79466.47,158932.94,25672.0
ORD003175,2025-07-04,Chair,Furniture,West,1,18695.24,18695.24,3859.83
ORD012168,2025-07-04,Smartphone,Electronics,North,5,52052.12,260260.6,41682.48
ORD000719,2025-07-04,Bookshelf,Furniture,East,1,10622.04,10622.04,2184.98
ORD007702,2025-07-04,Laptop,Electronics,South,2,68824.91,137649.82,14245.79
ORD000402,2025-07-04,Jacket,Clothing,East,2,3008.56,6017.12,2116.09
ORD011523,2025-07-04,Running Shoes,Sports,East,1,8327.73,8327.73,1787.67
ORD008995,2025-07-04,Snacks,Groceries,East,3,1446.35,4339.05,231.23
ORD011316,2025-07-04,Smartphone,Electronics,North,2,69728.09,139456.18,24821.54
ORD006341,2025-07-04,Cycle,Sports,South,1,11067.92,11067.92,3315.45
ORD011375,2025-07-04,Yoga Mat,Sports,East,2,6275.5,12551.0,2708.8
ORD002543,2025-07-04,Wardrobe,Furniture,East,2,7458.83,14917.66,2621.58
ORD011243,2025-07-04,Smartwatch,Electronics,Central,1,56094.75,56094.75,8861.77
ORD010367,2025-07-04,Badminton Kit,Sports,West,8,7342.18,58737.44,14086.87
ORD005144,2025-07-04,Laptop,Electronics,West,1,38806.61,38806.61,3563.96
ORD007610,2025-07-04,Bookshelf,Furniture,East,1,8732.48,8732.48,1405.76
ORD009037,2025-07-04,Chair,Furniture,West,2,26327.34,52654.68,12126.59
ORD001283,2025-07-04,Sofa,Furniture,East,6,13280.45,79682.7,11497.7
ORD009881,2025-07-04,Rice,Groceries,Central,2,1458.06,2916.12,430.16
ORD006328,2025-07-04,Chair,Furniture,North,5,10138.21,50691.05,6845.16
ORD011065,2025-07-04,Spices Pack,Groceries,East,4,1051.29,4205.16,377.56
ORD000431,2025-07-04,Sofa,Furniture,East,1,23714.77,93075.79,15636.11
ORD010229,2025-07-04,Wardrobe,Furniture,West,5,6119.37,30596.85,5555.19
ORD003393,2025-07-04,Jacket,Clothing,South,7,3727.43,26092.01,10924.38
ORD004344,2025-07-04,Chair,Furniture,East,1,10838.3,10838.3,1225.17
ORD009427,2025-07-04,Dairy Bundle,Groceries,North,1,364.02,364.02,34.64
ORD006723,2025-07-04,Smartphone,Electronics,South,2,24353.1,48706.2,9088.43
ORD000450,2025-07-04,Snacks,Groceries,North,3,124.7,374.1,21.9
ORD011364,2025-07-04,Snacks,Groceries,West,3,757.92,2273.76,133.14
ORD001252,2025-07-05,Bookshelf,Furniture,South,2,18058.81,36117.62,8791.28
ORD004248,2025-07-05,T-Shirt,Clothing,South,2,1173.41,2346.82,1043.16
ORD004201,2025-07-05,Smartphone,Electronics,Central,1,43930.6,43930.6,8425.2
ORD011511,2025-07-05,Cycle,Sports,Central,5,11125.05,55625.25,9735.21
ORD005769,2025-07-05,Jacket,Clothing,West,2,4559.39,9118.78,2978.13
ORD012161,2025-07-05,Snacks,Groceries,South,6,1137.97,6827.82,635.12
ORD011129,2025-07-05,Jacket,Clothing,South,4,3989.09,15956.36,4725.76
ORD006097,2025-07-05,Shoes,Clothing,West,3,4723.92,14171.76,4920.42
ORD007323,2025-07-05,Laptop,Electronics,South,8,64663.29,517306.32,62134.49
ORD000766,2025-07-05,Desk,Furniture,South,3,10716.62,32149.86,6158.31
ORD011768,2025-07-05,Headphones,Electronics,North,5,15849.06,79245.3,8603.7
ORD009701,2025-07-05,Sofa,Furniture,South,3,22274.14,66822.42,11693.76
ORD005008,2025-07-05,Headphones,Electronics,North,2,44231.08,88462.16,7226.43
ORD012126,2025-07-05,Laptop,Electronics,North,4,49622.61,842578.03,164657.82
ORD002751,2025-07-05,Cooking Oil,Groceries,South,1,1085.62,1085.62,59.84
ORD010396,2025-07-05,Wardrobe,Furniture,North,6,3483.21,20899.26,4542.02
ORD005170,2025-07-05,Wardrobe,Furniture,West,2,11813.17,23626.34,5406.23
ORD006151,2025-07-05,Bookshelf,Furniture,Central,2,28438.26,56876.52,10717.0
ORD007337,2025-07-05,Dairy Bundle,Groceries,South,1,306.27,306.27,39.56
ORD008763,2025-07-05,Desk,Furniture,North,1,7184.93,7184.93,1316.47
ORD002007,2025-07-05,Sofa,Furniture,West,1,21520.58,21520.58,2776.48
ORD012245,2025-07-05,Tablet,Electronics,West,5,26590.61,132953.05,26122.21
ORD010159,2025-07-05,Tablet,Electronics,East,2,64281.05,128562.1,21073.0
ORD003088,2025-07-05,Headphones,Electronics,North,3,44859.58,134578.74,19277.18
ORD003883,2025-07-05,Cycle,Sports,North,2,10061.64,20123.28,5532.7
ORD000785,2025-07-05,Bookshelf,Furniture,West,1,19468.06,19468.06,3266.06
ORD000192,2025-07-05,Dairy Bundle,Groceries,South,1,1294.99,1294.99,178.38
ORD005338,2025-07-05,Cooking Oil,Groceries,West,7,126.57,885.99,112.68
ORD005941,2025-07-05,Cooking Oil,Groceries,East,3,1032.16,3096.48,221.92
ORD005615,2025-07-05,Smartwatch,Electronics,North,3,27228.39,81685.17,10849.2
ORD009761,2025-07-05,Wardrobe,Furniture,Central,1,27064.08,27064.08,5488.62
ORD001731,2025-07-05,Chair,Furniture,South,1,9708.07,9708.07,1198.28
ORD012202,2025-07-05,Shoes,Clothing,North,2,1469.89,2939.78,1189.93
ORD008935,2025-07-05,Desk,Furniture,Central,2,16397.27,32794.54,5277.99
ORD011380,2025-07-05,Rice,Groceries,South,1,113.28,113.28,12.85
ORD003376,2025-07-05,Badminton Kit,Sports,West,2,4667.34,9334.68,2441.73
ORD012146,2025-07-05,Desk,Furniture,North,2,24330.66,48661.32,6049.4
ORD007117,2025-07-05,Running Shoes,Sports,South,2,3471.28,6942.56,2283.71
ORD008880,2025-07-05,Cooking Oil,Groceries,Central,2,327.58,655.16,43.46
ORD007928,2025-07-05,Tablet,Electronics,West,1,24605.69,24605.69,2828.87
ORD005920,2025-07-05,Shoes,Clothing,East,4,738.64,2954.56,718.44
ORD007952,2025-07-05,Smartphone,Electronics,South,1,27075.02,27075.02,2884.91
ORD001227,2025-07-06,Wardrobe,Furniture,East,7,17615.85,123310.95,18754.55
ORD001590,2025-07-06,Dairy Bundle,Groceries,East,4,1646.84,6587.36,780.69
ORD011995,2025-07-06,Dairy Bundle,Groceries,Central,3,754.68,2264.04,183.17
ORD003255,2025-07-06,Snacks,Groceries,North,1,1723.58,1723.58,203.93
ORD004018,2025-07-06,Tablet,Electronics,South,2,65195.66,130391.32,11979.86
ORD004613,2025-07-06,Sofa,Furniture,West,1,27184.69,27184.69,6499.99
ORD010438,2025-07-06,Dress,Clothing,West,6,363.99,2183.94,614.23
ORD005045,2025-07-06,Bookshelf,Furniture,West,3,23204.28,69612.84,9331.61
ORD010442,2025-07-06,Desk,Furniture,North,4,23325.56,93302.24,16347.31
ORD005956,2025-07-06,Bookshelf,Furniture,North,1,27943.6,27943.6,5323.15
ORD000745,2025-07-06,Wardrobe,Furniture,Central,4,12879.63,51518.52,8619.26
ORD000290,2025-07-06,Laptop,Electronics,West,2,43432.37,86864.74,9641.06
ORD009530,2025-07-06,Wardrobe,Furniture,East,1,5296.11,5296.11,1257.38
ORD003185,2025-07-06,Jacket,Clothing,West,2,2667.48,5334.96,2174.27
ORD011909,2025-07-06,Snacks,Groceries,West,3,751.41,2254.23,180.39
ORD009953,2025-07-06,Desk,Furniture,East,3,4453.99,13361.97,2202.06
ORD011767,2025-07-06,Dumbbell Set,Sports,East,6,3865.15,23190.9,7732.3
ORD008057,2025-07-06,Spices Pack,Groceries,West,2,742.01,1484.02,222.33
ORD011734,2025-07-06,Badminton Kit,Sports,Central,2,11027.11,22054.22,4984.14
ORD008371,2025-07-06,Dumbbell Set,Sports,West,4,7994.45,31977.8,10585.19
ORD003846,2025-07-06,Snacks,Groceries,East,6,237.48,1424.88,196.79
ORD004595,2025-07-06,Rice,Groceries,West,3,1912.45,5737.35,754.01
ORD007205,2025-07-06,Wardrobe,Furniture,North,1,24571.13,24571.13,4070.7
ORD009977,2025-07-06,Dumbbell Set,Sports,East,1,9256.48,9256.48,2509.93
ORD007051,2025-07-06,Smartphone,Electronics,Central,4,58355.28,233421.12,39264.68
ORD008014,2025-07-06,Wardrobe,Furniture,South,3,21675.57,65026.71,13776.73
ORD001823,2025-07-06,Dumbbell Set,Sports,South,1,11528.35,11528.35,2085.46
ORD007548,2025-07-06,Smartphone,Electronics,West,2,50685.34,101370.68,14085.67
ORD007195,2025-07-06,Tablet,Electronics,East,3,34353.11,103059.33,12005.22
ORD005603,2025-07-06,Tablet,Electronics,Central,5,72919.04,364595.2,69220.86
ORD008331,2025-07-06,Wardrobe,Furniture,West,3,23127.11,69381.33,8453.9
ORD000686,2025-07-06,Sofa,Furniture,East,4,29199.06,116796.24,14850.24
ORD003426,2025-07-06,Chair,Furniture,East,5,8349.24,41746.2,10007.55
ORD011245,2025-07-06,Shoes,Clothing,North,6,4042.62,24255.72,10336.52
ORD005929,2025-07-06,Dairy Bundle,Groceries,North,5,1110.75,5553.75,475.84
ORD011465,2025-07-06,Tablet,Electronics,Central,5,55751.43,278757.15,38937.82
ORD008797,2025-07-06,Desk,Furniture,East,4,8420.93,33683.72,4170.91
ORD000180,2025-07-07,Desk,Furniture,Central,2,28326.45,56652.9,10555.63
ORD006981,2025-07-07,Jacket,Clothing,West,2,1584.9,3169.8,1091.52
ORD005879,2025-07-07,Bookshelf,Furniture,East,1,24685.76,24685.76,5575.73
ORD008913,2025-07-07,Yoga Mat,Sports,South,3,2162.88,6488.64,1900.22
ORD000753,2025-07-07,Cycle,Sports,South,2,6012.84,12025.68,2763.08
ORD010923,2025-07-07,Snacks,Groceries,North,8,1572.23,12577.84,1703.57
ORD008178,2025-07-07,Spices Pack,Groceries,West,1,1078.99,1078.99,160.02
ORD012163,2025-07-07,Tablet,Electronics,West,1,64860.69,64860.69,12113.03
ORD000883,2025-07-07,Running Shoes,Sports,North,1,2675.71,2675.71,575.1
ORD002314,2025-07-07,Running Shoes,Sports,North,2,5308.44,10616.88,2655.45
ORD000326,2025-07-07,Jacket,Clothing,West,1,708.53,708.53,236.85
ORD009083,2025-07-07,Smartwatch,Electronics,East,2,57117.19,114234.38,15165.69
ORD009817,2025-07-07,Smartphone,Electronics,East,6,73604.21,441625.26,62237.24
ORD012025,2025-07-07,Spices Pack,Groceries,West,2,933.82,1867.64,143.96
ORD006947,2025-07-07,Jeans,Clothing,Central,1,1673.23,1673.23,724.1
ORD010035,2025-07-07,Laptop,Electronics,South,1,37932.41,37932.41,5741.14
ORD009099,2025-07-07,Spices Pack,Groceries,South,1,1560.59,1560.59,196.29
ORD008361,2025-07-07,Cooking Oil,Groceries,South,2,696.92,1393.84,121.85
ORD005499,2025-07-07,Dairy Bundle,Groceries,North,1,1860.74,1860.74,223.04
ORD002113,2025-07-07,Jeans,Clothing,Central,2,3040.71,6081.42,2326.48
ORD003652,2025-07-07,Dress,Clothing,South,3,1591.11,4773.33,2014.05
ORD006971,2025-07-08,Smartwatch,Electronics,East,3,18852.73,56558.19,6417.12
ORD003601,2025-07-08,Sofa,Furniture,West,3,12332.5,36997.5,4451.82
ORD009474,2025-07-08,Bookshelf,Furniture,North,6,3591.49,21548.94,4475.16
ORD003475,2025-07-08,Rice,Groceries,South,2,1776.74,3553.48,184.82
ORD005449,2025-07-08,Bookshelf,Furniture,East,2,3852.72,7705.44,1020.13
ORD000241,2025-07-08,Rice,Groceries,North,4,1295.86,5183.44,619.81
ORD007054,2025-07-08,Smartwatch,Electronics,South,1,48519.45,48519.45,5333.37
ORD008633,2025-07-08,Yoga Mat,Sports,North,5,13531.25,67656.25,12546.48
ORD005751,2025-07-08,Jeans,Clothing,North,2,1749.27,3498.54,1473.32
ORD007082,2025-07-08,Badminton Kit,Sports,South,3,10832.77,32498.31,5327.0
ORD011750,2025-07-08,Dumbbell Set,Sports,East,4,12345.06,49380.24,12115.64
ORD001304,2025-07-08,Rice,Groceries,West,3,189.02,567.06,44.01
ORD002523,2025-07-08,Shoes,Clothing,West,1,3229.88,3229.88,1132.45
ORD009892,2025-07-08,Smartwatch,Electronics,West,2,27824.83,55649.66,4569.74
ORD011111,2025-07-08,Dairy Bundle,Groceries,East,2,580.54,1161.08,144.23
ORD003260,2025-07-08,Yoga Mat,Sports,Central,6,14721.04,88326.24,15999.28
ORD002670,2025-07-08,Desk,Furniture,Central,3,27468.67,82406.01,8317.04
ORD002689,2025-07-08,Running Shoes,Sports,East,1,8859.09,8859.09,1934.95
ORD006025,2025-07-08,Shoes,Clothing,South,5,4099.76,20498.8,4919.41
ORD000533,2025-07-08,Dumbbell Set,Sports,West,3,6609.68,19829.04,5899.47
ORD011710,2025-07-08,Dairy Bundle,Groceries,North,1,1030.78,1030.78,109.43
ORD000885,2025-07-08,Shoes,Clothing,West,4,2066.67,8266.68,2468.59
ORD005636,2025-07-08,Jacket,Clothing,Central,2,1004.5,2009.0,446.99
ORD006052,2025-07-08,Laptop,Electronics,North,2,78520.45,157040.9,27587.18
ORD001521,2025-07-08,Tablet,Electronics,Central,1,20914.26,20914.26,4109.26
ORD005323,2025-07-09,Badminton Kit,Sports,South,4,3609.64,14438.56,2379.93
ORD007550,2025-07-09,Smartwatch,Electronics,South,1,56203.9,56203.9,4676.34
ORD007177,2025-07-09,Cycle,Sports,West,2,4439.57,8879.14,1956.79
ORD008130,2025-07-09,Bookshelf,Furniture,West,3,2566.98,7700.94,1600.97
ORD011971,2025-07-09,Rice,Groceries,South,2,1615.8,3231.6,476.33
ORD009188,2025-07-09,Dumbbell Set,Sports,North,1,3501.51,3501.51,1217.85
ORD000758,2025-07-09,Chair,Furniture,East,1,7481.78,7481.78,756.67
ORD001410,2025-07-09,Laptop,Electronics,West,6,8650.77,51904.62,6376.15
ORD010661,2025-07-09,Sofa,Furniture,Central,1,5781.97,5781.97,851.29
ORD003675,2025-07-09,Cycle,Sports,Central,2,10746.32,21492.64,7267.26
ORD003835,2025-07-09,Chair,Furniture,South,2,26387.09,52774.18,7987.38
ORD010882,2025-07-09,Sofa,Furniture,East,1,16733.84,16733.84,2565.07
ORD000780,2025-07-09,Snacks,Groceries,West,5,1695.74,8478.7,1187.04
ORD002109,2025-07-09,Yoga Mat,Sports,North,1,1102.89,1102.89,275.31
ORD008380,2025-07-09,Jacket,Clothing,West,1,2740.54,2740.54,894.7
ORD006974,2025-07-09,T-Shirt,Clothing,West,2,667.12,1334.24,409.42
ORD008854,2025-07-09,Headphones,Electronics,South,6,60973.31,365839.86,29947.65
ORD006748,2025-07-09,Tablet,Electronics,Central,2,59281.92,118563.84,14833.06
ORD001791,2025-07-09,Wardrobe,Furniture,North,4,15529.06,353439.22,79783.45
ORD006730,2025-07-09,Tablet,Electronics,North,1,79320.7,79320.7,9014.58
ORD003491,2025-07-09,Bookshelf,Furniture,West,2,7435.61,14871.22,2684.12
ORD005823,2025-07-09,Headphones,Electronics,Central,6,27408.44,164450.64,15132.8
ORD001144,2025-07-09,Sofa,Furniture,East,1,29202.92,29202.92,4371.74
ORD006337,2025-07-09,Bookshelf,Furniture,Central,3,18320.34,54961.02,5922.01
ORD008621,2025-07-09,Bookshelf,Furniture,East,2,4210.52,8421.04,1518.57
ORD002407,2025-07-09,Dumbbell Set,Sports,Central,3,691.82,2075.46,523.75
ORD000051,2025-07-09,T-Shirt,Clothing,South,1,447.72,447.72,160.78
ORD002069,2025-07-09,Cooking Oil,Groceries,West,2,1484.68,2969.36,244.54
ORD005750,2025-07-09,Headphones,Electronics,East,4,27492.83,109971.32,21985.49
ORD007846,2025-07-09,Wardrobe,Furniture,East,1,6962.61,6962.61,1408.78
ORD003132,2025-07-09,Yoga Mat,Sports,South,3,2770.89,8312.67,2867.47
ORD002491,2025-07-09,Spices Pack,Groceries,West,2,1956.84,3913.68,290.53
ORD002367,2025-07-09,Jacket,Clothing,West,2,3702.94,7405.88,3200.84
ORD008462,2025-07-09,Tablet,Electronics,South,3,60871.29,182613.87,30540.62
ORD009631,2025-07-10,Smartphone,Electronics,South,4,37021.44,148085.76,29563.61
ORD005501,2025-07-10,Snacks,Groceries,Central,4,1112.76,4451.04,283.93
ORD004085,2025-07-10,Snacks,Groceries,South,5,928.81,4644.05,322.67
ORD012280,2025-07-10,Yoga Mat,Sports,South,2,12593.64,25187.28,6194.39
ORD000551,2025-07-10,Desk,Furniture,West,3,3619.59,10858.77,2664.37
ORD006269,2025-07-10,Spices Pack,Groceries,Central,3,1357.35,4072.05,497.25
ORD005020,2025-07-10,Wardrobe,Furniture,East,2,17755.92,189126.86,21741.96
ORD004126,2025-07-10,Smartphone,Electronics,Central,5,74344.96,371724.8,73386.18
ORD008068,2025-07-10,Sofa,Furniture,North,1,7759.72,7759.72,1331.07
ORD006355,2025-07-10,Smartphone,Electronics,South,1,40902.59,40902.59,4883.47
ORD000638,2025-07-10,Dress,Clothing,East,1,2558.38,2558.38,578.79
ORD009807,2025-07-10,Dairy Bundle,Groceries,West,1,139.45,139.45,12.14
ORD010675,2025-07-10,Badminton Kit,Sports,West,8,12657.44,101259.52,26479.34
ORD002130,2025-07-10,Snacks,Groceries,East,3,773.98,2321.94,209.14
ORD000620,2025-07-10,Laptop,Electronics,South,2,77709.93,155419.86,15893.71
ORD003949,2025-07-10,Chair,Furniture,West,1,21769.63,21769.63,3778.51
ORD008447,2025-07-10,Shoes,Clothing,North,2,336.18,672.36,274.0
ORD006043,2025-07-10,Dumbbell Set,Sports,South,4,1577.8,6311.2,1311.36
ORD002651,2025-07-10,Snacks,Groceries,South,1,1588.65,1588.65,81.1
ORD002564,2025-07-10,Wardrobe,Furniture,West,2,17299.4,34598.8,4756.01
ORD009334,2025-07-10,Sofa,Furniture,Central,3,19113.79,57341.37,14315.57
ORD003363,2025-07-10,Chair,Furniture,South,3,18689.79,56069.37,6360.95
ORD009921,2025-07-10,Shoes,Clothing,West,4,4956.4,19825.6,6783.24
ORD005732,2025-07-10,Jacket,Clothing,South,6,3247.55,19485.3,5535.62
ORD005028,2025-07-10,Sofa,Furniture,East,3,16698.15,50094.45,8594.68
ORD009522,2025-07-10,Bookshelf,Furniture,South,5,7046.54,35232.7,6220.66
ORD006028,2025-07-10,Dairy Bundle,Groceries,East,3,1524.1,4572.3,461.74
ORD002681,2025-07-10,Dairy Bundle,Groceries,West,5,1246.17,6230.85,453.15
ORD011502,2025-07-10,Sofa,Furniture,South,3,9875.8,29627.4,5255.92
ORD001397,2025-07-11,Dumbbell Set,Sports,South,2,8758.33,17516.66,3536.76
ORD011635,2025-07-11,Spices Pack,Groceries,North,4,1149.79,4599.16,631.55
ORD000615,2025-07-11,Dairy Bundle,Groceries,Central,4,1969.56,7878.24,716.4
ORD003320,2025-07-11,Jacket,Clothing,South,3,701.39,2104.17,657.45
ORD005054,2025-07-11,Jeans,Clothing,South,3,1527.64,4582.92,1503.09
ORD000276,2025-07-11,Rice,Groceries,West,1,1088.31,5839.39,789.59
ORD004874,2025-07-11,Spices Pack,Groceries,West,3,1605.67,4817.01,388.63
ORD000368,2025-07-11,Sofa,Furniture,Central,2,12047.25,24094.5,5579.81
ORD003524,2025-07-11,Bookshelf,Furniture,North,1,22426.6,22426.6,2311.09
ORD004759,2025-07-11,Jeans,Clothing,North,1,2506.34,2506.34,952.61
ORD004836,2025-07-11,Badminton Kit,Sports,Central,3,7102.12,21306.36,6170.64
ORD003138,2025-07-11,Cycle,Sports,Central,2,9067.56,63794.37,17897.23
ORD011721,2025-07-11,Desk,Furniture,West,3,29184.96,87554.88,19617.27
ORD005466,2025-07-11,Smartwatch,Electronics,West,6,70180.86,421085.16,52459.78
ORD006941,2025-07-11,Dress,Clothing,West,1,2582.36,2582.36,817.44
ORD002562,2025-07-11,Snacks,Groceries,South,3,206.83,620.49,61.16
ORD006433,2025-07-11,Tablet,Electronics,East,4,45542.39,182169.56,31602.52
ORD008220,2025-07-11,Cooking Oil,Groceries,Central,1,1397.13,1397.13,124.74
ORD009746,2025-07-11,Cooking Oil,Groceries,North,3,1871.47,5614.41,831.79
ORD002391,2025-07-11,Smartphone,Electronics,Central,3,12909.44,38728.32,3967.91
ORD003959,2025-07-11,Snacks,Groceries,South,3,1393.11,4179.33,259.65
ORD005809,2025-07-11,Smartwatch,Electronics,North,3,31138.64,93415.92,7893.51
ORD003909,2025-07-11,Dumbbell Set,Sports,North,1,4175.66,4175.66,1411.82
ORD006724,2025-07-11,Rice,Groceries,South,2,836.41,1672.82,180.03
ORD009744,2025-07-11,Snacks,Groceries,East,1,1946.51,1946.51,132.12
ORD001546,2025-07-11,Dairy Bundle,Groceries,West,2,955.48,1910.96,278.54
ORD011485,2025-07-11,Dairy Bundle,Groceries,North,5,462.87,2314.35,209.4
ORD010689,2025-07-11,Headphones,Electronics,East,7,23221.74,162552.18,27540.63
ORD002389,2025-07-11,Smartwatch,Electronics,Central,5,8043.05,40215.25,4702.7
ORD011206,2025-07-11,Jacket,Clothing,East,5,4018.59,20092.95,4426.45
ORD002630,2025-07-11,Jeans,Clothing,West,1,2260.67,2260.67,948.21
ORD006246,2025-07-11,Headphones,Electronics,West,1,65916.54,65916.54,6911.36
ORD011384,2025-07-11,Cooking Oil,Groceries,East,1,113.15,113.15,5.78
ORD002872,2025-07-11,Cooking Oil,Groceries,East,4,1681.54,6726.16,1003.29
ORD001847,2025-07-11,Dairy Bundle,Groceries,North,6,1572.96,9437.76,693.13
ORD006681,2025-07-11,Bookshelf,Furniture,West,1,9207.51,9207.51,1447.57
ORD006908,2025-07-11,Wardrobe,Furniture,Central,1,18493.09,18493.09,2554.6
ORD006167,2025-07-11,Wardrobe,Furniture,West,1,26707.1,26707.1,6502.77
ORD008861,2025-07-11,Headphones,Electronics,Central,7,72829.18,509804.26,59570.57
ORD011232,2025-07-11,Dairy Bundle,Groceries,West,2,1644.9,3289.8,275.46
ORD011791,2025-07-12,Badminton Kit,Sports,East,2,1891.4,3782.8,1319.21
ORD001902,2025-07-12,Snacks,Groceries,South,4,1655.61,6622.44,982.48
ORD006860,2025-07-12,Bookshelf,Furniture,East,1,10800.82,10800.82,1217.26
ORD004501,2025-07-12,Dress,Clothing,North,1,4593.82,4593.82,1522.12
ORD004069,2025-07-12,Bookshelf,Furniture,South,2,13094.93,26189.86,6405.32
ORD004068,2025-07-12,Smartphone,Electronics,Central,3,57065.16,171195.48,15000.88
ORD012223,2025-07-12,Sofa,Furniture,South,3,7120.48,21361.44,4710.34
ORD010061,2025-07-12,Yoga Mat,Sports,North,2,10589.51,21179.02,7214.49
ORD004915,2025-07-12,Smartphone,Electronics,Central,2,63521.8,127043.6,20244.63
ORD011158,2025-07-12,Dumbbell Set,Sports,East,7,14783.89,103487.23,20392.56
ORD007780,2025-07-12,Smartwatch,Electronics,Central,3,74240.06,222720.18,42077.86
ORD010062,2025-07-12,Headphones,Electronics,Central,2,77340.62,837341.16,122826.85
ORD003353,2025-07-12,Chair,Furniture,Central,3,14861.69,44585.07,9928.85
ORD002065,2025-07-12,Shoes,Clothing,West,1,1690.37,1690.37,338.54
ORD010670,2025-07-12,Jeans,Clothing,Central,1,553.99,553.99,184.57
ORD011692,2025-07-12,Laptop,Electronics,West,2,74354.65,148709.3,28253.99
ORD000626,2025-07-12,Jacket,Clothing,West,5,4043.73,20218.65,6477.66
ORD006571,2025-07-12,Yoga Mat,Sports,West,5,14319.18,71595.9,14774.9
ORD002955,2025-07-12,Badminton Kit,Sports,East,1,3696.82,3696.82,676.2
ORD009231,2025-07-12,T-Shirt,Clothing,West,3,902.33,2706.99,1086.68
ORD002970,2025-07-12,Tablet,Electronics,North,2,25207.83,50415.66,5734.99
ORD005416,2025-07-12,Snacks,Groceries,Central,1,534.99,534.99,33.26
ORD010207,2025-07-12,Spices Pack,Groceries,West,4,1254.87,5019.48,502.62
ORD010625,2025-07-12,Chair,Furniture,North,4,7184.1,28736.4,3577.89
ORD003758,2025-07-12,Dairy Bundle,Groceries,South,3,1257.99,3773.97,498.38
ORD010456,2025-07-12,Cycle,Sports,South,1,10791.19,10791.19,3761.24
ORD005545,2025-07-12,Dumbbell Set,Sports,East,5,7030.66,35153.3,9819.53
ORD002632,2025-07-12,Tablet,Electronics,North,4,48153.59,192614.36,16671.4
ORD011064,2025-07-12,Sofa,Furniture,North,3,8511.92,25535.76,6239.39
ORD010907,2025-07-12,Headphones,Electronics,Central,8,31955.23,255641.84,21419.74
ORD000920,2025-07-12,Dumbbell Set,Sports,North,3,13957.21,41871.63,8161.75
ORD004335,2025-07-12,Spices Pack,Groceries,South,4,579.22,2316.88,303.68
ORD010979,2025-07-12,Chair,Furniture,Central,5,27579.75,137898.75,27889.21
ORD010985,2025-07-12,Headphones,Electronics,East,2,74027.71,148055.42,23984.84
ORD003917,2025-07-12,Bookshelf,Furniture,East,3,7773.68,23321.04,5398.45
ORD009066,2025-07-12,Cooking Oil,Groceries,North,1,1040.68,1040.68,96.98
ORD003182,2025-07-12,Chair,Furniture,East,8,8726.86,69814.88,11901.39
ORD008907,2025-07-12,Spices Pack,Groceries,East,6,222.35,1334.1,102.62
ORD008044,2025-07-13,Desk,Furniture,Central,1,18015.52,18015.52,4155.32
ORD007918,2025-07-13,Shoes,Clothing,East,6,4071.98,24431.88,8340.63
ORD011655,2025-07-13,Chair,Furniture,East,2,15329.43,30658.86,6041.61
ORD007791,2025-07-13,Jacket,Clothing,West,3,4728.63,14185.89,4249.58
ORD000157,2025-07-13,Shoes,Clothing,Central,2,419.15,838.3,369.41
ORD007881,2025-07-13,Wardrobe,Furniture,Central,1,4996.3,4996.3,718.91
ORD012486,2025-07-13,Wardrobe,Furniture,South,1,9108.61,9108.61,978.72
ORD008126,2025-07-13,Dress,Clothing,West,1,1892.1,1892.1,573.19
ORD008279,2025-07-13,Wardrobe,Furniture,West,6,19912.94,119477.64,21513.5
ORD012446,2025-07-13,Headphones,Electronics,East,4,59832.77,239331.08,37854.03
ORD000713,2025-07-13,Wardrobe,Furniture,North,1,29625.64,29625.64,7251.4
ORD008831,2025-07-13,Running Shoes,Sports,North,2,7616.71,15233.42,3650.21
ORD004002,2025-07-13,Running Shoes,Sports,South,4,1888.44,7553.76,2526.84
ORD003251,2025-07-13,Shoes,Clothing,South,2,1245.52,2491.04,548.07
ORD006427,2025-07-13,Headphones,Electronics,East,1,71133.06,71133.06,10193.49
ORD002189,2025-07-13,Snacks,Groceries,South,3,827.29,2481.87,332.36
ORD002857,2025-07-13,Dumbbell Set,Sports,West,3,7066.81,21200.43,7189.98
ORD011110,2025-07-13,Shoes,Clothing,East,4,3714.57,14858.28,6489.76
ORD002875,2025-07-13,Laptop,Electronics,West,2,78963.25,157926.5,25647.49
ORD008567,2025-07-13,T-Shirt,Clothing,Central,2,3196.04,6392.08,1667.46
ORD003369,2025-07-13,Headphones,Electronics,East,5,75951.74,379758.7,30555.25
ORD001813,2025-07-13,Wardrobe,Furniture,South,4,8990.73,35962.92,5016.36
ORD003666,2025-07-13,Headphones,Electronics,West,6,23497.56,140985.36,25856.01
ORD002794,2025-07-13,Jacket,Clothing,West,3,2306.41,6919.23,2195.17
ORD008532,2025-07-13,Sofa,Furniture,South,4,27051.65,108206.6,11354.96
ORD006520,2025-07-13,Desk,Furniture,East,2,19764.32,39528.64,8860.42
ORD010971,2025-07-13,Jeans,Clothing,North,8,808.48,6467.84,2613.75
ORD005276,2025-07-13,Dumbbell Set,Sports,East,6,6813.15,40878.9,9417.67
ORD008626,2025-07-13,Dumbbell Set,Sports,North,4,3119.33,12477.32,3355.28
ORD006182,2025-07-13,Headphones,Electronics,Central,5,53583.69,267918.45,23047.84
ORD008834,2025-07-13,Desk,Furniture,South,1,16172.76,16172.76,2900.98
ORD001735,2025-07-13,Chair,Furniture,South,4,25446.28,101785.12,12769.89
ORD009142,2025-07-13,Smartwatch,Electronics,North,3,14314.16,42942.48,5886.06
ORD003557,2025-07-13,Chair,Furniture,West,1,13425.13,13425.13,1727.7
ORD002672,2025-07-13,Yoga Mat,Sports,North,1,1824.22,1824.22,332.54
ORD000819,2025-07-14,Laptop,Electronics,South,3,36750.75,110252.25,10836.69
ORD001018,2025-07-14,Yoga Mat,Sports,Central,2,9323.65,18647.3,4100.57
ORD007867,2025-07-14,Dairy Bundle,Groceries,East,5,1853.12,9265.6,811.82
ORD002287,2025-07-14,Rice,Groceries,North,4,554.23,2216.92,278.9
ORD001958,2025-07-14,Wardrobe,Furniture,Central,3,29040.92,87122.76,13876.33
ORD007862,2025-07-14,Cycle,Sports,South,1,11628.85,11628.85,1910.04
ORD000098,2025-07-14,Spices Pack,Groceries,East,1,744.16,744.16,63.19
ORD007859,2025-07-14,Dumbbell Set,Sports,Central,1,785.94,785.94,237.01
ORD001051,2025-07-14,Snacks,Groceries,South,3,1838.67,5516.01,569.82
ORD005881,2025-07-14,Dairy Bundle,Groceries,West,5,1419.12,7095.6,434.11
ORD010956,2025-07-14,Desk,Furniture,South,6,18415.75,110494.5,15251.64
ORD003244,2025-07-14,Jacket,Clothing,Central,2,4767.37,9534.74,2821.35
ORD008082,2025-07-14,Dairy Bundle,Groceries,West,8,1256.29,10050.32,892.65
ORD000163,2025-07-14,Tablet,Electronics,Central,6,76750.3,460501.8,77616.49
ORD003259,2025-07-14,Badminton Kit,Sports,South,1,12757.28,12757.28,3768.92
ORD009782,2025-07-14,Bookshelf,Furniture,North,2,6112.0,12224.0,1563.01
ORD012394,2025-07-14,Running Shoes,Sports,South,1,6968.86,6968.86,2124.68
ORD004522,2025-07-14,Badminton Kit,Sports,West,3,14653.02,43959.06,8851.87
ORD004395,2025-07-14,Sofa,Furniture,South,1,4457.64,4457.64,892.54
ORD005272,2025-07-14,Yoga Mat,Sports,South,3,11200.32,33600.96,10196.4
ORD004946,2025-07-14,Cycle,Sports,North,1,10897.2,10897.2,1818.24
ORD007093,2025-07-14,Wardrobe,Furniture,Central,5,17733.15,88665.75,14630.48
ORD006324,2025-07-14,Tablet,Electronics,South,1,19924.64,19924.64,2081.9
ORD000006,2025-07-14,T-Shirt,Clothing,North,1,396.75,396.75,175.55
ORD010908,2025-07-14,Desk,Furniture,South,1,19021.32,19021.32,3525.03
ORD008358,2025-07-14,Yoga Mat,Sports,North,1,14357.0,14357.0,4815.54
ORD003082,2025-07-14,Bookshelf,Furniture,East,4,8971.35,35885.4,5592.6
ORD007182,2025-07-14,Headphones,Electronics,South,2,55490.97,110981.94,20286.4
ORD000040,2025-07-14,Rice,Groceries,South,1,781.08,781.08,48.1
ORD003140,2025-07-14,Smartphone,Electronics,South,3,68745.0,206235.0,21323.28
ORD000228,2025-07-14,Cooking Oil,Groceries,South,2,311.28,622.56,61.8
ORD002584,2025-07-14,Dress,Clothing,North,1,1282.76,1282.76,298.35
ORD005515,2025-07-14,Badminton Kit,Sports,West,2,12551.34,25102.68,3843.13
ORD008715,2025-07-14,Shoes,Clothing,Central,2,4952.64,9905.28,2671.63
ORD003698,2025-07-14,Cycle,Sports,South,4,4534.15,18136.6,2943.96
ORD008846,2025-07-14,Smartwatch,Electronics,North,1,28301.0,28301.0,3241.79
ORD005007,2025-07-14,Dairy Bundle,Groceries,East,4,1862.84,7451.36,620.44
ORD007246,2025-07-14,Wardrobe,Furniture,East,3,26361.34,79084.02,16761.06
ORD009609,2025-07-14,Tablet,Electronics,South,6,70754.99,424529.94,52195.01
ORD000418,2025-07-14,Laptop,Electronics,West,2,43882.48,87764.96,11433.23
ORD000382,2025-07-14,Cycle,Sports,Central,4,4103.09,16412.36,4903.84
ORD004741,2025-07-14,Headphones,Electronics,South,3,16081.36,48244.08,5545.5
ORD006678,2025-07-14,Cooking Oil,Groceries,South,2,138.65,277.3,33.96
ORD010425,2025-07-15,Laptop,Electronics,East,2,46349.56,92699.12,9911.05
ORD001533,2025-07-15,Desk,Furniture,Central,2,20158.13,40316.26,5648.72
ORD006323,2025-07-15,Desk,Furniture,East,4,11671.11,46684.44,7546.83
ORD012091,2025-07-15,Spices Pack,Groceries,East,3,760.19,2280.57,259.89
ORD005060,2025-07-15,Rice,Groceries,East,3,279.0,837.0,104.98
ORD009639,2025-07-15,Cooking Oil,Groceries,North,2,1850.6,3701.2,392.33
ORD003493,2025-07-15,Cycle,Sports,East,6,12716.75,76300.5,16072.06
ORD000378,2025-07-15,Sofa,Furniture,East,2,5899.62,11799.24,2585.26
ORD001795,2025-07-15,Wardrobe,Furniture,West,1,5528.06,5528.06,715.68
ORD005889,2025-07-15,Wardrobe,Furniture,Central,6,5567.78,33406.68,6074.48
ORD004953,2025-07-15,Badminton Kit,Sports,West,2,13801.56,27603.12,6301.68
ORD002932,2025-07-15,T-Shirt,Clothing,Central,3,335.08,1005.24,307.27
ORD009193,2025-07-15,Smartwatch,Electronics,South,5,35241.46,176207.3,30209.79
ORD002334,2025-07-15,Jacket,Clothing,North,4,795.39,3181.56,1303.53
ORD009143,2025-07-15,Yoga Mat,Sports,North,5,12922.12,64610.6,16824.27
ORD004422,2025-07-15,Smartphone,Electronics,Central,1,25418.8,25418.8,4706.42
ORD005765,2025-07-15,Jeans,Clothing,West,1,2910.89,2910.89,1084.28
ORD004215,2025-07-15,Wardrobe,Furniture,East,1,10641.71,10641.71,1272.2
ORD010657,2025-07-15,Dumbbell Set,Sports,Central,4,14845.79,59383.16,16159.85
ORD002458,2025-07-15,Laptop,Electronics,South,2,19968.51,39937.02,7587.18
ORD002431,2025-07-15,Smartphone,Electronics,North,1,53031.21,53031.21,9386.11
ORD006001,2025-07-15,Badminton Kit,Sports,West,1,9987.44,9987.44,1657.98
ORD005260,2025-07-15,T-Shirt,Clothing,East,4,3777.04,15108.16,5687.98
ORD001486,2025-07-15,Badminton Kit,Sports,West,1,6017.51,6017.51,1098.84
ORD001026,2025-07-15,Dress,Clothing,West,2,2454.01,4908.02,1576.33
ORD001272,2025-07-15,Jacket,Clothing,West,1,4275.83,4275.83,1511.08
ORD003073,2025-07-15,Laptop,Electronics,North,2,64387.52,128775.04,12899.93
ORD001982,2025-07-15,Running Shoes,Sports,South,2,915.46,1830.92,488.22
ORD000781,2025-07-15,Cooking Oil,Groceries,West,2,771.5,1543.0,113.7
ORD006163,2025-07-15,Yoga Mat,Sports,South,4,3414.12,13656.48,4206.4
ORD007816,2025-07-15,Laptop,Electronics,East,2,38841.22,77682.44,10546.68
ORD003296,2025-07-15,Bookshelf,Furniture,South,6,14710.85,88265.1,12820.45
ORD002171,2025-07-15,Wardrobe,Furniture,North,2,14392.17,28784.34,3087.25
ORD006581,2025-07-16,Jeans,Clothing,West,1,2826.95,2826.95,984.56
ORD010753,2025-07-16,Cycle,Sports,Central,1,12565.28,12565.28,2544.0
ORD004378,2025-07-16,Tablet,Electronics,South,8,76964.14,615713.12,112400.95
ORD008931,2025-07-16,Yoga Mat,Sports,North,5,14167.38,70836.9,12983.26
ORD010745,2025-07-16,Snacks,Groceries,North,1,1507.64,1507.64,91.98
ORD006483,2025-07-16,Jeans,Clothing,South,1,585.62,585.62,151.84
ORD010930,2025-07-16,Rice,Groceries,Central,2,1077.59,2155.18,131.92
ORD001125,2025-07-16,T-Shirt,Clothing,North,2,3115.2,6230.4,1425.1
ORD009563,2025-07-16,Running Shoes,Sports,Central,3,12516.99,37550.97,10107.72
ORD009174,2025-07-16,Tablet,Electronics,South,2,62078.45,124156.9,21532.51
ORD002986,2025-07-16,Badminton Kit,Sports,West,2,11974.01,23948.02,4554.49
ORD001710,2025-07-16,Yoga Mat,Sports,West,1,3864.26,3864.26,590.75
ORD009038,2025-07-16,Yoga Mat,Sports,East,2,1423.99,2847.98,909.05
ORD002152,2025-07-16,Rice,Groceries,East,3,1534.75,4604.25,500.31
ORD006799,2025-07-16,Shoes,Clothing,South,4,2908.54,11634.16,3034.93
ORD006623,2025-07-16,Badminton Kit,Sports,East,1,11023.5,11023.5,3140.01
ORD001728,2025-07-16,Jeans,Clothing,South,2,4725.95,9451.9,2285.84
ORD004767,2025-07-16,Sofa,Furniture,North,2,12167.71,24335.42,5516.99
ORD011354,2025-07-16,Dairy Bundle,Groceries,North,1,1158.77,1158.77,100.41
ORD000158,2025-07-16,Desk,Furniture,Central,1,25407.44,25407.44,5193.18
ORD012171,2025-07-16,Yoga Mat,Sports,North,1,11981.85,11981.85,2485.28
ORD010423,2025-07-16,Dress,Clothing,Central,4,4784.7,19138.8,8327.92
ORD000697,2025-07-16,Running Shoes,Sports,Central,2,2961.49,5922.98,1504.17
ORD001433,2025-07-16,Yoga Mat,Sports,West,2,6830.91,13661.82,3634.29
ORD012216,2025-07-16,Dress,Clothing,East,3,3190.94,9572.82,2985.63
ORD000425,2025-07-16,Snacks,Groceries,East,4,1054.17,4216.68,461.89
ORD001212,2025-07-16,Headphones,Electronics,North,2,62447.38,124894.76,16863.64
ORD002693,2025-07-16,Chair,Furniture,Central,1,20152.33,20152.33,3560.19
ORD010953,2025-07-16,Smartwatch,Electronics,North,4,58076.75,232307.0,36784.6
ORD008527,2025-07-16,Badminton Kit,Sports,East,2,3455.01,6910.02,1079.5
ORD011698,2025-07-16,Dumbbell Set,Sports,Central,4,11871.82,47487.28,9725.85
ORD002642,2025-07-16,Jeans,Clothing,South,1,1142.07,1142.07,482.85
ORD003859,2025-07-16,Snacks,Groceries,North,3,524.19,1572.57,223.67
ORD007987,2025-07-16,Badminton Kit,Sports,West,4,14037.44,56149.76,14166.75
ORD003887,2025-07-16,Dress,Clothing,South,1,1470.03,1470.03,413.24
ORD000173,2025-07-16,Spices Pack,Groceries,South,5,857.16,4285.8,478.23
ORD007815,2025-07-16,Smartphone,Electronics,South,2,71631.98,143263.96,13326.39
ORD009095,2025-07-16,Dairy Bundle,Groceries,West,4,412.13,1648.52,233.09
ORD003238,2025-07-16,Jeans,Clothing,East,4,3655.6,14622.4,6304.66
ORD000089,2025-07-16,Desk,Furniture,South,3,21346.26,64038.78,10118.79
ORD002648,2025-07-16,Dairy Bundle,Groceries,South,5,1571.52,7857.6,498.51
ORD008029,2025-07-17,Smartwatch,Electronics,East,2,33488.36,66976.72,13369.03
ORD009249,2025-07-17,Dairy Bundle,Groceries,North,3,1980.17,5940.51,365.84
ORD003263,2025-07-17,Sofa,Furniture,East,3,3866.48,11599.44,2897.36
ORD006136,2025-07-17,Jacket,Clothing,North,2,4642.96,9285.92,2037.5
ORD009471,2025-07-17,Badminton Kit,Sports,North,1,10347.75,10347.75,1749.11
ORD006228,2025-07-17,Headphones,Electronics,West,1,29637.93,29637.93,2903.36
ORD002098,2025-07-17,Cycle,Sports,West,3,9478.0,28434.0,5326.48
ORD011779,2025-07-17,Desk,Furniture,East,2,16301.89,32603.78,4390.74
ORD003444,2025-07-17,Laptop,Electronics,South,1,22894.78,22894.78,2815.74
ORD007008,2025-07-17,Snacks,Groceries,Central,1,604.4,604.4,42.84
ORD006838,2025-07-17,Rice,Groceries,South,4,1947.29,7789.16,824.5
ORD008264,2025-07-17,Rice,Groceries,East,3,934.32,2802.96,330.81
ORD007329,2025-07-17,Spices Pack,Groceries,South,2,1388.34,2776.68,328.91
ORD012113,2025-07-17,Tablet,Electronics,North,1,43200.31,43200.31,4305.78
ORD005165,2025-07-17,Cycle,Sports,South,1,7624.56,7624.56,2474.12
ORD006079,2025-07-17,Jacket,Clothing,Central,3,364.2,1092.6,239.73
ORD006081,2025-07-17,Dress,Clothing,Central,3,2071.05,35166.91,12556.19
ORD011765,2025-07-17,Laptop,Electronics,Central,1,31504.46,31504.46,4943.66
ORD004919,2025-07-17,Yoga Mat,Sports,East,1,13405.27,13405.27,2667.52
ORD011109,2025-07-17,Smartwatch,Electronics,East,3,12220.57,36661.71,6188.1
ORD010299,2025-07-17,Bookshelf,Furniture,North,2,13322.53,26645.06,4642.26
ORD001717,2025-07-17,Smartphone,Electronics,West,1,62484.57,62484.57,8315.15
ORD009996,2025-07-17,Running Shoes,Sports,North,3,8831.38,26494.14,7997.65
ORD007529,2025-07-17,Tablet,Electronics,Central,8,18082.82,144662.56,23216.37
ORD003703,2025-07-17,Chair,Furniture,East,4,12181.12,48724.48,6457.07
ORD009080,2025-07-17,Laptop,Electronics,South,5,30736.55,153682.75,26676.42
ORD006551,2025-07-17,Tablet,Electronics,Central,1,22747.13,22747.13,2642.56
ORD012435,2025-07-17,Shoes,Clothing,South,5,1322.22,6611.1,2951.7
ORD004057,2025-07-17,Yoga Mat,Sports,Central,5,14619.27,73096.35,20662.33
ORD012455,2025-07-17,Tablet,Electronics,Central,1,43121.82,43121.82,4673.33
ORD011018,2025-07-17,Dairy Bundle,Groceries,North,5,1890.92,9454.6,1146.32
ORD006562,2025-07-17,Chair,Furniture,North,1,3859.66,3859.66,705.45
ORD008117,2025-07-17,Tablet,Electronics,South,2,59803.24,119606.48,13591.1
ORD002620,2025-07-17,Snacks,Groceries,West,4,172.96,691.84,60.07
ORD011003,2025-07-17,Smartwatch,Electronics,West,3,53363.22,160089.66,21914.29
ORD001393,2025-07-17,Snacks,Groceries,Central,6,1722.19,10333.14,766.7
ORD011512,2025-07-17,Spices Pack,Groceries,South,3,626.26,1878.78,135.51
ORD004235,2025-07-17,Laptop,Electronics,North,2,29235.04,58470.08,4784.71
ORD009918,2025-07-17,Badminton Kit,Sports,North,3,5121.21,15363.63,2797.64
ORD008410,2025-07-17,Shoes,Clothing,North,1,2752.8,2752.8,1113.13
ORD003530,2025-07-17,Smartwatch,Electronics,East,2,72772.1,145544.2,27551.36
ORD005070,2025-07-18,Smartphone,Electronics,South,4,48835.74,195342.96,28600.47
ORD003303,2025-07-18,Headphones,Electronics,Central,1,45676.61,45676.61,4294.05
ORD008413,2025-07-18,Bookshelf,Furniture,East,2,16307.91,32615.82,3648.81
ORD008256,2025-07-18,Badminton Kit,Sports,North,5,13256.62,66283.1,15779.53
ORD003871,2025-07-18,Spices Pack,Groceries,Central,3,1247.13,3741.39,248.4
ORD008758,2025-07-18,Headphones,Electronics,Central,5,56221.7,281108.5,54238.93
ORD011270,2025-07-18,Spices Pack,Groceries,South,2,1840.84,3681.68,188.1
ORD009681,2025-07-18,Headphones,Electronics,North,3,12187.02,36561.06,6663.47
ORD001959,2025-07-18,Cycle,Sports,North,4,11061.38,44245.52,9696.9
ORD005073,2025-07-18,Wardrobe,Furniture,North,4,19497.83,77991.32,16922.0
ORD005108,2025-07-18,Cooking Oil,Groceries,South,3,1822.07,5466.21,701.9
ORD003252,2025-07-18,Cycle,Sports,South,3,7379.57,22138.71,3364.95
ORD009878,2025-07-18,Smartwatch,Electronics,South,1,78811.51,78811.51,10254.37
ORD001303,2025-07-18,Sofa,Furniture,West,2,2003.77,4007.54,708.01
ORD010903,2025-07-18,Dress,Clothing,North,2,1057.1,2114.2,477.63
ORD005256,2025-07-18,Jacket,Clothing,West,1,871.46,871.46,295.44
ORD009255,2025-07-18,Bookshelf,Furniture,Central,1,4470.56,14313.68,2313.34
ORD011868,2025-07-18,Dumbbell Set,Sports,West,3,11504.87,34514.61,10687.69
ORD001379,2025-07-18,Badminton Kit,Sports,West,1,7314.83,7314.83,2399.47
ORD012108,2025-07-18,Desk,Furniture,Central,3,26875.93,80627.79,14995.67
ORD000561,2025-07-18,Badminton Kit,Sports,East,1,13386.85,13386.85,4566.66
ORD001409,2025-07-18,Snacks,Groceries,East,1,1047.9,1047.9,53.66
ORD004148,2025-07-18,Rice,Groceries,South,2,1565.51,3131.02,420.01
ORD007685,2025-07-18,Headphones,Electronics,East,8,8289.82,66318.56,8501.87
ORD004144,2025-07-18,Dress,Clothing,West,8,2373.99,18991.92,3883.65
ORD000435,2025-07-18,Tablet,Electronics,West,4,70048.56,280194.24,54227.07
ORD002437,2025-07-18,Bookshelf,Furniture,South,8,7507.27,60058.16,8145.24
ORD000598,2025-07-18,Wardrobe,Furniture,North,4,3280.78,13123.12,3027.9
ORD010848,2025-07-18,Desk,Furniture,South,4,7584.01,30336.04,7452.38
ORD000709,2025-07-18,T-Shirt,Clothing,West,2,484.91,969.82,223.57
ORD004025,2025-07-18,Shoes,Clothing,North,2,4389.92,8779.84,2060.3
ORD008236,2025-07-18,Headphones,Electronics,West,1,32658.02,32658.02,4836.41
ORD009177,2025-07-18,Desk,Furniture,East,2,23622.34,47244.68,11290.62
ORD008089,2025-07-18,Smartphone,Electronics,West,2,49426.64,98853.28,13254.86
ORD002366,2025-07-18,Cycle,Sports,Central,4,2245.27,8981.08,1468.59
ORD004762,2025-07-18,Snacks,Groceries,Central,3,1884.31,5652.93,662.38
ORD006364,2025-07-18,Cooking Oil,Groceries,West,1,1641.76,1641.76,218.11
ORD010414,2025-07-18,Laptop,Electronics,Central,2,77602.23,155204.46,17665.7
ORD007900,2025-07-18,Cycle,Sports,East,1,2410.91,2410.91,420.58
ORD009540,2025-07-18,Smartphone,Electronics,South,4,15146.73,60586.92,11047.22
ORD005439,2025-07-18,Headphones,Electronics,West,1,40380.23,40380.23,5865.29
ORD008575,2025-07-18,Dairy Bundle,Groceries,East,1,805.41,805.41,52.13
ORD005850,2025-07-18,Laptop,Electronics,West,1,72899.85,72899.85,6618.24
ORD007912,2025-07-18,Dress,Clothing,Central,1,4025.16,4025.16,1383.29
ORD004286,2025-07-18,Rice,Groceries,West,3,847.02,2541.06,225.59
ORD004865,2025-07-18,Rice,Groceries,South,2,453.71,907.42,56.77
ORD008682,2025-07-18,Smartphone,Electronics,North,4,74101.51,296406.04,30512.62
ORD008339,2025-07-19,Bookshelf,Furniture,West,3,19308.26,57924.78,8760.68
ORD006832,2025-07-19,Dairy Bundle,Groceries,West,5,1256.92,6284.6,746.47
ORD001079,2025-07-19,Dumbbell Set,Sports,West,1,2558.59,2558.59,561.84
ORD004407,2025-07-19,Laptop,Electronics,North,1,68893.63,68893.63,8374.15
ORD010307,2025-07-19,Dairy Bundle,Groceries,South,4,1819.77,7279.08,823.68
ORD011134,2025-07-19,Jeans,Clothing,Central,2,3358.75,6717.5,2709.14
ORD004749,2025-07-19,Spices Pack,Groceries,East,4,1041.1,4164.4,386.33
ORD002999,2025-07-19,Cooking Oil,Groceries,East,1,1056.12,1056.12,133.61
ORD010379,2025-07-19,Dress,Clothing,South,2,3011.05,6022.1,2576.55
ORD005858,2025-07-19,Running Shoes,Sports,Central,5,3489.12,17445.6,4022.1
ORD002512,2025-07-19,T-Shirt,Clothing,West,4,4779.66,19118.64,7261.48
ORD009799,2025-07-19,Jacket,Clothing,East,5,4990.12,24950.6,7678.51
ORD009330,2025-07-19,Tablet,Electronics,Central,4,51111.71,204446.84,39935.61
ORD010857,2025-07-19,Laptop,Electronics,North,4,68892.22,275568.88,23598.2
ORD011403,2025-07-19,Badminton Kit,Sports,West,4,13763.0,55052.0,14216.34
ORD007706,2025-07-19,Dairy Bundle,Groceries,East,3,1521.0,4563.0,482.22
ORD011556,2025-07-19,Jacket,Clothing,West,2,874.83,1749.66,444.78
ORD008801,2025-07-19,Shoes,Clothing,South,2,1838.11,3676.22,1340.16
ORD002729,2025-07-19,Laptop,Electronics,East,1,34400.88,34400.88,4365.82
ORD005678,2025-07-19,Headphones,Electronics,South,4,65547.15,262188.6,25171.84
ORD010175,2025-07-19,Sofa,Furniture,East,2,28509.48,57018.96,10236.78
ORD010085,2025-07-19,Headphones,Electronics,West,4,40853.57,163414.28,29677.19
ORD007127,2025-07-19,Tablet,Electronics,North,1,42558.78,42558.78,7629.0
ORD001724,2025-07-19,Bookshelf,Furniture,South,2,24523.59,49047.18,10165.76
ORD000731,2025-07-19,Spices Pack,Groceries,North,3,848.34,2545.02,292.99
ORD005388,2025-07-19,T-Shirt,Clothing,North,1,1305.49,1305.49,262.99
ORD011769,2025-07-19,Cooking Oil,Groceries,South,1,546.26,546.26,81.73
ORD012090,2025-07-19,Chair,Furniture,North,2,26157.84,52315.68,9303.03
ORD006417,2025-07-19,Smartphone,Electronics,East,5,34877.96,174389.8,22688.59
ORD008560,2025-07-19,Cooking Oil,Groceries,South,1,1133.08,1133.08,87.89
ORD005568,2025-07-19,Dairy Bundle,Groceries,Central,1,1170.08,1170.08,77.49
ORD009377,2025-07-19,Dairy Bundle,Groceries,South,2,660.36,1320.72,83.69
ORD002411,2025-07-19,Bookshelf,Furniture,South,4,9957.16,39828.64,5709.25
ORD004616,2025-07-20,Chair,Furniture,Central,3,15326.38,45979.14,5443.35
ORD004658,2025-07-20,Laptop,Electronics,Central,4,47978.96,191915.84,17654.69
ORD001323,2025-07-20,Bookshelf,Furniture,Central,1,3349.21,16381.76,2522.92
ORD009548,2025-07-20,Dairy Bundle,Groceries,Central,3,1196.56,3589.68,274.6
ORD003143,2025-07-20,Dumbbell Set,Sports,West,3,3508.92,10526.76,2776.57
ORD003818,2025-07-20,Rice,Groceries,Central,4,1367.97,5471.88,297.59
ORD002327,2025-07-20,Cooking Oil,Groceries,South,4,1003.4,4013.6,541.47
ORD000518,2025-07-20,Wardrobe,Furniture,East,3,4154.69,12464.07,2548.2
ORD002996,2025-07-20,Badminton Kit,Sports,East,4,692.58,2770.32,715.86
ORD011702,2025-07-20,Jacket,Clothing,Central,1,2799.03,2799.03,1133.54
ORD012152,2025-07-20,Yoga Mat,Sports,South,3,13179.38,39538.14,5939.35
ORD011359,2025-07-20,Cycle,Sports,North,3,4054.23,12162.69,2444.85
ORD004872,2025-07-20,Sofa,Furniture,South,2,25852.86,51705.72,10475.77
ORD011641,2025-07-20,Shoes,Clothing,North,4,1472.56,5890.24,1667.29
ORD008566,2025-07-20,Rice,Groceries,East,1,1563.3,1563.3,113.02
ORD002717,2025-07-20,Smartphone,Electronics,South,4,56734.8,226939.2,19900.61
ORD002737,2025-07-20,Running Shoes,Sports,Central,5,1383.13,6915.65,2007.7
ORD008934,2025-07-20,Shoes,Clothing,West,2,683.67,1367.34,375.5
ORD007926,2025-07-20,Running Shoes,Sports,North,1,3064.52,3064.52,865.5
ORD004673,2025-07-20,Cooking Oil,Groceries,West,4,210.76,843.04,126.32
ORD011575,2025-07-20,T-Shirt,Clothing,South,5,4885.48,24427.4,8597.06
ORD008494,2025-07-20,T-Shirt,Clothing,West,3,1694.29,5082.87,1374.04
ORD004156,2025-07-20,Smartwatch,Electronics,South,1,42326.28,42326.28,4760.9
ORD002938,2025-07-20,Cycle,Sports,Central,5,6526.6,32633.0,6580.77
ORD001498,2025-07-20,Spices Pack,Groceries,East,3,350.26,1050.78,143.46
ORD011208,2025-07-20,Shoes,Clothing,West,2,4767.94,9535.88,2260.34
ORD010393,2025-07-20,Badminton Kit,Sports,North,7,10488.95,73422.65,12969.65
ORD004783,2025-07-20,Badminton Kit,Sports,North,2,5997.83,11995.66,2615.71
ORD001805,2025-07-20,Cooking Oil,Groceries,Central,1,1861.54,1861.54,273.63
ORD007937,2025-07-20,Dress,Clothing,North,3,3361.58,10084.74,3365.54
ORD002945,2025-07-20,Snacks,Groceries,East,1,1621.55,1621.55,154.23
ORD001598,2025-07-20,Chair,Furniture,Central,2,11923.9,23847.8,4193.52
ORD011468,2025-07-20,Jacket,Clothing,Central,2,3204.16,6408.32,2693.72
ORD008874,2025-07-20,Smartwatch,Electronics,East,1,79047.84,79047.84,8825.2
ORD005365,2025-07-21,Cooking Oil,Groceries,East,6,436.38,2618.28,296.91
ORD000590,2025-07-21,Chair,Furniture,North,3,23308.78,69926.34,12669.95
ORD010880,2025-07-21,Bookshelf,Furniture,North,1,3771.11,3771.11,583.5
ORD002444,2025-07-21,Jacket,Clothing,South,1,1911.77,1911.77,709.2
ORD007102,2025-07-21,Spices Pack,Groceries,Central,2,1556.73,3113.46,408.47
ORD012100,2025-07-21,Headphones,Electronics,Central,3,11936.46,35809.38,6958.82
ORD002345,2025-07-21,Badminton Kit,Sports,West,3,8391.73,25175.19,8689.36
ORD001312,2025-07-21,Cooking Oil,Groceries,South,1,924.25,924.25,130.31
ORD006676,2025-07-21,Jacket,Clothing,West,1,4535.59,4535.59,1202.88
ORD003314,2025-07-21,Laptop,Electronics,North,1,66163.86,66163.86,10794.33
ORD012182,2025-07-21,Sofa,Furniture,North,1,25288.19,25288.19,3331.11
ORD006776,2025-07-21,Dairy Bundle,Groceries,West,1,759.35,759.35,78.84
ORD009991,2025-07-21,Snacks,Groceries,South,2,1790.92,3581.84,346.56
ORD003327,2025-07-21,Chair,Furniture,North,2,10977.36,21954.72,2782.75
ORD009763,2025-07-21,Dairy Bundle,Groceries,Central,1,1502.1,1502.1,186.45
ORD003336,2025-07-21,Laptop,Electronics,West,2,32885.15,65770.3,11636.36
ORD001293,2025-07-21,Tablet,Electronics,North,2,50182.26,100364.52,15553.9
ORD003771,2025-07-21,Badminton Kit,Sports,South,3,3282.16,9846.48,1597.53
ORD011824,2025-07-21,Sofa,Furniture,Central,5,23274.01,116370.05,13714.3
ORD009324,2025-07-21,Badminton Kit,Sports,West,1,4072.39,4072.39,1024.08
ORD004327,2025-07-21,Smartphone,Electronics,East,5,24400.04,122000.2,18307.72
ORD010584,2025-07-21,Jeans,Clothing,South,2,2449.4,4898.8,1243.88
ORD003374,2025-07-21,Running Shoes,Sports,West,2,10347.99,20695.98,3411.01
ORD003111,2025-07-21,Spices Pack,Groceries,West,2,1617.06,3234.12,390.43
ORD001928,2025-07-21,Bookshelf,Furniture,East,1,20529.78,20529.78,2289.49
ORD004309,2025-07-21,Chair,Furniture,Central,7,28833.18,201832.26,23141.3
ORD010398,2025-07-21,Cycle,Sports,West,5,10953.52,54767.6,16784.8
ORD009959,2025-07-21,Dress,Clothing,North,3,1889.62,5668.86,1443.08
ORD008816,2025-07-21,Dumbbell Set,Sports,South,3,11321.44,33964.32,8469.87
ORD001872,2025-07-21,Cycle,Sports,West,1,11477.2,11477.2,1849.22
ORD003394,2025-07-21,Cycle,Sports,East,2,14111.43,28222.86,8777.84
ORD004651,2025-07-22,Wardrobe,Furniture,East,2,9423.45,18846.9,3284.23
ORD003340,2025-07-22,Spices Pack,Groceries,South,1,1155.06,1155.06,118.69
ORD011695,2025-07-22,Laptop,Electronics,East,4,43107.26,861957.92,93596.29
ORD006277,2025-07-22,Laptop,Electronics,East,1,28837.17,111798.47,17830.92
ORD010726,2025-07-22,Shoes,Clothing,South,2,4438.93,8877.86,3393.03
ORD006751,2025-07-22,Dumbbell Set,Sports,East,3,3776.81,11330.43,3187.05
ORD004403,2025-07-22,T-Shirt,Clothing,South,4,3527.26,14109.04,5789.49
ORD010843,2025-07-22,Jacket,Clothing,North,1,1146.64,1146.64,327.4
ORD005760,2025-07-22,Bookshelf,Furniture,North,2,21861.07,43722.14,9976.73
ORD000610,2025-07-22,Cycle,Sports,North,5,9990.41,49952.05,10222.78
ORD000440,2025-07-22,Bookshelf,Furniture,North,2,2758.69,5517.38,735.44
ORD006805,2025-07-22,Badminton Kit,Sports,West,5,3812.07,19060.35,4471.61
ORD010247,2025-07-22,Running Shoes,Sports,West,1,1493.29,1493.29,401.85
ORD003608,2025-07-22,Snacks,Groceries,Central,2,380.16,760.32,84.52
ORD006933,2025-07-22,Running Shoes,Sports,Central,2,10995.03,21990.06,6243.96
ORD011143,2025-07-22,Dress,Clothing,North,2,4170.58,8341.16,3420.24
ORD000949,2025-07-22,Wardrobe,Furniture,Central,8,19247.59,153980.72,19740.9
ORD010889,2025-07-22,Sofa,Furniture,North,1,29549.99,29549.99,5273.47
ORD001367,2025-07-22,Badminton Kit,Sports,Central,5,1338.74,6693.7,2286.29
ORD003431,2025-07-22,Rice,Groceries,South,1,236.62,236.62,33.34
ORD005725,2025-07-22,Jacket,Clothing,East,2,383.21,766.42,318.4
ORD000048,2025-07-22,Jeans,Clothing,East,1,3923.55,3923.55,1269.07
ORD002167,2025-07-22,T-Shirt,Clothing,Central,1,2367.32,2367.32,854.58
ORD007920,2025-07-22,Chair,Furniture,Central,2,28359.92,56719.84,13259.98
ORD007997,2025-07-22,Chair,Furniture,North,2,29015.05,58030.1,10779.23
ORD009232,2025-07-22,Wardrobe,Furniture,East,2,19277.52,38555.04,4638.45
ORD007250,2025-07-22,Badminton Kit,Sports,West,1,5517.03,5517.03,1325.42
ORD003218,2025-07-22,Smartwatch,Electronics,North,2,63774.99,127549.98,18808.18
ORD009368,2025-07-22,T-Shirt,Clothing,Central,2,2650.29,5300.58,2238.22
ORD008779,2025-07-22,Sofa,Furniture,North,3,11946.59,35839.77,4411.67
ORD006082,2025-07-22,T-Shirt,Clothing,South,3,2872.02,8616.06,2221.17
ORD003481,2025-07-22,Shoes,Clothing,North,3,2797.3,8391.9,2516.98
ORD002744,2025-07-23,Sofa,Furniture,South,1,8304.51,8304.51,1655.48
ORD000229,2025-07-23,Running Shoes,Sports,North,5,664.63,3323.15,809.96
ORD008951,2025-07-23,Wardrobe,Furniture,East,6,3596.18,21577.08,3390.14
ORD009666,2025-07-23,Sofa,Furniture,North,3,4466.6,13399.8,3067.61
ORD008230,2025-07-23,Tablet,Electronics,West,1,25697.88,25697.88,4133.86
ORD005492,2025-07-23,Tablet,Electronics,West,2,71266.23,513657.67,63090.85
ORD000826,2025-07-23,Badminton Kit,Sports,North,1,1024.33,1024.33,215.75
ORD000838,2025-07-23,Smartphone,Electronics,South,1,64882.19,64882.19,7562.77
ORD000193,2025-07-23,Running Shoes,Sports,North,1,11158.53,11158.53,3466.91
ORD007607,2025-07-23,Spices Pack,Groceries,Central,6,1729.82,10378.92,579.3
ORD001539,2025-07-23,Rice,Groceries,East,2,1898.79,3797.58,230.1
ORD007047,2025-07-23,Spices Pack,Groceries,North,1,898.26,898.26,131.95
ORD009944,2025-07-23,Chair,Furniture,East,2,29509.13,59018.26,12520.77
ORD009938,2025-07-23,Running Shoes,Sports,Central,2,4279.12,8558.24,1579.21
ORD006587,2025-07-23,Jeans,Clothing,Central,5,2120.47,10602.35,4351.45
ORD009911,2025-07-23,Dumbbell Set,Sports,South,6,7726.91,46361.46,10631.41
ORD006630,2025-07-23,Chair,Furniture,East,3,3023.95,9071.85,1160.85
ORD005671,2025-07-23,Jacket,Clothing,South,2,2173.16,4346.32,1053.86
ORD002537,2025-07-23,Shoes,Clothing,South,1,2579.58,2579.58,570.99
ORD010976,2025-07-23,Shoes,Clothing,South,4,2938.43,11753.72,4868.28
ORD008383,2025-07-23,Spices Pack,Groceries,Central,5,1626.78,8133.9,581.94
ORD001155,2025-07-23,Yoga Mat,Sports,East,1,2150.66,2150.66,471.09
ORD005327,2025-07-23,Smartwatch,Electronics,West,6,68798.7,412792.2,61215.84
ORD000443,2025-07-23,Spices Pack,Groceries,South,7,1619.84,11338.88,769.39
ORD008771,2025-07-23,Jeans,Clothing,Central,1,2737.64,2737.64,1080.75
ORD002949,2025-07-23,Tablet,Electronics,North,6,73868.63,443211.78,53295.69
ORD002904,2025-07-23,Bookshelf,Furniture,West,5,11582.31,57911.55,14316.17
ORD007387,2025-07-23,Snacks,Groceries,North,6,996.95,5981.7,606.67
ORD011300,2025-07-23,Dairy Bundle,Groceries,West,6,1479.06,8874.36,984.9
ORD005424,2025-07-23,Badminton Kit,Sports,Central,2,9017.52,18035.04,5912.22
ORD003399,2025-07-23,Shoes,Clothing,West,2,4819.57,9639.14,2681.72
ORD003419,2025-07-23,Yoga Mat,Sports,South,2,5816.25,11632.5,3185.26
ORD007383,2025-07-23,Running Shoes,Sports,Central,3,13930.3,41790.9,9220.36
ORD002154,2025-07-23,Cooking Oil,Groceries,South,3,1005.99,3017.97,341.06
ORD011739,2025-07-23,Smartphone,Electronics,North,1,30337.74,30337.74,2716.16
ORD001753,2025-07-23,Tablet,Electronics,East,2,72610.34,145220.68,22467.91
ORD009313,2025-07-23,Snacks,Groceries,West,1,1923.15,1923.15,237.06
ORD007288,2025-07-23,Yoga Mat,Sports,North,2,5460.38,10920.76,2370.43
ORD008502,2025-07-24,Yoga Mat,Sports,West,1,13391.59,13391.59,3212.2
ORD008829,2025-07-24,Smartwatch,Electronics,East,2,12421.27,24842.54,4726.84
ORD006943,2025-07-24,Headphones,Electronics,South,2,26252.45,52504.9,9990.5
ORD007359,2025-07-24,Jacket,Clothing,South,3,4683.36,14050.08,5952.04
ORD001325,2025-07-24,T-Shirt,Clothing,West,2,2333.83,4667.66,1467.63
ORD011228,2025-07-24,Tablet,Electronics,North,2,63538.7,127077.4,19147.65
ORD010915,2025-07-24,T-Shirt,Clothing,North,3,3820.56,11461.68,2996.95
ORD011581,2025-07-24,Sofa,Furniture,South,1,28298.94,28298.94,4171.6
ORD010864,2025-07-24,Bookshelf,Furniture,South,1,20051.51,20051.51,4741.09
ORD002050,2025-07-24,Dairy Bundle,Groceries,West,1,591.32,591.32,31.21
ORD009978,2025-07-24,Headphones,Electronics,West,1,17217.78,17217.78,3436.3
ORD005203,2025-07-24,Tablet,Electronics,North,1,78054.37,78054.37,7678.49
ORD005982,2025-07-24,Dumbbell Set,Sports,South,6,4991.5,29949.0,5667.64
ORD009607,2025-07-24,T-Shirt,Clothing,North,1,3320.91,3320.91,871.34
ORD008520,2025-07-24,T-Shirt,Clothing,West,1,4893.41,27599.56,9575.45
ORD008168,2025-07-24,Chair,Furniture,East,4,20112.09,80448.36,19753.62
ORD008921,2025-07-24,Badminton Kit,Sports,South,8,12981.53,103852.24,15776.87
ORD001771,2025-07-24,Cooking Oil,Groceries,Central,5,499.96,2499.8,327.23
ORD006742,2025-07-24,Desk,Furniture,Central,2,19267.95,38535.9,4395.36
ORD003398,2025-07-24,Tablet,Electronics,South,3,41651.89,124955.67,14278.63
ORD008194,2025-07-24,Smartphone,Electronics,South,3,10935.68,32807.04,5271.19
ORD010150,2025-07-24,Dumbbell Set,Sports,East,3,12891.49,38674.47,6428.93
ORD004027,2025-07-24,Badminton Kit,Sports,West,1,14423.86,14423.86,4163.21
ORD010966,2025-07-24,Dress,Clothing,Central,2,3667.02,7334.04,3091.12
ORD011268,2025-07-24,Desk,Furniture,Central,7,19117.42,133821.94,28164.96
ORD005496,2025-07-24,Jacket,Clothing,North,4,3404.5,13618.0,4816.15
ORD001949,2025-07-24,Badminton Kit,Sports,East,3,2623.33,7869.99,2491.53
ORD007665,2025-07-24,Laptop,Electronics,West,5,78288.65,391443.25,54245.7
ORD001449,2025-07-24,Dress,Clothing,South,1,2833.74,2833.74,766.86
ORD008385,2025-07-24,Chair,Furniture,North,1,23271.46,23271.46,4297.1
ORD004890,2025-07-24,Badminton Kit,Sports,Central,4,6287.08,25148.32,6867.51
ORD004300,2025-07-25,T-Shirt,Clothing,South,2,2746.45,5492.9,1998.57
ORD012346,2025-07-25,Cooking Oil,Groceries,West,2,616.72,1233.44,134.87
ORD010559,2025-07-25,Dumbbell Set,Sports,East,1,6632.15,6632.15,2059.08
ORD000670,2025-07-25,Jeans,Clothing,North,2,639.33,1278.66,265.53
ORD004752,2025-07-25,Wardrobe,Furniture,East,1,17591.64,17591.64,4210.61
ORD008003,2025-07-25,Bookshelf,Furniture,East,4,29286.91,117147.64,15616.93
ORD003167,2025-07-25,Badminton Kit,Sports,North,2,8302.37,16604.74,4180.1
ORD003697,2025-07-25,Sofa,Furniture,South,1,24687.26,24687.26,4455.72
ORD007125,2025-07-25,Running Shoes,Sports,West,1,6667.65,33043.79,11535.91
ORD004052,2025-07-25,Headphones,Electronics,South,1,35997.31,35997.31,3084.61
ORD000449,2025-07-25,Cycle,Sports,Central,2,4750.64,9501.28,3128.46
ORD004408,2025-07-25,Yoga Mat,Sports,North,4,9992.01,39968.04,11665.19
ORD004100,2025-07-25,Yoga Mat,Sports,East,2,8869.4,17738.8,2894.59
ORD002983,2025-07-25,Desk,Furniture,Central,2,15548.56,31097.12,7296.31
ORD009274,2025-07-25,Desk,Furniture,East,1,14974.74,14974.74,2480.53
ORD009876,2025-07-25,Spices Pack,Groceries,South,1,1930.75,1930.75,127.08
ORD002273,2025-07-25,Cycle,Sports,North,3,6304.54,103734.93,32404.01
ORD006985,2025-07-25,Running Shoes,Sports,South,1,11552.37,11552.37,2935.25
ORD006401,2025-07-25,T-Shirt,Clothing,East,1,2926.0,2926.0,627.66
ORD002172,2025-07-25,Jacket,Clothing,West,1,4156.29,4156.29,1689.89
ORD000891,2025-07-25,Desk,Furniture,Central,2,3075.94,6151.88,1447.32
ORD011588,2025-07-25,Smartwatch,Electronics,Central,3,67845.53,203536.59,23924.9
ORD006153,2025-07-25,Smartphone,Electronics,East,1,73549.6,73549.6,8302.2
ORD011806,2025-07-25,Laptop,Electronics,East,2,9435.12,18870.24,2972.74
ORD002323,2025-07-25,Bookshelf,Furniture,North,1,21741.15,21741.15,4593.83
ORD001692,2025-07-25,Snacks,Groceries,West,3,159.18,477.54,36.27
ORD011067,2025-07-25,Dairy Bundle,Groceries,Central,1,892.19,892.19,78.13
ORD011920,2025-07-25,Headphones,Electronics,East,1,67183.02,67183.02,8764.21
ORD001774,2025-07-25,Dairy Bundle,Groceries,South,2,257.2,514.4,50.64
ORD006256,2025-07-25,Sofa,Furniture,South,4,10997.86,43991.44,10929.0
ORD006170,2025-07-26,Wardrobe,Furniture,South,3,24210.43,72631.29,8899.01
ORD005022,2025-07-26,Yoga Mat,Sports,West,1,3761.0,3761.0,983.98
ORD008162,2025-07-26,Badminton Kit,Sports,East,4,14402.38,57609.52,17550.87
ORD010118,2025-07-26,Sofa,Furniture,North,8,9885.8,79086.4,8078.37
ORD008244,2025-07-26,Cycle,Sports,West,1,14511.01,78248.88,19724.59
ORD007152,2025-07-26,Cycle,Sports,East,4,1719.6,6878.4,1281.21
ORD006266,2025-07-26,Smartwatch,Electronics,Central,1,21815.9,21815.9,3455.48
ORD009460,2025-07-26,Badminton Kit,Sports,South,1,7676.52,7676.52,2678.63
ORD005790,2025-07-26,T-Shirt,Clothing,Central,2,3495.23,6990.46,2815.45
ORD008593,2025-07-26,Dress,Clothing,North,1,1344.9,1344.9,340.57
ORD008107,2025-07-26,Cycle,Sports,North,5,7717.33,38586.65,9091.38
ORD001637,2025-07-26,Badminton Kit,Sports,Central,2,10989.93,21979.86,5651.71
ORD002397,2025-07-26,Sofa,Furniture,South,1,3686.35,3686.35,533.22
ORD010766,2025-07-26,Dairy Bundle,Groceries,South,2,849.51,1699.02,112.05
ORD002777,2025-07-26,Running Shoes,Sports,North,4,14173.25,56693.0,15424.76
ORD011923,2025-07-26,Dumbbell Set,Sports,Central,1,5168.91,5168.91,1084.14
ORD009442,2025-07-26,Dress,Clothing,East,7,3260.11,22820.77,6459.3
ORD009366,2025-07-26,Running Shoes,Sports,Central,1,12789.21,12789.21,4123.16
ORD003588,2025-07-26,T-Shirt,Clothing,Central,1,755.05,755.05,240.87
ORD005761,2025-07-26,Cycle,Sports,North,3,10444.89,31334.67,4812.24
ORD008017,2025-07-26,Snacks,Groceries,West,1,1744.29,1744.29,160.09
ORD009247,2025-07-26,Snacks,Groceries,West,5,1065.86,5329.3,611.25
ORD005717,2025-07-26,Headphones,Electronics,East,4,78518.23,314072.92,42628.6
ORD012434,2025-07-26,Jacket,Clothing,North,3,2976.75,8930.25,3980.94
ORD007811,2025-07-26,Spices Pack,Groceries,Central,8,913.38,7307.04,981.03
ORD005961,2025-07-26,Wardrobe,Furniture,East,3,25044.79,75134.37,10116.17
ORD002916,2025-07-26,Shoes,Clothing,South,4,4982.26,19929.04,6350.06
ORD004265,2025-07-26,Chair,Furniture,West,1,21041.29,21041.29,4108.81
ORD011609,2025-07-26,Laptop,Electronics,South,5,54119.87,270599.35,37466.49
ORD010945,2025-07-26,Desk,Furniture,West,1,26166.07,26166.07,3325.08
ORD011738,2025-07-27,Rice,Groceries,West,3,809.7,2429.1,332.06
ORD000231,2025-07-27,Spices Pack,Groceries,North,1,323.3,323.3,37.15
ORD005300,2025-07-27,Rice,Groceries,South,4,273.03,1092.12,106.36
ORD004382,2025-07-27,Jeans,Clothing,South,4,2758.84,11035.36,4686.27
ORD006626,2025-07-27,Cycle,Sports,West,1,11068.1,11068.1,2637.22
ORD004163,2025-07-27,Jacket,Clothing,West,1,605.5,605.5,246.03
ORD010392,2025-07-27,Smartwatch,Electronics,Central,4,20173.17,80692.68,13762.27
ORD006968,2025-07-27,Yoga Mat,Sports,Central,1,9436.23,9436.23,1761.68
ORD008476,2025-07-27,T-Shirt,Clothing,South,2,4803.94,9607.88,2121.33
ORD010225,2025-07-27,Jacket,Clothing,West,2,2691.46,5382.92,2317.21
ORD007283,2025-07-27,Tablet,Electronics,South,3,40487.5,121462.5,11890.06
ORD002788,2025-07-27,Rice,Groceries,North,3,1329.95,3989.85,250.7
ORD002973,2025-07-27,Rice,Groceries,East,3,1934.66,5803.98,488.45
ORD011446,2025-07-27,Desk,Furniture,East,2,23715.91,47431.82,5629.37
ORD005146,2025-07-27,Laptop,Electronics,East,2,45610.88,91221.76,7376.77
ORD010323,2025-07-27,Chair,Furniture,South,1,7408.63,7408.63,1671.92
ORD011845,2025-07-27,Desk,Furniture,East,1,3605.08,3605.08,749.03
ORD006054,2025-07-27,Chair,Furniture,South,1,23250.09,23250.09,3361.08
ORD001240,2025-07-27,Shoes,Clothing,South,1,886.66,886.66,353.38
ORD000416,2025-07-27,Rice,Groceries,East,2,526.75,1053.5,100.34
ORD007411,2025-07-27,Smartphone,Electronics,East,7,32137.84,224964.88,18032.82
ORD004067,2025-07-27,Shoes,Clothing,West,4,4863.25,19453.0,5707.54
ORD001011,2025-07-27,Wardrobe,Furniture,North,4,28975.04,115900.16,21328.55
ORD004021,2025-07-27,Cooking Oil,Groceries,North,2,1961.5,3923.0,301.39
ORD006109,2025-07-27,Chair,Furniture,South,3,15751.95,47255.85,9563.25
ORD002310,2025-07-27,Jeans,Clothing,Central,2,1721.59,3443.18,1427.8
ORD005845,2025-07-27,Running Shoes,Sports,West,4,5268.26,21073.04,5915.16
ORD008036,2025-07-28,T-Shirt,Clothing,South,3,1558.43,4675.29,1603.51
ORD002912,2025-07-28,Badminton Kit,Sports,South,1,10774.46,10774.46,3193.28
ORD006810,2025-07-28,Jeans,Clothing,Central,2,383.59,767.18,159.87
ORD005115,2025-07-28,Wardrobe,Furniture,Central,1,7424.69,7424.69,1033.98
ORD011271,2025-07-28,Running Shoes,Sports,North,2,13116.64,26233.28,5082.01
ORD011269,2025-07-28,T-Shirt,Clothing,East,1,1866.06,1866.06,699.99
ORD004927,2025-07-28,Laptop,Electronics,Central,2,12012.96,24025.92,3576.87
ORD005037,2025-07-28,Shoes,Clothing,Central,1,3287.29,3287.29,907.06
ORD004928,2025-07-28,Jacket,Clothing,West,4,4356.24,17424.96,5582.01
ORD000433,2025-07-28,Badminton Kit,Sports,Central,1,6311.06,6311.06,1653.04
ORD005308,2025-07-28,Running Shoes,Sports,Central,8,6148.46,49187.68,12408.04
ORD005224,2025-07-28,Badminton Kit,Sports,North,7,6216.74,43517.18,12420.52
ORD006023,2025-07-28,Bookshelf,Furniture,East,3,22340.36,67021.08,7662.55
ORD008106,2025-07-28,Cooking Oil,Groceries,West,4,1938.73,7754.92,466.46
ORD008062,2025-07-28,Dairy Bundle,Groceries,North,5,548.73,2743.65,240.62
ORD011082,2025-07-28,Desk,Furniture,West,4,15689.01,62756.04,11188.61
ORD005962,2025-07-28,Yoga Mat,Sports,South,3,1927.34,5782.02,1999.91
ORD010302,2025-07-28,Badminton Kit,Sports,East,1,14478.41,14478.41,4167.87
ORD009085,2025-07-28,Dumbbell Set,Sports,South,1,3440.15,3440.15,717.49
ORD012436,2025-07-28,Cooking Oil,Groceries,East,4,1457.25,5829.0,772.97
ORD004434,2025-07-28,Sofa,Furniture,North,2,13703.98,27407.96,5065.91
ORD002612,2025-07-28,Jeans,Clothing,East,1,1089.69,1089.69,314.59
ORD011555,2025-07-28,Shoes,Clothing,West,4,3691.92,14767.68,4279.29
ORD001420,2025-07-28,Tablet,Electronics,West,1,62792.57,62792.57,7824.39
ORD004596,2025-07-28,Dairy Bundle,Groceries,West,1,1817.57,1817.57,93.72
ORD001198,2025-07-28,Cooking Oil,Groceries,Central,1,1791.18,1791.18,151.51
ORD011467,2025-07-28,Dairy Bundle,Groceries,Central,2,1764.38,3528.76,507.81
ORD000730,2025-07-28,Dumbbell Set,Sports,East,2,3627.29,7254.58,2044.17
ORD010977,2025-07-28,Yoga Mat,Sports,North,3,9340.68,28022.04,9290.76
ORD012392,2025-07-28,Badminton Kit,Sports,West,1,10154.43,10154.43,1928.59
ORD010168,2025-07-28,Headphones,Electronics,West,5,65696.99,328484.95,40027.49
ORD001394,2025-07-28,Dress,Clothing,Central,1,4814.95,4814.95,1200.04
ORD012035,2025-07-28,Smartphone,Electronics,South,2,75877.66,151755.32,21298.11
ORD010978,2025-07-28,Smartphone,Electronics,West,3,49927.88,149783.64,15058.45
ORD002675,2025-07-28,Spices Pack,Groceries,Central,1,954.89,954.89,113.91
ORD004232,2025-07-28,Dress,Clothing,Central,6,1570.8,9424.8,3778.27
ORD012304,2025-07-28,Spices Pack,Groceries,East,4,965.89,3863.56,392.22
ORD003587,2025-07-28,Desk,Furniture,West,5,12593.73,62968.65,13378.25
ORD009886,2025-07-28,Wardrobe,Furniture,Central,8,26634.96,213079.68,50934.8
ORD002783,2025-07-28,Wardrobe,Furniture,South,1,28058.82,28058.82,2909.61
ORD007875,2025-07-28,Dumbbell Set,Sports,East,4,1887.12,7548.48,1189.52
ORD009765,2025-07-28,Spices Pack,Groceries,West,4,1857.79,7431.16,781.67
ORD007821,2025-07-29,Tablet,Electronics,Central,3,41156.66,123469.98,16236.96
ORD012411,2025-07-29,Dairy Bundle,Groceries,East,4,771.87,3087.48,186.11
ORD011174,2025-07-29,Cooking Oil,Groceries,East,2,368.34,736.68,69.26
ORD007688,2025-07-29,Shoes,Clothing,West,2,490.44,980.88,357.07
ORD006525,2025-07-29,Running Shoes,Sports,Central,2,14729.26,29458.52,7472.54
ORD007833,2025-07-29,Jeans,Clothing,North,5,3565.97,17829.85,7210.37
ORD005277,2025-07-29,Bookshelf,Furniture,West,3,18120.14,54360.42,10193.01
ORD000963,2025-07-29,Cycle,Sports,West,2,12015.86,24031.72,4051.7
ORD011978,2025-07-29,Smartwatch,Electronics,East,3,44505.93,133517.79,18725.68
ORD012491,2025-07-29,Snacks,Groceries,North,1,1191.56,1191.56,93.78
ORD010537,2025-07-29,Cycle,Sports,West,8,1110.85,8886.8,1462.08
ORD003271,2025-07-29,Cooking Oil,Groceries,East,1,458.15,458.15,59.79
ORD002251,2025-07-29,Headphones,Electronics,North,2,51149.55,102299.1,14490.15
ORD011703,2025-07-29,Headphones,Electronics,Central,2,45248.08,90496.16,9745.9
ORD003820,2025-07-29,Smartwatch,Electronics,West,5,12056.0,60280.0,4995.17
ORD003816,2025-07-29,Rice,Groceries,West,2,1028.35,2056.7,226.9
ORD007961,2025-07-29,Dress,Clothing,East,4,4482.99,17931.96,7747.2
ORD010407,2025-07-29,Spices Pack,Groceries,Central,3,105.23,315.69,27.33
ORD003806,2025-07-29,Tablet,Electronics,West,1,30549.11,30549.11,3099.54
ORD004970,2025-07-29,Dress,Clothing,West,3,4410.17,13230.51,5124.23
ORD004844,2025-07-29,Dress,Clothing,North,3,1641.97,4925.91,1352.21
ORD004995,2025-07-29,Wardrobe,Furniture,East,2,2935.7,5871.4,1305.64
ORD010391,2025-07-29,Sofa,Furniture,West,4,27034.63,108138.52,11748.04
ORD001161,2025-07-29,Rice,Groceries,North,3,1824.46,5473.38,664.49
ORD004371,2025-07-30,Running Shoes,Sports,East,3,9190.77,27572.31,6445.08
ORD005985,2025-07-30,Desk,Furniture,West,6,9216.72,55300.32,11766.24
ORD006384,2025-07-30,Smartwatch,Electronics,South,2,53189.39,513010.25,98615.98
ORD011722,2025-07-30,Dress,Clothing,West,2,4880.73,9761.46,4015.88
ORD000304,2025-07-30,Dairy Bundle,Groceries,Central,4,492.03,1968.12,170.1
ORD001432,2025-07-30,Rice,Groceries,Central,1,1905.87,1905.87,206.14
ORD003717,2025-07-30,Chair,Furniture,Central,3,7416.52,22249.56,2927.06
ORD004389,2025-07-30,Jeans,Clothing,East,2,4876.35,9752.7,2512.88
ORD004530,2025-07-30,Snacks,Groceries,West,1,518.21,518.21,36.34
ORD007580,2025-07-30,Cycle,Sports,South,2,4234.89,8469.78,1835.33
ORD000506,2025-07-30,Jeans,Clothing,South,3,1339.68,4019.04,1796.18
ORD007586,2025-07-30,Cycle,Sports,West,4,2954.09,11816.36,2029.0
ORD001556,2025-07-30,Snacks,Groceries,East,4,1311.61,5246.44,389.3
ORD000486,2025-07-30,Yoga Mat,Sports,South,5,10123.23,50616.15,17076.17
ORD007640,2025-07-30,Dress,Clothing,South,4,1973.85,7895.4,3481.41
ORD001238,2025-07-30,Bookshelf,Furniture,West,2,16934.83,33869.66,7806.8
ORD001502,2025-07-30,Smartphone,Electronics,West,8,26033.69,208269.52,32278.63
ORD003900,2025-07-30,Jeans,Clothing,East,2,1397.83,2795.66,743.28
ORD012418,2025-07-30,Smartphone,Electronics,East,2,58465.28,116930.56,11311.37
ORD010077,2025-07-30,Shoes,Clothing,West,2,1396.52,2793.04,1000.62
ORD001970,2025-07-30,Laptop,Electronics,East,3,20307.42,60922.26,7930.7
ORD006894,2025-07-30,Laptop,Electronics,West,1,59056.92,59056.92,5325.23
ORD008397,2025-07-30,Rice,Groceries,West,1,1941.55,1941.55,234.12
ORD007086,2025-07-30,Snacks,Groceries,East,4,1570.93,6283.72,333.3
ORD006255,2025-07-30,Laptop,Electronics,Central,2,22504.15,45008.3,8266.89
ORD007193,2025-07-30,Sofa,Furniture,West,1,25226.65,25226.65,5688.06
ORD002786,2025-07-30,Sofa,Furniture,Central,5,29316.85,146584.25,16093.71
ORD005527,2025-07-30,Bookshelf,Furniture,Central,1,20329.4,20329.4,4479.45
ORD007036,2025-07-30,Chair,Furniture,North,3,17276.08,51828.24,6581.01
ORD010751,2025-07-30,Rice,Groceries,West,5,694.06,3470.3,218.69
ORD008132,2025-07-30,Wardrobe,Furniture,East,2,27857.33,55714.66,10579.94
ORD005525,2025-07-30,Smartwatch,Electronics,East,3,37255.26,111765.78,11178.88
ORD002821,2025-07-30,Headphones,Electronics,South,5,49239.46,246197.3,43906.7
ORD002770,2025-07-30,Bookshelf,Furniture,East,8,16789.3,134314.4,22845.42
ORD000773,2025-07-30,Cooking Oil,Groceries,South,3,1929.56,5788.68,569.34
ORD002946,2025-07-30,Cooking Oil,Groceries,West,3,1465.53,4396.59,477.57
ORD003287,2025-07-31,Dress,Clothing,North,4,669.0,2676.0,1124.76
ORD010957,2025-07-31,Chair,Furniture,Central,4,24899.7,99598.8,10777.98
ORD008247,2025-07-31,Running Shoes,Sports,North,3,6229.31,18687.93,3985.51
ORD002677,2025-07-31,T-Shirt,Clothing,Central,2,1651.3,3302.6,1104.9
ORD004533,2025-07-31,Bookshelf,Furniture,North,3,16122.66,48367.98,8205.62
ORD003286,2025-07-31,Badminton Kit,Sports,South,2,8650.61,17301.22,2615.48
ORD006024,2025-07-31,T-Shirt,Clothing,West,3,2161.31,6483.93,2890.6
ORD007460,2025-07-31,Laptop,Electronics,East,1,60995.89,60995.89,8634.42
ORD003911,2025-07-31,Chair,Furniture,South,8,11923.87,95390.96,14992.79
ORD011396,2025-07-31,T-Shirt,Clothing,West,1,3985.42,3985.42,1522.31
ORD000984,2025-07-31,Running Shoes,Sports,West,6,3174.91,19049.46,4237.5
ORD008100,2025-07-31,Smartphone,Electronics,East,2,53485.0,106970.0,18372.95
ORD009682,2025-07-31,Snacks,Groceries,East,2,1487.83,2975.66,356.67
ORD000978,2025-07-31,Wardrobe,Furniture,West,1,29953.73,29953.73,7187.91
ORD008010,2025-07-31,Spices Pack,Groceries,West,1,1987.4,1987.4,291.81
ORD008625,2025-07-31,Cooking Oil,Groceries,South,5,1657.78,8288.9,1214.75
ORD002348,2025-07-31,T-Shirt,Clothing,East,4,2371.12,9484.48,3983.28
ORD006059,2025-07-31,Snacks,Groceries,North,4,998.77,3995.08,520.18
ORD009533,2025-07-31,Cooking Oil,Groceries,South,4,192.2,768.8,52.91
ORD009199,2025-07-31,Wardrobe,Furniture,North,2,12512.63,25025.26,3828.26
ORD008381,2025-07-31,T-Shirt,Clothing,East,3,592.58,1777.74,765.37
ORD010775,2025-07-31,Jeans,Clothing,Central,2,2855.93,5711.86,2106.48
ORD005502,2025-07-31,Cooking Oil,Groceries,East,1,1223.36,1223.36,99.68
ORD000684,2025-07-31,Laptop,Electronics,West,1,59539.4,59539.4,11257.94
ORD004573,2025-07-31,Desk,Furniture,South,1,22549.77,22549.77,3645.33
ORD002445,2025-07-31,Spices Pack,Groceries,Central,1,148.16,148.16,17.63
ORD002380,2025-07-31,Yoga Mat,Sports,Central,4,7180.64,28722.56,9988.79
ORD008833,2025-07-31,Smartwatch,Electronics,West,3,54812.83,164438.49,15663.48
ORD005344,2025-07-31,Badminton Kit,Sports,North,4,7110.78,28443.12,4671.54
ORD000062,2025-07-31,Desk,Furniture,South,1,10904.1,10904.1,1270.41
ORD010410,2025-07-31,Running Shoes,Sports,Central,1,7283.57,7283.57,1397.91
ORD001347,2025-07-31,Desk,Furniture,West,5,2277.87,11389.35,1931.8
ORD000943,2025-07-31,Rice,Groceries,East,1,404.14,404.14,38.86
ORD008444,2025-07-31,Jeans,Clothing,Central,3,4871.74,14615.22,4969.88
ORD000582,2025-07-31,Dairy Bundle,Groceries,South,2,736.73,1473.46,183.23
ORD000971,2025-07-31,Jacket,Clothing,Central,2,575.19,1150.38,326.2
ORD001048,2025-07-31,Dumbbell Set,Sports,West,4,4663.5,18654.0,5756.08
ORD000787,2025-07-31,Dress,Clothing,South,3,3763.31,11289.93,4693.22
ORD002212,2025-07-31,Smartphone,Electronics,East,3,51153.9,153461.7,25695.44
ORD012448,2025-07-31,Desk,Furniture,East,1,5679.64,5679.64,909.8
ORD007111,2025-07-31,Wardrobe,Furniture,North,1,21641.94,21641.94,5366.33
ORD007743,2025-08-01,Smartwatch,Electronics,North,5,60005.91,300029.55,53347.92
ORD004326,2025-08-01,Smartwatch,Electronics,West,2,22180.66,44361.32,5746.17
ORD007560,2025-08-01,T-Shirt,Clothing,North,1,568.74,568.74,198.63
ORD001716,2025-08-01,T-Shirt,Clothing,Central,1,3030.47,3030.47,1356.65
ORD003623,2025-08-01,Smartwatch,Electronics,East,8,28484.86,227878.88,19517.22
ORD004780,2025-08-01,Dress,Clothing,South,1,3576.33,3576.33,1239.93
ORD009852,2025-08-01,Dress,Clothing,Central,2,1882.57,3765.14,1335.83
ORD009178,2025-08-01,Wardrobe,Furniture,Central,4,3767.64,15070.56,2926.15
ORD007339,2025-08-01,Laptop,Electronics,West,2,21361.37,42722.74,7339.99
ORD003744,2025-08-01,Jeans,Clothing,West,3,2278.21,6834.63,3009.66
ORD012296,2025-08-01,Cycle,Sports,West,1,6437.29,6437.29,1760.33
ORD000316,2025-08-01,Smartphone,Electronics,West,2,59361.17,118722.34,22251.51
ORD004751,2025-08-01,Smartwatch,Electronics,Central,4,45199.83,180799.32,30432.52
ORD002293,2025-08-01,Jacket,Clothing,Central,4,3550.78,14203.12,6269.4
ORD001344,2025-08-01,Smartphone,Electronics,West,4,16954.52,373300.56,48393.61
ORD006782,2025-08-01,Sofa,Furniture,East,2,18830.15,37660.3,6907.55
ORD008415,2025-08-01,T-Shirt,Clothing,East,5,801.56,4007.8,1352.63
ORD000152,2025-08-01,Shoes,Clothing,East,4,2840.99,11363.96,4083.72
ORD006745,2025-08-01,Tablet,Electronics,East,3,25086.62,75259.86,9972.81
ORD010360,2025-08-01,Cycle,Sports,South,3,12167.03,36501.09,8888.53
ORD008909,2025-08-01,Badminton Kit,Sports,East,2,7338.12,14676.24,4042.83
ORD008176,2025-08-01,Rice,Groceries,West,3,252.08,756.24,94.95
ORD001517,2025-08-01,Desk,Furniture,North,2,23026.31,46052.62,5305.54
ORD004012,2025-08-01,Cycle,Sports,East,1,12119.6,12119.6,2812.97
ORD001266,2025-08-01,Jeans,Clothing,North,2,3481.06,6962.12,2834.4
ORD000889,2025-08-01,Wardrobe,Furniture,Central,4,21267.77,85071.08,14091.21
ORD000208,2025-08-01,Dress,Clothing,West,3,3269.63,9808.89,3061.47
ORD007601,2025-08-01,Smartwatch,Electronics,South,1,53856.73,251944.89,35932.2
ORD012398,2025-08-01,Cycle,Sports,South,2,10775.15,21550.3,5026.48
ORD001803,2025-08-01,Cooking Oil,Groceries,North,1,515.55,515.55,35.2
ORD003036,2025-08-01,Smartwatch,Electronics,South,1,76348.24,76348.24,8903.12
ORD000606,2025-08-01,Cycle,Sports,North,1,6679.63,6679.63,1604.96
ORD002892,2025-08-01,Shoes,Clothing,North,5,3101.4,15507.0,3517.96
ORD011977,2025-08-01,Smartwatch,Electronics,North,6,42213.62,253281.72,29627.67
ORD010715,2025-08-01,Wardrobe,Furniture,West,2,17632.08,35264.16,5696.82
ORD012136,2025-08-01,Shoes,Clothing,South,1,3665.72,3665.72,779.33
ORD006220,2025-08-02,Shoes,Clothing,North,2,1153.04,2306.08,602.15
ORD010690,2025-08-02,Cooking Oil,Groceries,North,5,1327.9,6639.5,944.99
ORD008340,2025-08-02,Dumbbell Set,Sports,Central,1,918.54,918.54,210.36
ORD012283,2025-08-02,Shoes,Clothing,West,2,4349.84,8699.68,2180.61
ORD006123,2025-08-02,Jeans,Clothing,South,1,725.75,725.75,165.73
ORD010680,2025-08-02,Sofa,Furniture,Central,3,3755.48,11266.44,2605.28
ORD006882,2025-08-02,T-Shirt,Clothing,Central,1,562.44,562.44,249.97
ORD001954,2025-08-02,Tablet,Electronics,North,3,45014.87,135044.61,15802.41
ORD006194,2025-08-02,Jacket,Clothing,East,8,3851.84,108887.08,34063.58
ORD009426,2025-08-02,Bookshelf,Furniture,North,2,29313.5,58627.0,6367.38
ORD009935,2025-08-02,Smartwatch,Electronics,North,1,55082.08,55082.08,8506.94
ORD011550,2025-08-02,Shoes,Clothing,West,3,2435.98,7307.94,2301.96
ORD005266,2025-08-02,Cycle,Sports,South,1,11351.75,11351.75,3425.49
ORD006550,2025-08-02,Jacket,Clothing,West,2,1849.74,3699.48,1166.87
ORD001166,2025-08-02,Rice,Groceries,East,1,589.45,589.45,32.98
ORD007043,2025-08-02,Dress,Clothing,East,7,1178.49,8249.43,2588.12
ORD006683,2025-08-02,T-Shirt,Clothing,West,6,1795.9,10775.4,3828.32
ORD009310,2025-08-02,Smartphone,Electronics,Central,5,35152.43,175762.15,18700.68
ORD008020,2025-08-02,Wardrobe,Furniture,North,2,18365.16,36730.32,5824.85
ORD006046,2025-08-02,Laptop,Electronics,Central,4,27658.07,110632.28,12096.63
ORD011979,2025-08-02,Tablet,Electronics,North,2,51939.84,103879.68,10630.19
ORD002734,2025-08-02,Jeans,Clothing,South,1,3955.32,16146.34,6693.96
ORD011068,2025-08-02,Jacket,Clothing,North,2,1944.3,3888.6,1076.84
ORD002207,2025-08-02,Dairy Bundle,Groceries,North,6,1373.83,8242.98,941.2
ORD001368,2025-08-02,Dairy Bundle,Groceries,West,4,1891.18,7564.72,972.21
ORD011099,2025-08-02,Dress,Clothing,East,4,844.89,3379.56,1003.19
ORD012117,2025-08-02,Desk,Furniture,South,1,6691.76,30679.88,3960.91
ORD008949,2025-08-02,Sofa,Furniture,East,1,4937.32,4937.32,1139.62
ORD007256,2025-08-02,Dress,Clothing,North,2,4690.53,9381.06,3651.97
ORD009132,2025-08-02,Cooking Oil,Groceries,North,4,252.43,1009.72,145.34
ORD007165,2025-08-02,Dress,Clothing,South,1,1695.2,1695.2,403.63
ORD007996,2025-08-02,Jacket,Clothing,East,5,3160.01,15800.05,4714.26
ORD003364,2025-08-02,Wardrobe,Furniture,North,2,11446.05,22892.1,2597.23
ORD012478,2025-08-03,Rice,Groceries,West,1,1032.79,1032.79,90.96
ORD007656,2025-08-03,Snacks,Groceries,Central,6,1987.44,11924.64,1429.44
ORD009025,2025-08-03,Cycle,Sports,Central,3,945.92,2837.76,955.97
ORD008489,2025-08-03,Rice,Groceries,Central,6,564.05,3384.3,475.01
ORD008345,2025-08-03,Chair,Furniture,South,1,17251.27,17251.27,2996.75
ORD001688,2025-08-03,Rice,Groceries,West,2,1648.39,3296.78,421.34
ORD006816,2025-08-03,Dumbbell Set,Sports,West,1,3131.56,3131.56,545.13
ORD004056,2025-08-03,T-Shirt,Clothing,North,2,2648.21,5296.42,1463.42
ORD009612,2025-08-03,Sofa,Furniture,West,2,23086.42,46172.84,11279.83
ORD007485,2025-08-03,Dairy Bundle,Groceries,West,4,881.51,3526.04,388.87
ORD009621,2025-08-03,Sofa,Furniture,North,2,21135.94,42271.88,4338.98
ORD006437,2025-08-03,Cycle,Sports,South,1,5882.02,5882.02,970.95
ORD000320,2025-08-03,Dress,Clothing,Central,1,1565.44,1565.44,460.74
ORD000220,2025-08-03,Dumbbell Set,Sports,West,2,10740.51,21481.02,3571.64
ORD003825,2025-08-03,T-Shirt,Clothing,East,5,1802.07,9010.35,3135.17
ORD004605,2025-08-03,Headphones,Electronics,South,1,65017.27,65017.27,9750.14
ORD005797,2025-08-03,Bookshelf,Furniture,East,3,11412.47,34237.41,4935.26
ORD000659,2025-08-03,Badminton Kit,Sports,South,4,8132.84,32531.36,9639.62
ORD012008,2025-08-03,Snacks,Groceries,South,1,1773.47,1773.47,127.26
ORD005783,2025-08-03,Cooking Oil,Groceries,East,2,1635.89,3271.78,249.77
ORD011740,2025-08-03,Jeans,Clothing,Central,1,2391.7,2391.7,947.77
ORD007453,2025-08-03,Tablet,Electronics,East,2,59514.86,119029.72,21076.74
ORD004911,2025-08-03,Jeans,Clothing,East,4,3290.95,13163.8,5105.16
ORD001483,2025-08-03,Jacket,Clothing,South,2,4325.72,8651.44,3246.82
ORD011486,2025-08-03,Smartwatch,Electronics,East,3,46784.42,476542.21,86365.26
ORD002963,2025-08-03,Bookshelf,Furniture,Central,1,8872.72,8872.72,1842.28
ORD010525,2025-08-03,Rice,Groceries,West,2,1917.68,3835.36,200.73
ORD002080,2025-08-03,Cooking Oil,Groceries,Central,2,1919.5,3839.0,409.14
ORD006900,2025-08-03,Rice,Groceries,East,3,1826.45,5479.35,716.98
ORD005380,2025-08-03,Laptop,Electronics,South,1,32414.31,32414.31,5354.44
ORD007303,2025-08-03,Smartwatch,Electronics,South,3,63291.5,189874.5,34623.79
ORD003010,2025-08-03,Shoes,Clothing,South,2,2867.36,5734.72,1275.22
ORD002041,2025-08-03,Desk,Furniture,North,3,21385.92,64157.76,8661.29
ORD007525,2025-08-04,Wardrobe,Furniture,East,5,11942.65,59713.25,10410.96
ORD000108,2025-08-04,Running Shoes,Sports,North,4,10826.6,43306.4,8550.84
ORD008541,2025-08-04,Jeans,Clothing,East,2,2451.26,4902.52,1768.37
ORD006370,2025-08-04,Dumbbell Set,Sports,West,2,13886.05,27772.1,8321.02
ORD009753,2025-08-04,Dairy Bundle,Groceries,East,2,779.44,1558.88,78.1
ORD000833,2025-08-04,Desk,Furniture,East,3,29780.42,89341.26,20344.23
ORD006719,2025-08-04,Cooking Oil,Groceries,North,6,736.59,4419.54,565.06
ORD004748,2025-08-04,Jacket,Clothing,East,3,3341.23,10023.69,3168.17
ORD011209,2025-08-04,Shoes,Clothing,North,2,4969.76,9939.52,3588.84
ORD009039,2025-08-04,Jacket,Clothing,East,3,3155.15,9465.45,2793.36
ORD007249,2025-08-04,Bookshelf,Furniture,South,1,23450.24,23450.24,3911.36
ORD009340,2025-08-04,Snacks,Groceries,North,8,1399.1,11192.8,1452.62
ORD007719,2025-08-04,Desk,Furniture,West,5,24332.78,121663.9,12805.1
ORD007063,2025-08-04,Rice,Groceries,North,1,1380.13,1380.13,169.65
ORD007695,2025-08-04,Cooking Oil,Groceries,South,2,986.53,1973.06,275.8
ORD011046,2025-08-04,Spices Pack,Groceries,East,3,891.77,2675.31,344.92
ORD010122,2025-08-04,Dumbbell Set,Sports,North,4,14097.19,56388.76,17245.23
ORD006559,2025-08-04,Bookshelf,Furniture,West,3,11265.44,33796.32,6129.53
ORD010083,2025-08-04,Jeans,Clothing,North,2,2024.01,4048.02,1085.13
ORD005749,2025-08-04,T-Shirt,Clothing,West,3,550.7,1652.1,495.05
ORD001422,2025-08-04,Chair,Furniture,East,2,27715.94,55431.88,13449.95
ORD007493,2025-08-04,Smartwatch,Electronics,East,4,62777.72,251110.88,33730.98
ORD009233,2025-08-04,Jacket,Clothing,North,1,2057.8,2057.8,828.48
ORD004167,2025-08-04,Dress,Clothing,South,5,4074.46,20372.3,6273.68
ORD003993,2025-08-04,Running Shoes,Sports,West,5,6860.74,34303.7,10510.67
ORD012147,2025-08-04,Dress,Clothing,West,1,3209.84,3209.84,1047.69
ORD012005,2025-08-04,Dairy Bundle,Groceries,North,1,711.57,711.57,41.08
ORD008646,2025-08-04,Yoga Mat,Sports,North,4,6978.33,147074.36,45880.85
ORD007325,2025-08-04,Dress,Clothing,Central,1,4165.11,4165.11,1401.85
ORD002011,2025-08-04,Laptop,Electronics,West,2,37613.89,75227.78,8189.58
ORD006019,2025-08-05,Yoga Mat,Sports,Central,3,3954.8,11864.4,3799.2
ORD011417,2025-08-05,Smartwatch,Electronics,Central,1,35644.65,35644.65,5665.2
ORD007216,2025-08-05,Snacks,Groceries,North,2,1992.13,3984.26,556.72
ORD007464,2025-08-05,Bookshelf,Furniture,West,1,28202.4,28202.4,4757.4
ORD001259,2025-08-05,Dairy Bundle,Groceries,East,5,136.32,681.6,66.58
ORD007664,2025-08-05,Wardrobe,Furniture,North,2,20040.07,40080.14,5021.81
ORD007289,2025-08-05,Smartphone,Electronics,South,1,78958.91,78958.91,11261.12
ORD004571,2025-08-05,Dairy Bundle,Groceries,Central,1,869.33,869.33,60.71
ORD003913,2025-08-05,Rice,Groceries,North,2,958.11,1916.22,259.98
ORD010082,2025-08-05,Jacket,Clothing,Central,1,3471.29,3471.29,1373.68
ORD007038,2025-08-05,Dress,Clothing,West,4,986.63,3946.52,1413.25
ORD005538,2025-08-05,Wardrobe,Furniture,South,2,10406.36,20812.72,3739.35
ORD005200,2025-08-05,Smartphone,Electronics,South,2,44190.07,88380.14,12286.37
ORD000913,2025-08-05,Laptop,Electronics,West,2,54361.11,108722.22,15616.45
ORD000502,2025-08-05,Tablet,Electronics,North,3,70852.1,212556.3,35681.19
ORD003170,2025-08-05,Spices Pack,Groceries,Central,3,975.35,2926.05,230.07
ORD011998,2025-08-05,Cycle,Sports,South,2,2740.28,5480.56,1823.17
ORD003101,2025-08-05,Headphones,Electronics,South,2,58636.16,117272.32,15046.41
ORD000704,2025-08-05,Snacks,Groceries,East,4,1703.92,6815.68,889.9
ORD005514,2025-08-05,Dumbbell Set,Sports,West,4,2666.08,10664.32,2600.32
ORD007115,2025-08-05,Bookshelf,Furniture,West,2,2048.3,4096.6,469.67
ORD011440,2025-08-05,Smartphone,Electronics,Central,1,60184.35,60184.35,11989.78
ORD010239,2025-08-05,Dumbbell Set,Sports,East,2,8996.55,17993.1,4880.97
ORD009619,2025-08-05,Dress,Clothing,East,6,2770.3,16621.8,3901.74
ORD006734,2025-08-05,Smartwatch,Electronics,South,2,46152.74,92305.48,16726.94
ORD011307,2025-08-05,Badminton Kit,Sports,South,2,11728.23,23456.46,3520.86
ORD011807,2025-08-05,Cooking Oil,Groceries,East,1,1300.66,1300.66,79.4
ORD000002,2025-08-05,Yoga Mat,Sports,Central,1,11113.91,11113.91,2997.77
ORD004901,2025-08-05,Wardrobe,Furniture,Central,1,23976.72,23976.72,3117.01
ORD010382,2025-08-05,Cooking Oil,Groceries,North,3,992.33,2976.99,372.74
ORD001898,2025-08-05,Jeans,Clothing,West,2,452.48,904.96,330.02
ORD007959,2025-08-05,Dumbbell Set,Sports,Central,3,4310.93,12932.79,3429.13
ORD005343,2025-08-05,Snacks,Groceries,South,2,934.95,1869.9,149.19
ORD003030,2025-08-05,Sofa,Furniture,South,2,25709.98,51419.96,11558.76
ORD002583,2025-08-05,Snacks,Groceries,North,3,381.12,1143.36,169.75
ORD002307,2025-08-05,Jeans,Clothing,East,2,2585.02,5170.04,1174.91
ORD000448,2025-08-05,Bookshelf,Furniture,South,4,20706.38,82825.52,10829.24
ORD006403,2025-08-06,Running Shoes,Sports,North,4,12347.73,49390.92,15557.62
ORD003085,2025-08-06,Bookshelf,Furniture,South,6,3565.94,21395.64,2595.87
ORD010007,2025-08-06,Chair,Furniture,East,2,5805.41,11610.82,1718.01
ORD008707,2025-08-06,Chair,Furniture,East,2,6552.81,13105.62,1762.81
ORD007191,2025-08-06,Cooking Oil,Groceries,West,1,1877.74,1877.74,203.95
ORD011336,2025-08-06,Wardrobe,Furniture,South,5,29162.85,145814.25,31658.92
ORD000480,2025-08-06,Snacks,Groceries,South,1,415.94,415.94,51.49
ORD004757,2025-08-06,Cooking Oil,Groceries,West,1,244.16,244.16,29.26
ORD001116,2025-08-06,Snacks,Groceries,North,2,1512.07,3024.14,165.77
ORD006272,2025-08-06,Dress,Clothing,North,3,4745.47,14236.41,3622.2
ORD010531,2025-08-06,T-Shirt,Clothing,South,2,2359.07,4718.14,1498.5
ORD011930,2025-08-06,Bookshelf,Furniture,South,1,7028.21,7028.21,927.92
ORD006761,2025-08-06,Smartwatch,Electronics,Central,1,37616.93,37616.93,4107.93
ORD001194,2025-08-06,Bookshelf,Furniture,West,1,12392.83,12392.83,2356.63
ORD003645,2025-08-06,Dairy Bundle,Groceries,South,4,1902.01,7608.04,1021.35
ORD001203,2025-08-06,Rice,Groceries,South,3,1386.53,4159.59,459.96
ORD004317,2025-08-06,Shoes,Clothing,North,1,463.56,1408.94,425.94
ORD008550,2025-08-06,Cycle,Sports,Central,6,5343.01,32058.06,5038.3
ORD001537,2025-08-06,Desk,Furniture,South,1,10761.41,10761.41,1513.75
ORD002160,2025-08-06,T-Shirt,Clothing,South,2,2205.49,4410.98,1451.52
ORD012014,2025-08-06,Yoga Mat,Sports,Central,4,14332.5,57330.0,9897.62
ORD002102,2025-08-06,Dress,Clothing,East,1,890.08,890.08,392.41
ORD004349,2025-08-06,Dairy Bundle,Groceries,West,1,1929.45,1929.45,210.21
ORD003636,2025-08-06,Cooking Oil,Groceries,East,4,709.35,2837.4,415.37
ORD002768,2025-08-06,Bookshelf,Furniture,Central,1,6573.92,6573.92,760.25
ORD002250,2025-08-06,Dress,Clothing,East,3,1528.27,4584.81,1397.33
ORD011656,2025-08-06,Snacks,Groceries,North,2,205.6,411.2,50.04
ORD007068,2025-08-06,Snacks,Groceries,North,2,1439.17,2878.34,232.81
ORD000082,2025-08-06,Chair,Furniture,North,1,19738.83,19738.83,3560.22
ORD010451,2025-08-06,Desk,Furniture,North,2,25253.36,50506.72,6168.01
ORD009270,2025-08-06,Bookshelf,Furniture,West,3,10201.36,30604.08,6416.75
ORD006909,2025-08-06,Tablet,Electronics,North,2,26647.89,53295.78,7386.83
ORD007489,2025-08-06,Dairy Bundle,Groceries,West,3,1134.69,3404.07,240.07
ORD001981,2025-08-06,Shoes,Clothing,West,3,2997.56,8992.68,2681.83
ORD004828,2025-08-06,T-Shirt,Clothing,West,3,2741.41,8224.23,2801.77
ORD001793,2025-08-07,Jacket,Clothing,Central,2,2211.98,4423.96,1247.81
ORD003011,2025-08-07,Yoga Mat,Sports,South,2,6560.77,13121.54,4207.51
ORD010754,2025-08-07,Dairy Bundle,Groceries,West,1,1780.97,1780.97,212.2
ORD007753,2025-08-07,Jeans,Clothing,South,2,3415.17,6830.34,2807.84
ORD009975,2025-08-07,Chair,Furniture,North,1,15498.27,15498.27,2627.35
ORD009450,2025-08-07,Tablet,Electronics,East,2,16190.84,32381.68,4443.94
ORD003108,2025-08-07,Running Shoes,Sports,West,3,11706.18,35118.54,10909.02
ORD001063,2025-08-07,Headphones,Electronics,East,3,78855.94,236567.82,37886.43
ORD003090,2025-08-07,Rice,Groceries,West,5,475.61,2378.05,194.72
ORD001419,2025-08-07,Cycle,Sports,North,3,14902.2,44706.6,7107.56
ORD006243,2025-08-07,Chair,Furniture,North,3,22687.17,68061.51,8965.69
ORD012293,2025-08-07,Laptop,Electronics,Central,5,25386.78,126933.9,20908.18
ORD009487,2025-08-07,Wardrobe,Furniture,West,3,21184.51,63553.53,13069.12
ORD000203,2025-08-07,Headphones,Electronics,West,3,31043.57,93130.71,17458.54
ORD004548,2025-08-07,Desk,Furniture,Central,1,16370.16,16370.16,3778.49
ORD008329,2025-08-07,Sofa,Furniture,North,3,17826.34,53479.02,5395.5
ORD001541,2025-08-07,Rice,Groceries,West,5,1499.42,7497.1,1036.84
ORD010338,2025-08-07,Running Shoes,Sports,Central,2,12795.28,25590.56,4611.93
ORD001904,2025-08-07,Dress,Clothing,East,2,2326.8,4653.6,1335.02
ORD011128,2025-08-07,Cycle,Sports,North,5,2056.51,10282.55,1641.12
ORD007561,2025-08-07,Jacket,Clothing,Central,6,2974.52,17847.12,3728.6
ORD004892,2025-08-07,Spices Pack,Groceries,West,1,1421.72,1421.72,204.43
ORD011399,2025-08-07,Cooking Oil,Groceries,Central,3,958.58,2875.74,146.39
ORD007518,2025-08-07,Yoga Mat,Sports,East,3,9331.68,27995.04,8719.42
ORD008118,2025-08-07,Dress,Clothing,Central,3,3658.13,10974.39,3717.81
ORD010369,2025-08-07,Badminton Kit,Sports,North,3,7062.04,21186.12,3333.62
ORD009775,2025-08-07,Cycle,Sports,Central,2,13341.19,26682.38,8032.3
ORD004438,2025-08-07,Badminton Kit,Sports,East,2,13907.44,27814.88,4798.09
ORD001675,2025-08-07,Desk,Furniture,East,2,10787.15,21574.3,2938.96
ORD011341,2025-08-07,Dumbbell Set,Sports,Central,3,13172.38,39517.14,7155.21
ORD001469,2025-08-07,Badminton Kit,Sports,East,2,11819.16,23638.32,6305.63
ORD011528,2025-08-07,Chair,Furniture,East,1,5924.38,5924.38,910.96
ORD002137,2025-08-07,Yoga Mat,Sports,West,4,2695.77,10783.08,2647.07
ORD008468,2025-08-08,Rice,Groceries,Central,3,416.82,1250.46,119.2
ORD003448,2025-08-08,Tablet,Electronics,North,7,43405.13,303835.91,56983.92
ORD011840,2025-08-08,Dress,Clothing,Central,4,4402.5,17610.0,3708.84
ORD003899,2025-08-08,Shoes,Clothing,West,6,4703.21,28219.26,6804.55
ORD007374,2025-08-08,Headphones,Electronics,Central,3,40925.59,122776.77,17939.32
ORD010931,2025-08-08,Snacks,Groceries,West,2,1338.03,2676.06,296.9
ORD007318,2025-08-08,Dumbbell Set,Sports,East,1,9238.18,9238.18,1726.68
ORD012143,2025-08-08,Bookshelf,Furniture,Central,1,13264.72,13264.72,2150.21
ORD011962,2025-08-08,Cycle,Sports,North,3,6238.49,18715.47,6139.2
ORD002713,2025-08-08,Smartphone,Electronics,Central,2,40019.32,80038.64,11940.6
ORD004871,2025-08-08,Dress,Clothing,West,1,343.92,343.92,71.62
ORD001794,2025-08-08,Smartphone,Electronics,West,2,40687.27,81374.54,13955.22
ORD007396,2025-08-08,Wardrobe,Furniture,East,1,14756.87,14756.87,2279.94
ORD005687,2025-08-08,Shoes,Clothing,West,3,4051.64,12154.92,3746.98
ORD008293,2025-08-08,Running Shoes,Sports,North,2,5927.89,11855.78,3790.69
ORD011338,2025-08-08,Desk,Furniture,South,5,13321.13,66605.65,11555.73
ORD007654,2025-08-08,Cycle,Sports,West,2,9252.23,18504.46,6222.03
ORD001641,2025-08-08,Running Shoes,Sports,East,2,7043.76,14087.52,2629.98
ORD008619,2025-08-08,Rice,Groceries,East,2,510.04,1020.08,92.24
ORD012428,2025-08-08,Spices Pack,Groceries,North,1,730.82,730.82,54.35
ORD005763,2025-08-08,Badminton Kit,Sports,Central,1,8770.6,8770.6,2642.54
ORD002580,2025-08-08,Jeans,Clothing,East,3,2528.54,7585.62,1945.31
ORD009282,2025-08-08,Snacks,Groceries,Central,3,321.94,965.82,84.39
ORD003294,2025-08-08,Cycle,Sports,North,2,7325.16,14650.32,2341.56
ORD012170,2025-08-08,Jacket,Clothing,North,4,3276.29,13105.16,4706.7
ORD012444,2025-08-08,Wardrobe,Furniture,Central,4,8435.49,33741.96,3417.04
ORD009985,2025-08-08,Dairy Bundle,Groceries,North,3,1285.34,3856.02,461.09
ORD012377,2025-08-08,Wardrobe,Furniture,West,2,12682.58,25365.16,3205.55
ORD004801,2025-08-08,Yoga Mat,Sports,Central,3,778.01,2334.03,710.71
ORD007635,2025-08-08,T-Shirt,Clothing,East,3,1399.09,4197.27,923.31
ORD010388,2025-08-08,Chair,Furniture,West,2,25593.56,51187.12,12742.76
ORD009172,2025-08-08,Shoes,Clothing,East,3,4107.6,12322.8,4829.32
ORD005071,2025-08-08,Spices Pack,Groceries,Central,2,160.53,321.06,31.12
ORD004374,2025-08-08,Badminton Kit,Sports,West,1,2668.47,2668.47,455.69
ORD010719,2025-08-08,T-Shirt,Clothing,West,5,2859.37,14296.85,5736.53
ORD012439,2025-08-08,Jacket,Clothing,South,6,4912.06,29472.36,6670.13
ORD004373,2025-08-08,Shoes,Clothing,West,4,2727.77,10911.08,3559.03
ORD003964,2025-08-09,Badminton Kit,Sports,Central,2,12873.52,25747.04,8308.53
ORD004102,2025-08-09,Rice,Groceries,Central,3,1880.2,5640.6,494.82
ORD000076,2025-08-09,Jacket,Clothing,South,4,4568.85,18275.4,4749.6
ORD002958,2025-08-09,Yoga Mat,Sports,North,1,8000.45,8000.45,1334.82
ORD010017,2025-08-09,Jeans,Clothing,South,4,3703.87,14815.48,4391.53
ORD004024,2025-08-09,Snacks,Groceries,Central,2,1444.29,2888.58,153.43
ORD000934,2025-08-09,Shoes,Clothing,South,8,502.92,4023.36,970.45
ORD011076,2025-08-09,Yoga Mat,Sports,South,3,9636.06,28908.18,8479.05
ORD000071,2025-08-09,Dumbbell Set,Sports,East,1,14455.49,14455.49,2896.25
ORD007067,2025-08-09,Chair,Furniture,Central,4,14139.21,56556.84,9618.97
ORD005214,2025-08-09,Cooking Oil,Groceries,North,1,714.86,714.86,95.7
ORD007643,2025-08-09,Smartwatch,Electronics,South,2,46622.99,93245.98,15763.34
ORD004472,2025-08-09,Headphones,Electronics,Central,3,70177.54,210532.62,40319.38
ORD007267,2025-08-09,Dumbbell Set,Sports,South,3,1369.7,4109.1,1017.38
ORD011497,2025-08-09,Rice,Groceries,Central,2,106.87,213.74,13.03
ORD006207,2025-08-09,Yoga Mat,Sports,East,3,3602.45,10807.35,3722.14
ORD005799,2025-08-09,Spices Pack,Groceries,West,4,1078.46,4313.84,272.09
ORD002923,2025-08-09,Bookshelf,Furniture,South,2,26458.96,52917.92,7168.86
ORD000912,2025-08-09,Chair,Furniture,East,2,19220.36,38440.72,8310.69
ORD012244,2025-08-09,Badminton Kit,Sports,North,2,3690.98,7381.96,2382.7
ORD011395,2025-08-09,Jacket,Clothing,West,1,3523.0,3523.0,1520.75
ORD002870,2025-08-09,Bookshelf,Furniture,Central,1,3092.18,3092.18,520.52
ORD003395,2025-08-09,Cycle,Sports,North,1,12833.41,12833.41,3338.09
ORD009408,2025-08-09,T-Shirt,Clothing,North,4,2614.48,10457.92,2315.03
ORD012354,2025-08-09,Cooking Oil,Groceries,South,1,1487.95,1487.95,182.15
ORD000224,2025-08-09,Yoga Mat,Sports,East,1,14797.02,14797.02,4449.1
ORD006453,2025-08-09,Desk,Furniture,North,1,26188.27,26188.27,4960.97
ORD000441,2025-08-09,Dress,Clothing,East,4,1386.05,5544.2,2040.12
ORD012328,2025-08-09,Running Shoes,Sports,South,2,8672.27,17344.54,3212.31
ORD000207,2025-08-09,Smartwatch,Electronics,South,2,76443.71,152887.42,22751.57
ORD004677,2025-08-09,Jacket,Clothing,South,8,4419.18,35353.44,8852.99
ORD009373,2025-08-09,Cycle,Sports,East,2,869.95,1739.9,574.11
ORD003202,2025-08-09,Spices Pack,Groceries,South,2,486.67,973.34,133.67
ORD006990,2025-08-09,Rice,Groceries,West,1,117.49,117.49,8.23
ORD001866,2025-08-09,Sofa,Furniture,Central,2,6213.22,12426.44,3047.11
ORD001214,2025-08-09,Jeans,Clothing,West,1,845.85,845.85,371.31
ORD008623,2025-08-10,Sofa,Furniture,Central,1,16162.7,16162.7,3085.68
ORD001403,2025-08-10,Wardrobe,Furniture,East,1,16600.87,16600.87,4093.71
ORD003245,2025-08-10,Laptop,Electronics,West,7,38554.79,269883.53,44736.85
ORD011996,2025-08-10,Rice,Groceries,Central,5,494.02,2470.1,224.54
ORD008798,2025-08-10,Dumbbell Set,Sports,West,1,11845.37,11845.37,3453.85
ORD007592,2025-08-10,Dairy Bundle,Groceries,North,2,1571.97,3143.94,318.75
ORD008001,2025-08-10,Headphones,Electronics,East,1,8316.92,8316.92,665.68
ORD011425,2025-08-10,Desk,Furniture,East,1,13573.58,13573.58,2494.0
ORD008830,2025-08-10,Headphones,Electronics,South,3,13837.39,41512.17,7875.18
ORD011665,2025-08-10,Laptop,Electronics,East,4,53431.36,213725.44,27823.7
ORD010764,2025-08-10,Jacket,Clothing,West,1,3131.53,3131.53,1292.25
ORD003628,2025-08-10,Snacks,Groceries,East,2,709.26,1418.52,149.28
ORD005621,2025-08-10,Wardrobe,Furniture,Central,3,8467.06,25401.18,5871.17
ORD007522,2025-08-10,Jeans,Clothing,South,3,1045.41,3136.23,1130.37
ORD009597,2025-08-10,Jeans,Clothing,West,2,2844.12,5688.24,1523.55
ORD003253,2025-08-10,Dumbbell Set,Sports,Central,3,1729.11,5187.33,1615.98
ORD009604,2025-08-10,Spices Pack,Groceries,North,1,1911.05,1911.05,283.88
ORD011223,2025-08-10,Headphones,Electronics,East,2,73098.13,146196.26,15823.85
ORD004632,2025-08-10,Chair,Furniture,Central,2,21246.92,42493.84,8285.98
ORD005417,2025-08-10,Bookshelf,Furniture,West,3,12174.99,36524.97,5051.92
ORD001540,2025-08-10,Snacks,Groceries,Central,4,394.17,1576.68,227.79
ORD008407,2025-08-10,Chair,Furniture,East,1,27364.1,27364.1,4267.15
ORD007078,2025-08-10,Shoes,Clothing,East,8,3856.03,30848.24,12589.86
ORD002708,2025-08-10,Headphones,Electronics,West,1,11549.2,11549.2,1459.29
ORD002690,2025-08-10,Headphones,Electronics,West,4,66318.47,265273.88,28807.35
ORD000210,2025-08-10,Laptop,Electronics,North,1,56421.33,56421.33,9607.7
ORD006455,2025-08-10,Cooking Oil,Groceries,Central,4,1593.99,6375.96,886.33
ORD001232,2025-08-10,Shoes,Clothing,East,3,3230.01,9690.03,3317.33
ORD004313,2025-08-10,Dumbbell Set,Sports,Central,4,795.82,3183.28,862.34
ORD001301,2025-08-10,Tablet,Electronics,West,4,53328.15,213312.6,18455.77
ORD011587,2025-08-10,Wardrobe,Furniture,East,1,22741.11,22741.11,4929.63
ORD005189,2025-08-10,Yoga Mat,Sports,North,2,3086.77,6173.54,1559.52
ORD004638,2025-08-10,Sofa,Furniture,South,2,22145.17,44290.34,6662.37
ORD011782,2025-08-10,Dairy Bundle,Groceries,East,4,837.14,3348.56,473.46
ORD001829,2025-08-10,Desk,Furniture,West,5,11531.52,57657.6,10181.59
ORD005215,2025-08-10,Smartwatch,Electronics,East,1,15457.51,15457.51,2790.51
ORD008506,2025-08-11,Laptop,Electronics,West,2,74833.66,149667.32,26287.12
ORD004832,2025-08-11,T-Shirt,Clothing,Central,4,1533.99,6135.96,1287.41
ORD007174,2025-08-11,Cycle,Sports,North,1,2680.02,2680.02,629.01
ORD003570,2025-08-11,T-Shirt,Clothing,Central,3,3444.55,10333.65,2392.97
ORD006972,2025-08-11,Headphones,Electronics,North,4,14731.45,58925.8,6205.2
ORD009813,2025-08-11,Jeans,Clothing,West,6,1174.67,7048.02,1920.16
ORD011897,2025-08-11,Cycle,Sports,North,3,6426.33,19278.99,5667.79
ORD005872,2025-08-11,Snacks,Groceries,Central,4,684.18,2736.72,406.39
ORD006574,2025-08-11,Dress,Clothing,East,3,4738.36,14215.08,5013.48
ORD001101,2025-08-11,Jacket,Clothing,South,1,4890.96,4890.96,1113.57
ORD006345,2025-08-11,T-Shirt,Clothing,North,1,3508.96,3508.96,1076.55
ORD005351,2025-08-11,Sofa,Furniture,Central,2,7162.31,14324.62,2384.5
ORD007265,2025-08-11,T-Shirt,Clothing,South,3,4183.89,12551.67,3929.11
ORD009926,2025-08-11,T-Shirt,Clothing,South,2,2144.07,4288.14,1116.02
ORD010324,2025-08-11,Yoga Mat,Sports,East,2,1419.33,2838.66,595.38
ORD006150,2025-08-11,Cycle,Sports,East,1,1887.2,1887.2,427.61
ORD009506,2025-08-11,Yoga Mat,Sports,South,2,11452.46,22904.92,6739.86
ORD009397,2025-08-11,Yoga Mat,Sports,North,2,11177.65,22355.3,7680.33
ORD012246,2025-08-11,Laptop,Electronics,South,3,51013.37,153040.11,12373.35
ORD001052,2025-08-11,Jeans,Clothing,Central,1,1042.39,1042.39,389.83
ORD010578,2025-08-11,Rice,Groceries,North,4,525.17,2100.68,217.45
ORD005688,2025-08-11,Headphones,Electronics,East,1,74061.78,74061.78,9925.38
ORD001315,2025-08-11,Running Shoes,Sports,North,2,7660.3,51324.54,11677.86
ORD008233,2025-08-11,Cooking Oil,Groceries,East,2,526.51,1053.02,59.86
ORD009657,2025-08-11,Spices Pack,Groceries,East,2,517.96,1035.92,86.76
ORD000165,2025-08-11,Jeans,Clothing,North,7,2272.12,15904.84,4166.0
ORD006064,2025-08-11,Sofa,Furniture,Central,2,9541.99,19083.98,4739.72
ORD007828,2025-08-11,Smartwatch,Electronics,South,4,60495.44,241981.76,26673.41
ORD003183,2025-08-11,Shoes,Clothing,Central,2,2440.69,4881.38,1686.69
ORD003990,2025-08-11,Jacket,Clothing,North,1,3739.01,3739.01,1410.71
ORD002101,2025-08-11,T-Shirt,Clothing,Central,3,4294.81,12884.43,3209.01
ORD002646,2025-08-11,Smartphone,Electronics,East,3,28291.4,84874.2,8667.03
ORD010663,2025-08-11,Yoga Mat,Sports,East,1,10620.42,10620.42,2720.65
ORD002401,2025-08-11,Dress,Clothing,West,2,882.08,1764.16,383.94
ORD002738,2025-08-11,Badminton Kit,Sports,South,4,642.5,2570.0,595.82
ORD002040,2025-08-11,Dumbbell Set,Sports,North,1,11644.43,11644.43,2273.63
ORD010258,2025-08-11,Dairy Bundle,Groceries,South,4,1252.69,5010.76,455.94
ORD009362,2025-08-11,Cooking Oil,Groceries,Central,7,1965.38,13757.66,1797.5
ORD001606,2025-08-11,Running Shoes,Sports,Central,7,2825.3,19777.1,5631.12
ORD009555,2025-08-11,Cycle,Sports,West,2,14732.5,29465.0,8101.7
ORD005111,2025-08-11,Dress,Clothing,North,2,3491.04,6982.08,2662.09
ORD000109,2025-08-11,Dress,Clothing,South,1,1829.38,1829.38,707.28
ORD011288,2025-08-12,Yoga Mat,Sports,South,3,4542.89,13628.67,2921.43
ORD003985,2025-08-12,Rice,Groceries,West,5,898.64,4493.2,626.85
ORD005998,2025-08-12,Headphones,Electronics,East,1,78389.53,78389.53,6314.85
ORD009163,2025-08-12,Dairy Bundle,Groceries,West,1,588.24,588.24,47.48
ORD007264,2025-08-12,T-Shirt,Clothing,East,1,2179.34,2179.34,632.45
ORD004992,2025-08-12,Rice,Groceries,Central,2,692.8,1385.6,195.35
ORD000094,2025-08-12,Cooking Oil,Groceries,East,2,1652.72,3305.44,348.79
ORD003155,2025-08-12,Wardrobe,Furniture,North,1,16726.5,16726.5,3701.91
ORD010545,2025-08-12,Dress,Clothing,Central,4,2489.88,9959.52,3651.1
ORD004214,2025-08-12,Desk,Furniture,West,1,5272.61,5272.61,1306.97
ORD007855,2025-08-12,Cycle,Sports,East,1,9041.37,32475.11,8441.48
ORD002100,2025-08-12,Bookshelf,Furniture,South,3,14404.94,43214.82,8321.7
ORD001548,2025-08-12,Dumbbell Set,Sports,South,6,3233.84,19403.04,5520.01
ORD007206,2025-08-12,Cycle,Sports,South,2,8541.42,17082.84,5295.1
ORD012012,2025-08-12,Headphones,Electronics,East,2,70935.28,141870.56,21878.32
ORD007591,2025-08-12,Jacket,Clothing,West,1,853.08,853.08,208.12
ORD009732,2025-08-12,Dress,Clothing,Central,3,3666.58,10999.74,3879.96
ORD008253,2025-08-12,Smartphone,Electronics,West,1,25209.85,25209.85,3133.12
ORD003770,2025-08-12,Dumbbell Set,Sports,North,2,6367.48,12734.96,2912.95
ORD010112,2025-08-12,Jacket,Clothing,West,4,3222.57,12890.28,5211.84
ORD006937,2025-08-12,Yoga Mat,Sports,South,2,9826.09,19652.18,6415.31
ORD011471,2025-08-12,Chair,Furniture,West,1,11066.92,11066.92,2078.8
ORD003265,2025-08-12,Cycle,Sports,South,1,5797.82,5797.82,1845.58
ORD003555,2025-08-12,Cycle,Sports,South,1,13281.54,13281.54,3097.03
ORD005375,2025-08-12,Spices Pack,Groceries,North,3,957.04,2871.12,147.97
ORD009333,2025-08-12,Cycle,Sports,Central,1,2279.72,2279.72,588.22
ORD008713,2025-08-12,Dress,Clothing,Central,3,2044.61,6133.83,1261.36
ORD006015,2025-08-12,Wardrobe,Furniture,South,6,14540.96,87245.76,12771.94
ORD011541,2025-08-12,Dairy Bundle,Groceries,Central,2,1269.67,2539.34,327.38
ORD001439,2025-08-12,Bookshelf,Furniture,Central,2,15931.12,31862.24,4164.46
ORD009254,2025-08-12,Jeans,Clothing,Central,2,2876.61,5753.22,1926.61
ORD003640,2025-08-12,Dumbbell Set,Sports,Central,2,11496.58,22993.16,6235.81
ORD010218,2025-08-12,Dress,Clothing,Central,1,3163.46,3163.46,1114.73
ORD010890,2025-08-13,Chair,Furniture,North,1,7107.95,7107.95,734.35
ORD009602,2025-08-13,Cycle,Sports,East,2,13047.88,26095.76,4141.23
ORD009692,2025-08-13,Cycle,Sports,South,1,13573.84,13573.84,3517.37
ORD011210,2025-08-13,Jacket,Clothing,North,1,2967.22,2967.22,975.68
ORD009934,2025-08-13,Sofa,Furniture,North,3,12110.54,36331.62,6607.51
ORD011569,2025-08-13,Spices Pack,Groceries,West,4,446.75,1787.0,239.59
ORD008242,2025-08-13,Sofa,Furniture,South,2,3100.95,6201.9,1021.86
ORD010746,2025-08-13,Badminton Kit,Sports,West,1,10211.35,10211.35,3123.38
ORD011752,2025-08-13,Headphones,Electronics,South,3,60725.19,182175.57,31540.3
ORD011464,2025-08-13,Chair,Furniture,North,2,6739.41,13478.82,2351.12
ORD010735,2025-08-13,Headphones,Electronics,West,1,60478.66,60478.66,7938.35
ORD007943,2025-08-13,Rice,Groceries,Central,6,1525.16,9150.96,644.64
ORD009930,2025-08-13,Tablet,Electronics,Central,3,76742.26,230226.78,38202.96
ORD011488,2025-08-13,Badminton Kit,Sports,North,4,10897.02,43588.08,15063.1
ORD011943,2025-08-13,Wardrobe,Furniture,North,3,6544.62,19633.86,4566.5
ORD009823,2025-08-13,Spices Pack,Groceries,Central,1,1410.01,1410.01,204.67
ORD012500,2025-08-13,Dairy Bundle,Groceries,West,2,1310.84,9347.4,1357.09
ORD001640,2025-08-13,Dairy Bundle,Groceries,South,8,733.89,5871.12,758.29
ORD007272,2025-08-13,Dumbbell Set,Sports,North,1,3161.66,3161.66,654.39
ORD007002,2025-08-13,Headphones,Electronics,West,2,54942.11,109884.22,15211.59
ORD006412,2025-08-13,Bookshelf,Furniture,South,2,6050.34,12100.68,2319.48
ORD006397,2025-08-13,Tablet,Electronics,Central,1,64993.32,64993.32,12650.93
ORD007469,2025-08-13,Tablet,Electronics,North,5,63681.42,318407.1,57525.25
ORD002372,2025-08-13,Headphones,Electronics,Central,2,10562.5,21125.0,4210.63
ORD002597,2025-08-13,Badminton Kit,Sports,North,2,11597.09,23194.18,7790.48
ORD004989,2025-08-13,Tablet,Electronics,South,4,42944.83,171779.32,30855.22
ORD004793,2025-08-13,Jacket,Clothing,North,4,4735.81,18943.24,7597.2
ORD001257,2025-08-13,Jeans,Clothing,South,3,2407.1,7221.3,2365.76
ORD007697,2025-08-13,Wardrobe,Furniture,South,3,10156.48,30469.44,6742.52
ORD003122,2025-08-13,Sofa,Furniture,Central,3,17235.53,51706.59,10914.04
ORD005455,2025-08-13,Spices Pack,Groceries,North,4,1700.12,6800.48,496.44
ORD000339,2025-08-14,Smartphone,Electronics,North,2,16066.8,32133.6,4104.83
ORD003996,2025-08-14,Smartwatch,Electronics,Central,1,55143.85,55143.85,5923.06
ORD012205,2025-08-14,Smartphone,Electronics,East,5,37529.93,187649.65,20648.86
ORD010579,2025-08-14,Cycle,Sports,West,2,8656.58,17313.16,5021.27
ORD001563,2025-08-14,Bookshelf,Furniture,West,3,22516.54,67549.62,12902.64
ORD006790,2025-08-14,Headphones,Electronics,East,2,77743.73,155487.46,24980.28
ORD012097,2025-08-14,Laptop,Electronics,South,1,38912.68,38912.68,3539.63
ORD009094,2025-08-14,Jeans,Clothing,South,1,608.75,608.75,236.74
ORD008737,2025-08-14,Dumbbell Set,Sports,West,3,7387.74,22163.22,5046.4
ORD002459,2025-08-14,Smartwatch,Electronics,East,3,31604.35,94813.05,11818.43
ORD007123,2025-08-14,Cycle,Sports,South,2,11500.77,23001.54,3899.13
ORD004869,2025-08-14,Desk,Furniture,East,3,21218.26,63654.78,6540.74
ORD010639,2025-08-14,Snacks,Groceries,Central,2,1142.57,2285.14,250.21
ORD000915,2025-08-14,Snacks,Groceries,South,1,1617.56,1617.56,128.24
ORD009585,2025-08-14,Desk,Furniture,North,1,3925.58,3925.58,858.98
ORD002816,2025-08-14,Laptop,Electronics,Central,3,62478.55,187435.65,28095.14
ORD001992,2025-08-14,Smartphone,Electronics,Central,3,24150.94,72452.82,7761.83
ORD006821,2025-08-14,Jacket,Clothing,West,5,2709.86,13549.3,4321.04
ORD010073,2025-08-14,Yoga Mat,Sports,South,2,9953.87,19907.74,5379.59
ORD002311,2025-08-14,Running Shoes,Sports,Central,1,12929.85,12929.85,3916.84
ORD003516,2025-08-14,Dress,Clothing,West,1,3433.53,3433.53,930.73
ORD005512,2025-08-14,Tablet,Electronics,South,1,73294.84,73294.84,10124.71
ORD005483,2025-08-14,Headphones,Electronics,East,1,72184.76,72184.76,7211.64
ORD006493,2025-08-14,Jacket,Clothing,East,2,1916.61,3833.22,1636.91
ORD010501,2025-08-14,Yoga Mat,Sports,West,2,11701.28,23402.56,5762.39
ORD007335,2025-08-14,Tablet,Electronics,West,4,54707.98,218831.92,27753.03
ORD009275,2025-08-14,Cycle,Sports,Central,2,12904.28,25808.56,4130.24
ORD002218,2025-08-14,Running Shoes,Sports,West,3,1554.66,4663.98,961.34
ORD005523,2025-08-14,Bookshelf,Furniture,South,4,12314.49,49257.96,10194.14
ORD011772,2025-08-14,Snacks,Groceries,East,1,789.19,789.19,115.09
ORD005319,2025-08-14,Snacks,Groceries,West,6,943.5,5661.0,710.51
ORD003366,2025-08-14,Shoes,Clothing,South,2,2460.27,4920.54,1259.17
ORD009230,2025-08-14,Chair,Furniture,Central,5,15125.03,75625.15,13227.55
ORD003812,2025-08-14,Jeans,Clothing,South,2,1039.01,2078.02,774.39
ORD009209,2025-08-14,Yoga Mat,Sports,East,3,3650.54,10951.62,3462.92
ORD010148,2025-08-14,Headphones,Electronics,West,3,31468.51,94405.53,9327.33
ORD000057,2025-08-15,Bookshelf,Furniture,South,3,28031.53,84094.59,18603.24
ORD000862,2025-08-15,Smartphone,Electronics,West,1,29835.81,29835.81,2748.64
ORD009680,2025-08-15,Smartphone,Electronics,North,4,31245.92,124983.68,11320.84
ORD011242,2025-08-15,Running Shoes,Sports,South,2,12035.84,24071.68,3788.09
ORD009156,2025-08-15,Jacket,Clothing,Central,2,2007.9,4015.8,1665.63
ORD000613,2025-08-15,Desk,Furniture,East,4,13752.36,55009.44,10769.69
ORD006641,2025-08-15,Badminton Kit,Sports,Central,1,11687.47,11687.47,1904.28
ORD005630,2025-08-15,Dumbbell Set,Sports,North,6,13489.08,80934.48,16585.69
ORD009726,2025-08-15,Badminton Kit,Sports,West,2,6068.22,12136.44,3333.3
ORD009441,2025-08-15,Desk,Furniture,Central,1,2141.88,2141.88,345.44
ORD005412,2025-08-15,Dairy Bundle,Groceries,South,5,1913.81,9569.05,601.49
ORD005409,2025-08-15,Shoes,Clothing,West,2,4481.76,8963.52,3362.01
ORD000077,2025-08-15,Dress,Clothing,West,3,981.01,2943.03,948.72
ORD005193,2025-08-15,Chair,Furniture,West,6,27016.42,162098.52,20930.63
ORD001348,2025-08-15,Running Shoes,Sports,North,1,14470.74,78413.19,19901.77
ORD006598,2025-08-15,Headphones,Electronics,South,1,48225.06,48225.06,8776.82
ORD011592,2025-08-15,Badminton Kit,Sports,North,1,2848.75,2848.75,528.74
ORD001703,2025-08-15,Badminton Kit,Sports,South,1,11348.67,11348.67,3533.22
ORD000937,2025-08-15,Dairy Bundle,Groceries,East,4,1061.12,4244.48,569.06
ORD007670,2025-08-15,Cycle,Sports,Central,1,7309.9,7309.9,1208.48
ORD003019,2025-08-15,Dairy Bundle,Groceries,Central,1,1455.95,1455.95,200.0
ORD001903,2025-08-15,Smartphone,Electronics,Central,3,26696.3,80088.9,15726.8
ORD011010,2025-08-15,Wardrobe,Furniture,East,5,28881.63,144408.15,20328.2
ORD004491,2025-08-15,Badminton Kit,Sports,North,1,11445.65,11445.65,3201.79
ORD002943,2025-08-15,Dumbbell Set,Sports,Central,3,7462.66,22387.98,5533.8
ORD004399,2025-08-15,Wardrobe,Furniture,East,2,5835.07,11670.14,2054.13
ORD003543,2025-08-15,Jacket,Clothing,East,5,3346.08,16730.4,3422.87
ORD003044,2025-08-15,Cooking Oil,Groceries,South,4,1543.09,6172.36,435.76
ORD007197,2025-08-15,Laptop,Electronics,North,3,14295.15,42885.45,6676.86
ORD000130,2025-08-15,Cycle,Sports,West,1,8765.89,8765.89,1485.25
ORD008534,2025-08-15,Snacks,Groceries,East,2,1137.57,2275.14,331.67
ORD004457,2025-08-15,Jeans,Clothing,East,6,4400.58,26403.48,6704.11
ORD003168,2025-08-15,Tablet,Electronics,North,1,25504.97,25504.97,4319.78
ORD000223,2025-08-15,Dairy Bundle,Groceries,Central,2,1644.32,3288.64,475.95
ORD006844,2025-08-16,Smartphone,Electronics,Central,2,49272.05,98544.1,19517.79
ORD005035,2025-08-16,Badminton Kit,Sports,West,2,7801.86,15603.72,5130.67
ORD011441,2025-08-16,Smartwatch,Electronics,South,2,57922.1,115844.2,18815.37
ORD009063,2025-08-16,Rice,Groceries,Central,1,794.31,2503.23,170.63
ORD008158,2025-08-16,Badminton Kit,Sports,East,2,3308.88,6617.76,1657.48
ORD005116,2025-08-16,Snacks,Groceries,South,1,1073.92,1073.92,89.2
ORD012016,2025-08-16,Jacket,Clothing,South,1,4799.43,4799.43,1172.46
ORD008021,2025-08-16,Badminton Kit,Sports,South,3,2089.17,6267.51,2062.57
ORD003156,2025-08-16,Cooking Oil,Groceries,Central,3,787.36,2362.08,241.94
ORD002595,2025-08-16,Cycle,Sports,South,4,14103.63,56414.52,11571.37
ORD011377,2025-08-16,Spices Pack,Groceries,East,6,1714.59,10287.54,1335.02
ORD001916,2025-08-16,Rice,Groceries,Central,2,823.88,1647.76,215.59
ORD007107,2025-08-16,Dairy Bundle,Groceries,West,1,626.61,626.61,86.06
ORD004507,2025-08-16,Spices Pack,Groceries,South,1,259.41,259.41,14.33
ORD008326,2025-08-16,Desk,Furniture,East,3,2853.53,8560.59,882.73
ORD004468,2025-08-16,Smartphone,Electronics,Central,1,51880.06,51880.06,8156.91
ORD009718,2025-08-16,Cooking Oil,Groceries,West,3,964.85,2894.55,369.0
ORD004545,2025-08-16,Desk,Furniture,South,3,8324.68,24974.04,4790.62
ORD002392,2025-08-16,Wardrobe,Furniture,South,1,17555.39,17555.39,2522.78
ORD001976,2025-08-16,Headphones,Electronics,West,1,9706.96,9706.96,1749.13
ORD004977,2025-08-16,Cooking Oil,Groceries,West,2,835.55,1671.1,125.55
ORD012279,2025-08-16,Sofa,Furniture,East,6,7388.48,44330.88,7255.83
ORD010752,2025-08-16,Yoga Mat,Sports,Central,3,12486.9,37460.7,5637.8
ORD010698,2025-08-16,Cooking Oil,Groceries,Central,1,1682.45,1682.45,109.79
ORD005789,2025-08-16,Badminton Kit,Sports,South,1,9883.81,9883.81,3296.1
ORD012140,2025-08-16,Wardrobe,Furniture,North,4,9053.91,36215.64,5618.17
ORD010771,2025-08-16,Spices Pack,Groceries,South,1,1479.79,1479.79,146.32
ORD006869,2025-08-16,Dress,Clothing,Central,4,4574.77,18299.08,7447.13
ORD008442,2025-08-16,Spices Pack,Groceries,Central,1,1513.18,1513.18,165.09
ORD005694,2025-08-16,Laptop,Electronics,North,1,11196.46,11196.46,1994.13
ORD008938,2025-08-17,Dumbbell Set,Sports,North,1,11107.12,11107.12,2951.33
ORD008889,2025-08-17,Jacket,Clothing,North,3,4220.0,12660.0,2573.57
ORD006390,2025-08-17,Headphones,Electronics,East,4,62886.95,251547.8,34653.9
ORD006414,2025-08-17,T-Shirt,Clothing,Central,2,3893.45,7786.9,1603.13
ORD007451,2025-08-17,Snacks,Groceries,North,1,360.71,360.71,23.83
ORD011151,2025-08-17,Yoga Mat,Sports,North,4,4578.77,18315.08,5651.98
ORD002229,2025-08-17,Yoga Mat,Sports,North,3,10534.73,31604.19,5625.47
ORD000595,2025-08-17,Spices Pack,Groceries,South,1,671.83,671.83,81.17
ORD010365,2025-08-17,Chair,Furniture,East,3,29572.76,88718.28,15556.04
ORD006036,2025-08-17,Sofa,Furniture,West,1,14985.86,14985.86,2431.63
ORD002282,2025-08-17,Sofa,Furniture,North,2,26633.07,53266.14,5719.89
ORD008432,2025-08-17,Sofa,Furniture,West,2,9519.51,19039.02,3135.93
ORD007433,2025-08-17,Desk,Furniture,North,4,22495.1,89980.4,9576.22
ORD008487,2025-08-17,Chair,Furniture,North,4,21507.98,86031.92,20699.36
ORD006027,2025-08-17,Spices Pack,Groceries,East,4,1335.69,5342.76,671.58
ORD012192,2025-08-17,Jacket,Clothing,East,5,2491.91,12459.55,4144.78
ORD002263,2025-08-17,Tablet,Electronics,East,4,66331.6,265326.4,34906.55
ORD001704,2025-08-17,Cycle,Sports,South,1,12941.34,12941.34,4523.33
ORD006406,2025-08-17,Shoes,Clothing,East,1,1650.56,1650.56,574.6
ORD004302,2025-08-17,Dairy Bundle,Groceries,Central,2,1736.34,3472.68,227.35
ORD011250,2025-08-17,Running Shoes,Sports,South,3,14309.1,42927.3,9232.18
ORD003115,2025-08-17,Laptop,Electronics,North,3,64209.11,192627.33,24430.66
ORD003840,2025-08-17,Chair,Furniture,Central,3,4059.77,12179.31,1315.55
ORD004274,2025-08-17,Running Shoes,Sports,West,3,12144.16,36432.48,8187.47
ORD007812,2025-08-17,Cycle,Sports,South,8,12179.8,97438.4,28862.73
ORD009740,2025-08-17,Running Shoes,Sports,West,2,4739.87,9479.74,3065.1
ORD006879,2025-08-17,Yoga Mat,Sports,East,3,5257.5,15772.5,4953.65
ORD003248,2025-08-17,Bookshelf,Furniture,North,2,29048.6,58097.2,6948.14
ORD003792,2025-08-17,Dairy Bundle,Groceries,North,2,102.44,204.88,12.71
ORD004771,2025-08-17,Smartwatch,Electronics,North,3,21444.78,64334.34,7817.52
ORD000721,2025-08-17,Laptop,Electronics,East,1,77833.67,77833.67,7103.73
ORD009927,2025-08-17,Dress,Clothing,North,1,603.64,603.64,200.69
ORD010270,2025-08-17,Laptop,Electronics,North,2,9281.23,18562.46,3154.49
ORD005218,2025-08-17,Dress,Clothing,Central,2,4567.09,9134.18,2656.19
ORD002045,2025-08-17,Tablet,Electronics,West,2,69160.14,138320.28,11812.5
ORD000288,2025-08-17,Sofa,Furniture,East,1,26146.18,26146.18,6338.57
ORD009786,2025-08-17,Jacket,Clothing,East,3,2564.89,7694.67,3420.2
ORD008418,2025-08-17,Desk,Furniture,Central,2,22224.85,44449.7,5319.64
ORD007778,2025-08-17,Headphones,Electronics,East,3,33118.4,99355.2,17542.99
ORD012186,2025-08-18,Dairy Bundle,Groceries,North,3,1696.77,28961.58,2548.45
ORD000932,2025-08-18,Shoes,Clothing,East,2,1133.92,2267.84,762.58
ORD004111,2025-08-18,Jacket,Clothing,East,1,4395.0,4395.0,1090.6
ORD006126,2025-08-18,Jeans,Clothing,West,1,3438.94,3438.94,1357.14
ORD000004,2025-08-18,Cycle,Sports,South,3,1342.21,4026.63,1301.55
ORD007276,2025-08-18,Sofa,Furniture,South,2,10616.99,21233.98,2526.08
ORD006526,2025-08-18,Smartphone,Electronics,South,4,74789.96,299159.84,38555.78
ORD010544,2025-08-18,Snacks,Groceries,West,3,1988.71,5966.13,817.37
ORD010170,2025-08-18,Sofa,Furniture,West,1,17432.61,17432.61,4278.47
ORD006294,2025-08-18,Wardrobe,Furniture,South,1,7838.77,7838.77,1683.45
ORD008618,2025-08-18,Running Shoes,Sports,Central,2,11676.2,23352.4,6601.46
ORD003603,2025-08-18,Smartphone,Electronics,East,1,75247.09,75247.09,7677.43
ORD008023,2025-08-18,Dumbbell Set,Sports,South,3,5719.44,17158.32,4767.74
ORD003102,2025-08-18,Yoga Mat,Sports,East,1,13840.58,13840.58,3876.07
ORD006190,2025-08-18,Dumbbell Set,Sports,East,7,8145.84,57020.88,18826.79
ORD011252,2025-08-18,Laptop,Electronics,East,1,25823.19,25823.19,4800.29
ORD002725,2025-08-18,Smartphone,Electronics,North,1,47225.68,47225.68,4490.09
ORD007492,2025-08-18,Dumbbell Set,Sports,North,2,14861.84,29723.68,6683.46
ORD005307,2025-08-18,Shoes,Clothing,West,1,958.3,958.3,275.1
ORD002373,2025-08-18,Chair,Furniture,Central,3,8516.39,25549.17,2761.22
ORD007648,2025-08-18,Chair,Furniture,Central,3,11123.4,33370.2,7269.37
ORD002466,2025-08-18,Bookshelf,Furniture,East,8,13865.56,110924.48,16785.08
ORD010817,2025-08-18,Running Shoes,Sports,North,1,11144.1,11144.1,1906.52
ORD005821,2025-08-18,Dress,Clothing,South,1,4935.05,20718.72,8396.9
ORD001687,2025-08-18,Running Shoes,Sports,East,3,4337.21,13011.63,3674.4
ORD002017,2025-08-18,Laptop,Electronics,East,5,13848.53,69242.65,13786.89
ORD000895,2025-08-18,Jacket,Clothing,West,6,613.26,11421.31,3764.49
ORD000772,2025-08-18,T-Shirt,Clothing,South,3,2966.37,8899.11,2350.62
ORD011987,2025-08-18,Cycle,Sports,East,1,4690.17,4690.17,1320.45
ORD006830,2025-08-18,Bookshelf,Furniture,Central,3,7650.39,22951.17,2537.94
ORD000601,2025-08-18,Dumbbell Set,Sports,North,1,11494.82,11494.82,1780.75
ORD001481,2025-08-19,Cooking Oil,Groceries,West,5,470.96,2354.8,199.06
ORD011146,2025-08-19,Jacket,Clothing,West,7,838.92,5872.44,2411.3
ORD006820,2025-08-19,Yoga Mat,Sports,North,1,9386.4,9386.4,2700.06
ORD000244,2025-08-19,Dumbbell Set,Sports,North,1,1158.97,1158.97,238.97
ORD012361,2025-08-19,Laptop,Electronics,West,6,41828.76,250972.56,28855.37
ORD001887,2025-08-19,Tablet,Electronics,Central,8,32764.95,262119.6,44025.61
ORD000319,2025-08-19,Rice,Groceries,East,1,1111.97,1111.97,82.56
ORD007285,2025-08-19,Chair,Furniture,West,3,23596.78,70790.34,11448.69
ORD000264,2025-08-19,Rice,Groceries,South,5,888.16,4440.8,343.45
ORD003227,2025-08-19,Rice,Groceries,East,3,917.65,2752.95,225.82
ORD001788,2025-08-19,Shoes,Clothing,North,6,4480.74,26884.44,7873.56
ORD004567,2025-08-19,Rice,Groceries,West,2,1089.55,2179.1,167.48
ORD000836,2025-08-19,Shoes,Clothing,Central,2,2088.93,4177.86,1752.59
ORD002818,2025-08-19,Tablet,Electronics,Central,5,21265.9,106329.5,9233.68
ORD001080,2025-08-19,Dress,Clothing,Central,7,2416.65,67968.25,26317.75
ORD004843,2025-08-19,Cycle,Sports,West,3,8532.16,25596.48,6146.14
ORD004926,2025-08-19,Jacket,Clothing,North,2,3335.97,6671.94,2957.16
ORD002194,2025-08-19,Dairy Bundle,Groceries,East,1,1923.6,1923.6,105.55
ORD004948,2025-08-19,Dress,Clothing,East,6,3729.15,22374.9,5035.7
ORD009437,2025-08-19,Desk,Furniture,West,1,21571.48,21571.48,2448.7
ORD007687,2025-08-19,Snacks,Groceries,South,1,1390.78,1390.78,137.34
ORD005106,2025-08-19,Dairy Bundle,Groceries,East,2,1954.37,3908.74,324.9
ORD010837,2025-08-19,Jeans,Clothing,East,3,3442.72,10328.16,3496.64
ORD005580,2025-08-19,Dumbbell Set,Sports,Central,5,10109.48,50547.4,14376.74
ORD010580,2025-08-19,Bookshelf,Furniture,Central,4,29911.0,119644.0,12568.19
ORD003186,2025-08-19,Yoga Mat,Sports,Central,4,10128.18,40512.72,8818.55
ORD000086,2025-08-19,Cooking Oil,Groceries,West,1,1387.37,1387.37,71.67
ORD012236,2025-08-19,Tablet,Electronics,Central,2,34690.56,69381.12,12842.05
ORD006215,2025-08-19,Chair,Furniture,North,2,9485.65,18971.3,3735.21
ORD000428,2025-08-19,T-Shirt,Clothing,East,2,1264.16,2528.32,626.19
ORD008772,2025-08-19,Dairy Bundle,Groceries,Central,6,1167.95,7007.7,1046.59
ORD008807,2025-08-19,Sofa,Furniture,East,4,23181.55,92726.2,14403.82
ORD000481,2025-08-19,Bookshelf,Furniture,North,1,4318.36,4318.36,822.53
ORD008863,2025-08-19,Headphones,Electronics,Central,1,61408.4,61408.4,11772.02
ORD010317,2025-08-19,Snacks,Groceries,West,3,1704.57,5113.71,562.79
ORD003584,2025-08-19,Yoga Mat,Sports,North,2,12966.34,25932.68,6266.65
ORD007497,2025-08-19,T-Shirt,Clothing,East,4,1416.1,5664.4,1697.38
ORD008922,2025-08-19,Smartphone,Electronics,East,3,77582.19,232746.57,28155.23
ORD003210,2025-08-19,Snacks,Groceries,North,2,1547.68,3095.36,311.12
ORD004503,2025-08-19,Running Shoes,Sports,North,3,9635.5,28906.5,6304.95
ORD009919,2025-08-20,Dumbbell Set,Sports,West,3,7907.85,23723.55,5398.63
ORD000948,2025-08-20,Smartwatch,Electronics,North,2,47966.12,95932.24,16113.6
ORD010585,2025-08-20,Yoga Mat,Sports,South,1,13058.55,13058.55,3489.64
ORD009781,2025-08-20,Dress,Clothing,Central,7,1951.39,13659.73,3137.15
ORD009899,2025-08-20,Rice,Groceries,West,3,1523.12,4569.36,321.21
ORD009896,2025-08-20,Sofa,Furniture,South,4,5239.97,20959.88,3702.34
ORD011682,2025-08-20,Chair,Furniture,North,5,8347.33,41736.65,10257.76
ORD008111,2025-08-20,Shoes,Clothing,West,1,4342.08,4342.08,1258.81
ORD001020,2025-08-20,Smartphone,Electronics,South,2,24222.82,48445.64,5334.64
ORD003928,2025-08-20,Running Shoes,Sports,North,3,7686.98,23060.94,5401.42
ORD010557,2025-08-20,Smartphone,Electronics,East,3,54269.63,162808.89,14463.62
ORD003412,2025-08-20,Sofa,Furniture,West,1,29306.85,29306.85,7176.24
ORD010406,2025-08-20,Laptop,Electronics,South,2,40463.81,80927.62,11899.46
ORD002386,2025-08-20,T-Shirt,Clothing,East,4,332.82,1331.28,400.54
ORD005873,2025-08-20,Shoes,Clothing,West,7,4126.04,28882.28,6965.36
ORD011595,2025-08-20,Badminton Kit,Sports,West,3,1460.47,4381.41,1058.08
ORD000542,2025-08-20,Spices Pack,Groceries,East,1,893.4,893.4,123.21
ORD002494,2025-08-20,Dairy Bundle,Groceries,West,1,1483.42,1483.42,163.21
ORD009122,2025-08-20,Cycle,Sports,East,1,799.6,799.6,135.44
ORD002540,2025-08-20,Rice,Groceries,East,1,1018.65,1018.65,94.65
ORD002068,2025-08-20,Shoes,Clothing,North,1,3089.27,3089.27,630.4
ORD005258,2025-08-20,Bookshelf,Furniture,South,4,20114.51,80458.04,14009.26
ORD012038,2025-08-20,Bookshelf,Furniture,East,1,19645.89,19645.89,2196.53
ORD012324,2025-08-20,Chair,Furniture,South,1,22066.81,22066.81,2539.19
ORD005099,2025-08-20,Shoes,Clothing,West,2,3671.94,7343.88,2868.98
ORD010793,2025-08-20,Badminton Kit,Sports,East,1,2432.22,2432.22,373.37
ORD009553,2025-08-20,Cycle,Sports,South,1,7164.37,7164.37,1485.89
ORD010479,2025-08-20,Desk,Furniture,East,2,21477.44,42954.88,10382.6
ORD008214,2025-08-20,Laptop,Electronics,North,4,27399.57,109598.28,16642.15
ORD002754,2025-08-20,Jeans,Clothing,North,2,2669.42,5338.84,1498.63
ORD005574,2025-08-20,Desk,Furniture,South,2,15139.9,30279.8,4602.95
ORD007872,2025-08-20,Cycle,Sports,East,3,13808.04,41424.12,11737.57
ORD000029,2025-08-20,Dress,Clothing,Central,1,715.91,715.91,178.26
ORD009410,2025-08-21,Yoga Mat,Sports,North,4,3749.92,14999.68,2568.38
ORD005090,2025-08-21,Bookshelf,Furniture,Central,1,19546.02,19546.02,4087.84
ORD002012,2025-08-21,Cooking Oil,Groceries,South,1,1377.53,1377.53,182.67
ORD011437,2025-08-21,Running Shoes,Sports,East,5,10302.02,51510.1,14894.52
ORD001890,2025-08-21,Yoga Mat,Sports,West,3,10026.94,30080.82,9916.96
ORD009520,2025-08-21,Jacket,Clothing,East,1,4649.17,4649.17,959.4
ORD009543,2025-08-21,Jacket,Clothing,South,7,4642.08,32494.56,11661.35
ORD002800,2025-08-21,Yoga Mat,Sports,Central,2,10102.37,20204.74,5921.29
ORD003720,2025-08-21,Shoes,Clothing,Central,4,1614.13,6456.52,1496.96
ORD003722,2025-08-21,Sofa,Furniture,North,1,5757.67,5757.67,1132.61
ORD003753,2025-08-21,Headphones,Electronics,North,1,48090.92,48090.92,9308.74
ORD005097,2025-08-21,Jacket,Clothing,Central,3,387.28,1161.84,490.48
ORD001039,2025-08-21,Yoga Mat,Sports,West,2,3962.55,7925.1,1903.99
ORD003778,2025-08-21,Bookshelf,Furniture,West,1,19656.48,19656.48,3291.28
ORD000145,2025-08-21,Snacks,Groceries,North,1,644.43,644.43,70.3
ORD006720,2025-08-21,Bookshelf,Furniture,South,3,25951.65,77854.95,12872.61
ORD010664,2025-08-21,Tablet,Electronics,North,3,77758.87,233276.61,43943.89
ORD004290,2025-08-21,Spices Pack,Groceries,Central,6,754.56,4527.36,254.23
ORD009874,2025-08-21,Spices Pack,Groceries,East,1,1807.45,1807.45,218.55
ORD000358,2025-08-21,Tablet,Electronics,East,8,33118.52,264948.16,50749.1
ORD008685,2025-08-21,Laptop,Electronics,West,3,54875.68,164627.04,17466.15
ORD000206,2025-08-21,Badminton Kit,Sports,East,2,5130.05,10260.1,3488.56
ORD006682,2025-08-21,Jeans,Clothing,West,4,1973.98,7895.92,2314.17
ORD001543,2025-08-21,Dairy Bundle,Groceries,East,1,1432.17,1432.17,169.01
ORD008193,2025-08-21,Shoes,Clothing,East,4,4403.85,17615.4,4428.24
ORD007407,2025-08-21,Snacks,Groceries,East,1,1052.36,1052.36,77.79
ORD009289,2025-08-21,Dairy Bundle,Groceries,West,1,1415.29,1415.29,135.77
ORD003400,2025-08-21,Smartphone,Electronics,North,5,15059.21,75296.05,10783.75
ORD010378,2025-08-21,Jeans,Clothing,West,1,2677.41,2677.41,644.01
ORD001120,2025-08-21,Badminton Kit,Sports,North,2,1645.05,3290.1,651.12
ORD005476,2025-08-21,Spices Pack,Groceries,South,4,425.89,1703.56,216.62
ORD003258,2025-08-21,Sofa,Furniture,East,4,16237.41,64949.64,8764.0
ORD001313,2025-08-21,Jacket,Clothing,Central,4,2073.39,8293.56,3657.62
ORD002436,2025-08-21,Dairy Bundle,Groceries,South,2,826.03,1652.06,104.45
ORD003256,2025-08-21,Cooking Oil,Groceries,East,4,199.43,797.72,102.34
ORD001763,2025-08-21,Headphones,Electronics,North,2,20059.36,40118.72,3918.52
ORD003523,2025-08-21,Yoga Mat,Sports,North,3,14023.4,42070.2,9533.6
ORD007731,2025-08-21,Tablet,Electronics,West,1,20208.18,20208.18,3599.02
ORD009138,2025-08-21,Running Shoes,Sports,South,1,10433.16,10433.16,2966.22
ORD011101,2025-08-22,Sofa,Furniture,South,3,3827.68,11483.04,1289.24
ORD004442,2025-08-22,Sofa,Furniture,North,1,2956.92,2956.92,437.47
ORD000411,2025-08-22,Smartphone,Electronics,Central,2,65805.45,131610.9,10602.03
ORD001370,2025-08-22,Yoga Mat,Sports,South,2,14460.14,28920.28,4775.35
ORD005554,2025-08-22,Bookshelf,Furniture,East,5,24101.34,120506.7,21673.08
ORD000618,2025-08-22,Smartphone,Electronics,North,1,54920.01,54920.01,6822.34
ORD002134,2025-08-22,Headphones,Electronics,Central,3,54672.81,164018.43,14330.87
ORD004588,2025-08-22,Dairy Bundle,Groceries,West,5,620.44,3102.2,217.11
ORD000496,2025-08-22,Smartphone,Electronics,West,1,65557.94,65557.94,10709.78
ORD010728,2025-08-22,Wardrobe,Furniture,Central,4,21100.95,84403.8,8849.34
ORD008191,2025-08-22,Laptop,Electronics,North,1,13272.67,13272.67,2017.24
ORD005364,2025-08-22,Cooking Oil,Groceries,West,1,807.69,807.69,77.19
ORD012412,2025-08-22,Tablet,Electronics,East,2,47104.2,94208.4,10948.88
ORD009495,2025-08-22,Cooking Oil,Groceries,South,1,916.89,916.89,54.76
ORD008768,2025-08-22,Chair,Furniture,North,2,28059.71,56119.42,13149.46
ORD006911,2025-08-22,Rice,Groceries,East,3,433.47,1300.41,97.16
ORD009261,2025-08-22,Headphones,Electronics,East,2,13109.45,118883.03,14243.77
ORD012040,2025-08-22,Dress,Clothing,South,3,3819.1,11457.3,2761.1
ORD009370,2025-08-22,Dairy Bundle,Groceries,West,4,1841.18,7364.72,653.94
ORD006248,2025-08-22,Cooking Oil,Groceries,East,2,240.93,481.86,71.9
ORD010436,2025-08-22,Shoes,Clothing,South,1,3400.8,3400.8,1159.13
ORD010934,2025-08-22,Yoga Mat,Sports,South,3,7883.82,23651.46,4095.73
ORD010506,2025-08-22,Bookshelf,Furniture,Central,1,19952.29,19952.29,3189.35
ORD012317,2025-08-22,Yoga Mat,Sports,Central,3,6074.06,18222.18,3072.66
ORD011718,2025-08-22,Dumbbell Set,Sports,North,1,6543.98,6543.98,1864.04
ORD012332,2025-08-22,Shoes,Clothing,Central,2,2988.17,5976.34,2613.22
ORD010454,2025-08-22,Smartphone,Electronics,East,5,64494.07,322470.35,51059.76
ORD010201,2025-08-22,Yoga Mat,Sports,South,3,11182.97,33548.91,7374.75
ORD003612,2025-08-23,Cooking Oil,Groceries,East,2,349.97,699.94,56.15
ORD003817,2025-08-23,T-Shirt,Clothing,South,3,1830.23,5490.69,2448.29
ORD008399,2025-08-23,Badminton Kit,Sports,West,3,2579.57,7738.71,1420.43
ORD011310,2025-08-23,Laptop,Electronics,East,8,55984.85,447878.8,50129.94
ORD003533,2025-08-23,Laptop,Electronics,Central,7,17433.05,122031.35,18562.78
ORD008428,2025-08-23,Dumbbell Set,Sports,South,4,10740.31,42961.24,14984.12
ORD006297,2025-08-23,Tablet,Electronics,South,3,35911.51,107734.53,14123.07
ORD001108,2025-08-23,Spices Pack,Groceries,South,3,1480.67,4442.01,357.47
ORD006953,2025-08-23,Smartwatch,Electronics,West,2,45133.01,90266.02,11304.84
ORD009801,2025-08-23,Smartwatch,Electronics,South,2,22722.7,45445.4,3954.7
ORD002925,2025-08-23,Sofa,Furniture,North,4,10960.45,43841.8,7712.07
ORD010694,2025-08-23,Rice,Groceries,South,3,1704.69,5114.07,257.94
ORD010532,2025-08-23,Shoes,Clothing,North,2,1610.02,3220.04,949.74
ORD011719,2025-08-23,Dress,Clothing,West,1,927.01,927.01,260.91
ORD004758,2025-08-23,T-Shirt,Clothing,North,2,3231.73,6463.46,1598.12
ORD007792,2025-08-23,Dairy Bundle,Groceries,East,5,492.13,2460.65,258.59
ORD007728,2025-08-23,Wardrobe,Furniture,West,3,7436.54,22309.62,3827.44
ORD008005,2025-08-23,Rice,Groceries,Central,1,1091.89,1091.89,96.08
ORD009028,2025-08-23,Bookshelf,Furniture,North,4,5675.34,22701.36,4542.76
ORD006686,2025-08-23,Running Shoes,Sports,West,4,12864.58,51458.32,10262.28
ORD007058,2025-08-23,Cycle,Sports,South,2,4596.23,9192.46,1973.56
ORD011660,2025-08-23,Cycle,Sports,North,3,8554.66,119810.79,24987.88
ORD012134,2025-08-23,Desk,Furniture,South,5,29656.43,148282.15,28013.73
ORD003617,2025-08-23,Sofa,Furniture,South,1,3289.94,3289.94,597.39
ORD011379,2025-08-23,Rice,Groceries,East,1,1527.0,1527.0,226.42
ORD010546,2025-08-23,Desk,Furniture,North,1,20794.39,20794.39,2686.06
ORD001601,2025-08-23,Yoga Mat,Sports,East,3,8523.88,25571.64,6408.93
ORD002350,2025-08-23,Rice,Groceries,East,3,362.91,1088.73,161.43
ORD006474,2025-08-23,Headphones,Electronics,Central,1,46009.51,46009.51,4872.92
ORD000945,2025-08-23,Cycle,Sports,East,5,11033.69,55168.45,19218.59
ORD000682,2025-08-24,Cooking Oil,Groceries,North,2,1283.64,2567.28,290.5
ORD000007,2025-08-24,Running Shoes,Sports,North,2,12570.42,25140.84,4838.8
ORD005163,2025-08-24,Headphones,Electronics,East,2,22380.44,44760.88,4882.39
ORD002264,2025-08-24,Dress,Clothing,South,2,3824.34,7648.68,3275.63
ORD008378,2025-08-24,Wardrobe,Furniture,North,3,21093.34,63280.02,12344.54
ORD002845,2025-08-24,Yoga Mat,Sports,East,1,2625.91,2625.91,733.12
ORD010758,2025-08-24,Laptop,Electronics,North,2,51225.54,102451.08,14124.98
ORD001405,2025-08-24,Jacket,Clothing,South,6,2541.43,15248.58,5788.1
ORD011299,2025-08-24,Spices Pack,Groceries,West,2,1819.06,3638.12,479.7
ORD010190,2025-08-24,Sofa,Furniture,North,3,10633.95,31901.85,7122.11
ORD007587,2025-08-24,Jacket,Clothing,North,4,3821.66,15286.64,4223.54
ORD008341,2025-08-24,Smartwatch,Electronics,West,2,74994.62,149989.24,23271.75
ORD009638,2025-08-24,Cycle,Sports,East,1,6249.92,6249.92,1499.7
ORD004864,2025-08-24,Jeans,Clothing,West,2,4158.85,8317.7,2088.75
ORD004179,2025-08-24,Spices Pack,Groceries,Central,2,635.67,1271.34,131.06
ORD008445,2025-08-24,Headphones,Electronics,North,2,26285.58,52571.16,5657.23
ORD000407,2025-08-24,Dress,Clothing,West,1,885.91,885.91,381.13
ORD006808,2025-08-24,Dairy Bundle,Groceries,North,3,1029.62,3088.86,385.09
ORD007663,2025-08-24,Cooking Oil,Groceries,West,2,531.36,1062.72,111.95
ORD003387,2025-08-24,Desk,Furniture,East,7,19810.96,138676.72,17294.32
ORD005904,2025-08-24,Spices Pack,Groceries,North,1,1479.34,1479.34,81.62
ORD002440,2025-08-24,Dairy Bundle,Groceries,West,4,788.75,3155.0,417.72
ORD007546,2025-08-24,T-Shirt,Clothing,North,4,1362.1,5448.4,1960.7
ORD007659,2025-08-24,Chair,Furniture,Central,1,2605.9,2605.9,351.72
ORD008189,2025-08-24,Laptop,Electronics,North,1,19136.62,19136.62,2637.07
ORD011221,2025-08-24,Rice,Groceries,Central,2,1245.8,2491.6,237.48
ORD011981,2025-08-24,Cycle,Sports,South,3,9492.97,28478.91,5636.57
ORD007864,2025-08-24,Chair,Furniture,West,2,15421.11,30842.22,6429.22
ORD011080,2025-08-24,Running Shoes,Sports,Central,4,7556.69,30226.76,8754.13
ORD009868,2025-08-24,Dress,Clothing,East,2,2146.59,4293.18,1394.95
ORD002493,2025-08-25,Dress,Clothing,West,2,2888.1,5776.2,1376.39
ORD000554,2025-08-25,T-Shirt,Clothing,North,1,2162.34,2162.34,842.36
ORD007354,2025-08-25,Dairy Bundle,Groceries,North,1,1133.03,1133.03,110.09
ORD007120,2025-08-25,Wardrobe,Furniture,East,4,16273.75,65095.0,8222.69
ORD003592,2025-08-25,Bookshelf,Furniture,South,4,23842.35,95369.4,20569.63
ORD010803,2025-08-25,Smartphone,Electronics,Central,4,11531.59,46126.36,8326.36
ORD010432,2025-08-25,Dairy Bundle,Groceries,South,5,915.04,4575.2,667.68
ORD005107,2025-08-25,Dress,Clothing,East,1,857.68,857.68,293.84
ORD010300,2025-08-25,Dumbbell Set,Sports,West,2,14503.14,29006.28,9981.94
ORD009159,2025-08-25,Dairy Bundle,Groceries,West,1,205.77,205.77,30.84
ORD001987,2025-08-25,Jeans,Clothing,West,1,1593.62,4957.77,1870.86
ORD005733,2025-08-25,Smartwatch,Electronics,North,4,56390.08,225560.32,18914.22
ORD005484,2025-08-25,Jeans,Clothing,East,1,1002.69,1002.69,345.15
ORD010373,2025-08-25,Jacket,Clothing,East,1,3326.98,3326.98,1482.68
ORD002425,2025-08-25,Jeans,Clothing,East,1,3888.52,3888.52,883.36
ORD011619,2025-08-25,Laptop,Electronics,South,5,40995.11,204975.55,34139.55
ORD006993,2025-08-25,Headphones,Electronics,West,2,77115.43,154230.86,19354.49
ORD003525,2025-08-25,Spices Pack,Groceries,Central,3,489.86,1469.58,145.06
ORD005270,2025-08-25,Chair,Furniture,South,1,17754.32,17754.32,3051.19
ORD003455,2025-08-25,Snacks,Groceries,West,2,1717.83,3435.66,337.75
ORD007311,2025-08-25,Smartphone,Electronics,South,1,72023.41,72023.41,8755.74
ORD008888,2025-08-25,Smartwatch,Electronics,Central,3,77977.21,233931.63,38851.21
ORD005937,2025-08-25,Badminton Kit,Sports,West,3,5312.64,15937.92,4381.09
ORD008892,2025-08-25,Smartwatch,Electronics,West,4,38893.24,155572.96,12774.72
ORD010093,2025-08-25,Rice,Groceries,North,8,1044.49,8355.92,613.59
ORD011031,2025-08-25,Rice,Groceries,Central,2,973.87,1947.74,171.1
ORD004221,2025-08-25,Bookshelf,Furniture,West,4,9561.64,38246.56,5011.28
ORD009923,2025-08-25,Yoga Mat,Sports,North,2,10664.24,21328.48,3387.63
ORD002178,2025-08-25,Bookshelf,Furniture,East,3,17151.19,51453.57,9815.46
ORD003881,2025-08-25,Jacket,Clothing,West,2,3185.08,6370.16,1413.73
ORD003879,2025-08-25,Rice,Groceries,Central,1,597.87,597.87,82.61
ORD009846,2025-08-25,Badminton Kit,Sports,East,3,1423.12,4269.36,696.62
ORD011178,2025-08-25,Smartphone,Electronics,West,2,61251.92,122503.84,11373.26
ORD009728,2025-08-25,Dumbbell Set,Sports,Central,1,8688.56,8688.56,1723.52
ORD009721,2025-08-25,Shoes,Clothing,Central,6,2715.35,16292.1,5625.29
ORD001507,2025-08-25,Dress,Clothing,West,1,1741.85,1741.85,502.07
ORD010183,2025-08-25,Sofa,Furniture,North,1,5749.97,5749.97,1230.95
ORD004779,2025-08-25,Smartphone,Electronics,Central,8,15698.23,125585.84,17653.67
ORD011970,2025-08-25,Badminton Kit,Sports,South,2,4592.93,9185.86,1883.45
ORD001268,2025-08-25,Dumbbell Set,Sports,North,1,11199.11,11199.11,3548.2
ORD011974,2025-08-25,Cycle,Sports,Central,3,8509.36,25528.08,7829.94
ORD004568,2025-08-25,Yoga Mat,Sports,South,4,11760.8,47043.2,12252.14
ORD008754,2025-08-25,Tablet,Electronics,Central,2,44399.0,88798.0,14501.41
ORD000170,2025-08-25,Dumbbell Set,Sports,South,3,7375.52,22126.56,3751.93
ORD003203,2025-08-25,Snacks,Groceries,North,3,213.55,640.65,88.96
ORD003922,2025-08-25,Dumbbell Set,Sports,South,3,1474.99,4424.97,1074.99
ORD001908,2025-08-25,Sofa,Furniture,North,4,9080.03,36320.12,6778.96
ORD008739,2025-08-25,Jacket,Clothing,South,5,1992.1,9960.5,4207.04
ORD006147,2025-08-25,Tablet,Electronics,Central,2,79164.07,158328.14,21592.2
ORD000446,2025-08-25,Wardrobe,Furniture,North,6,22223.47,133340.82,30448.97
ORD003545,2025-08-26,T-Shirt,Clothing,East,1,1756.28,1756.28,388.93
ORD008959,2025-08-26,T-Shirt,Clothing,West,3,2040.08,6120.24,2461.47
ORD008600,2025-08-26,Desk,Furniture,East,3,4742.27,14226.81,3109.64
ORD008200,2025-08-26,Dumbbell Set,Sports,North,4,1159.81,16059.86,5463.46
ORD008294,2025-08-26,Chair,Furniture,South,3,6561.65,19684.95,2768.35
ORD002741,2025-08-26,Headphones,Electronics,West,5,66437.15,332185.75,38291.06
ORD000952,2025-08-26,Smartwatch,Electronics,South,4,62791.33,251165.32,21157.5
ORD004943,2025-08-26,Jeans,Clothing,Central,6,558.05,3348.3,1233.34
ORD004076,2025-08-26,Headphones,Electronics,West,3,46463.87,139391.61,24931.06
ORD004035,2025-08-26,Jeans,Clothing,South,1,2410.88,2410.88,826.13
ORD007260,2025-08-26,Yoga Mat,Sports,South,3,14365.76,43097.28,10203.09
ORD002118,2025-08-26,Yoga Mat,Sports,Central,1,803.54,803.54,171.28
ORD003992,2025-08-26,Sofa,Furniture,South,2,21272.2,42544.4,5656.64
ORD000619,2025-08-26,Bookshelf,Furniture,East,2,26202.03,52404.06,8960.12
ORD003350,2025-08-26,Running Shoes,Sports,Central,3,12228.45,36685.35,7665.05
ORD003103,2025-08-26,Tablet,Electronics,North,1,14510.17,14510.17,2811.24
ORD000545,2025-08-26,Sofa,Furniture,East,1,29752.72,29752.72,4009.2
ORD006315,2025-08-26,Wardrobe,Furniture,North,2,18103.15,36206.3,7629.71
ORD006865,2025-08-26,Bookshelf,Furniture,South,1,7269.16,7269.16,958.06
ORD005078,2025-08-26,Wardrobe,Furniture,West,6,24276.29,145657.74,23677.87
ORD011456,2025-08-26,Cooking Oil,Groceries,South,2,873.56,1747.12,146.29
ORD006063,2025-08-26,T-Shirt,Clothing,East,3,1839.47,5518.41,2377.25
ORD008825,2025-08-26,Rice,Groceries,East,2,760.4,1520.8,227.34
ORD012167,2025-08-26,Chair,Furniture,West,3,23721.16,219456.49,43296.64
ORD002233,2025-08-26,Badminton Kit,Sports,West,1,10294.11,10294.11,2359.41
ORD010713,2025-08-26,T-Shirt,Clothing,East,7,1052.96,7370.72,2908.77
ORD001922,2025-08-26,Dairy Bundle,Groceries,North,2,1003.63,2007.26,182.21
ORD009242,2025-08-26,Chair,Furniture,North,3,26692.95,80078.85,17011.79
ORD000859,2025-08-26,Dress,Clothing,East,3,571.57,1714.71,640.89
ORD004644,2025-08-26,Badminton Kit,Sports,North,1,9358.72,9358.72,2939.19
ORD000754,2025-08-26,Running Shoes,Sports,South,2,8912.5,17825.0,4576.04
ORD005414,2025-08-26,Shoes,Clothing,Central,5,420.47,2102.35,906.51
ORD001241,2025-08-26,Smartphone,Electronics,East,2,27855.26,55710.52,10320.42
ORD009809,2025-08-26,Cooking Oil,Groceries,East,2,1251.12,2502.24,197.38
ORD006708,2025-08-26,Dairy Bundle,Groceries,West,2,1842.88,3685.76,353.63
ORD005735,2025-08-27,Desk,Furniture,East,2,7946.38,15892.76,3633.69
ORD012314,2025-08-27,Spices Pack,Groceries,North,3,1016.4,3049.2,210.13
ORD008591,2025-08-27,Bookshelf,Furniture,West,1,29308.39,29308.39,5753.3
ORD011385,2025-08-27,Shoes,Clothing,Central,1,2859.8,2859.8,883.16
ORD006522,2025-08-27,Bookshelf,Furniture,North,2,28700.02,57400.04,12969.18
ORD008708,2025-08-27,Tablet,Electronics,South,3,13512.94,40538.82,7718.11
ORD008711,2025-08-27,Tablet,Electronics,Central,2,74375.27,148750.54,15089.72
ORD006646,2025-08-27,Chair,Furniture,East,4,16910.42,67641.68,7923.36
ORD011189,2025-08-27,T-Shirt,Clothing,Central,1,588.59,588.59,154.07
ORD008785,2025-08-27,Jeans,Clothing,West,5,3984.62,19923.1,7874.18
ORD005187,2025-08-27,Cooking Oil,Groceries,East,3,1056.13,3168.39,305.68
ORD005587,2025-08-27,Jacket,Clothing,Central,5,4735.08,23675.4,8839.61
ORD001005,2025-08-27,Wardrobe,Furniture,North,3,3830.25,11490.75,1989.46
ORD005231,2025-08-27,Spices Pack,Groceries,North,2,1059.61,2119.22,217.27
ORD010846,2025-08-27,Chair,Furniture,West,2,28031.53,56063.06,11834.3
ORD004887,2025-08-27,Laptop,Electronics,East,1,20645.11,20645.11,2695.53
ORD000977,2025-08-27,Laptop,Electronics,North,3,51072.22,153216.66,25783.23
ORD004877,2025-08-27,Sofa,Furniture,West,2,15771.99,31543.98,6790.48
ORD001772,2025-08-27,Rice,Groceries,East,2,379.15,758.3,63.9
ORD007832,2025-08-27,Laptop,Electronics,West,3,43272.38,129817.14,16284.64
ORD003856,2025-08-27,Running Shoes,Sports,East,5,984.68,4923.4,1099.64
ORD003843,2025-08-27,Rice,Groceries,Central,4,277.95,1111.8,140.99
ORD009945,2025-08-27,Yoga Mat,Sports,Central,1,8848.55,8848.55,2832.97
ORD001195,2025-08-27,Tablet,Electronics,North,1,58802.18,58802.18,9561.74
ORD004713,2025-08-27,Dress,Clothing,West,1,4760.67,4760.67,1877.12
ORD009907,2025-08-27,Smartwatch,Electronics,South,4,72595.68,290382.72,33423.32
ORD000102,2025-08-27,Smartwatch,Electronics,South,3,19637.27,58911.81,11065.2
ORD000922,2025-08-27,Running Shoes,Sports,North,3,6871.37,85877.05,23409.05
ORD002519,2025-08-27,Rice,Groceries,East,4,1272.67,5090.68,748.24
ORD010301,2025-08-27,Cycle,Sports,South,2,12842.36,25684.72,5473.92
ORD002883,2025-08-27,Cycle,Sports,Central,3,13183.78,39551.34,11765.98
ORD010352,2025-08-27,Headphones,Electronics,South,3,37300.67,111902.01,21121.84
ORD005494,2025-08-27,T-Shirt,Clothing,South,3,477.58,1432.74,301.95
ORD009131,2025-08-27,Yoga Mat,Sports,Central,2,6422.07,12844.14,2701.39
ORD001110,2025-08-27,Jeans,Clothing,North,2,4401.94,8803.88,2008.56
ORD000996,2025-08-28,Yoga Mat,Sports,East,5,11599.94,57999.7,10543.28
ORD010034,2025-08-28,Rice,Groceries,North,8,657.48,5259.84,599.45
ORD004578,2025-08-28,Cooking Oil,Groceries,North,5,421.3,2106.5,131.9
ORD012253,2025-08-28,Snacks,Groceries,Central,2,1917.31,3834.62,239.91
ORD006452,2025-08-28,Cycle,Sports,South,2,1065.1,2130.2,680.72
ORD002815,2025-08-28,Rice,Groceries,South,2,1138.31,2276.62,134.63
ORD004818,2025-08-28,Yoga Mat,Sports,South,1,4649.62,4649.62,882.42
ORD000359,2025-08-28,Cooking Oil,Groceries,Central,1,1678.18,1678.18,245.86
ORD006949,2025-08-28,Wardrobe,Furniture,Central,5,18708.69,93543.45,11076.57
ORD009588,2025-08-28,Bookshelf,Furniture,South,1,7165.66,7165.66,1115.59
ORD009500,2025-08-28,Jeans,Clothing,Central,5,2117.45,10587.25,4242.49
ORD006635,2025-08-28,Laptop,Electronics,North,2,77032.64,154065.28,28266.76
ORD012417,2025-08-28,Chair,Furniture,Central,4,26369.91,105479.64,22771.24
ORD005425,2025-08-28,Jeans,Clothing,Central,2,4707.79,9415.58,2009.35
ORD010961,2025-08-28,Yoga Mat,Sports,East,4,2689.15,37358.13,11628.47
ORD009167,2025-08-28,Dress,Clothing,East,2,2010.01,4020.02,1238.21
ORD002697,2025-08-28,Rice,Groceries,South,5,1749.16,8745.8,947.26
ORD011518,2025-08-28,Dress,Clothing,South,4,653.35,2613.4,1012.71
ORD012159,2025-08-28,Jacket,Clothing,East,2,3337.08,6674.16,1528.41
ORD010217,2025-08-28,Headphones,Electronics,East,1,41736.42,41736.42,7572.92
ORD005357,2025-08-28,Dress,Clothing,South,1,4718.83,4718.83,1842.79
ORD003597,2025-08-28,Smartwatch,Electronics,South,3,44355.16,133065.48,13462.16
ORD011586,2025-08-28,Badminton Kit,Sports,South,2,11698.0,23396.0,4780.46
ORD010105,2025-08-28,Jacket,Clothing,Central,4,3110.82,12443.28,3086.38
ORD009796,2025-08-28,Smartwatch,Electronics,East,2,62147.19,124294.38,12266.61
ORD012490,2025-08-28,Running Shoes,Sports,North,5,7785.41,38927.05,9663.52
ORD005917,2025-08-28,Headphones,Electronics,South,3,63560.1,190680.3,36294.79
ORD000941,2025-08-29,Wardrobe,Furniture,Central,3,21288.79,63866.37,14753.03
ORD001130,2025-08-29,Badminton Kit,Sports,North,3,5095.73,15287.19,3621.83
ORD003428,2025-08-29,Running Shoes,Sports,North,2,781.32,1562.64,336.59
ORD001800,2025-08-29,Rice,Groceries,South,6,807.13,4842.78,562.57
ORD000099,2025-08-29,Spices Pack,Groceries,North,1,1479.32,1479.32,206.68
ORD003069,2025-08-29,Smartwatch,Electronics,West,1,37555.91,37555.91,7210.1
ORD012309,2025-08-29,Spices Pack,Groceries,North,1,437.7,437.7,23.36
ORD012421,2025-08-29,Yoga Mat,Sports,North,3,4516.35,13549.05,2688.52
ORD007275,2025-08-29,Desk,Furniture,West,1,17866.69,17866.69,3539.84
ORD011709,2025-08-29,Laptop,Electronics,North,6,69489.11,416934.66,81313.26
ORD007946,2025-08-29,Running Shoes,Sports,East,1,1041.6,1041.6,260.46
ORD008405,2025-08-29,Badminton Kit,Sports,Central,3,10987.7,32963.1,5410.35
ORD006693,2025-08-29,Snacks,Groceries,East,5,947.33,4736.65,383.01
ORD000848,2025-08-29,Bookshelf,Furniture,East,2,12290.96,24581.92,2709.56
ORD010685,2025-08-29,Sofa,Furniture,Central,1,20884.92,20884.92,3010.95
ORD005540,2025-08-29,Badminton Kit,Sports,West,2,2404.19,4808.38,1509.03
ORD010943,2025-08-29,Snacks,Groceries,Central,3,376.47,1129.41,105.75
ORD005533,2025-08-29,Chair,Furniture,East,7,2935.28,20546.96,2335.42
ORD005452,2025-08-29,Shoes,Clothing,East,4,4012.38,16049.52,5842.99
ORD005770,2025-08-29,Jeans,Clothing,North,1,3092.29,3092.29,1165.91
ORD005426,2025-08-29,Yoga Mat,Sports,North,1,7764.05,7764.05,1746.86
ORD005242,2025-08-29,Jeans,Clothing,South,3,3916.58,11749.74,3069.0
ORD005211,2025-08-29,T-Shirt,Clothing,Central,1,1180.83,1180.83,368.49
ORD012184,2025-08-29,Headphones,Electronics,South,1,12963.72,12963.72,2147.09
ORD011578,2025-08-29,Snacks,Groceries,East,2,1435.55,2871.1,388.02
ORD006129,2025-08-29,Desk,Furniture,Central,1,10807.29,10807.29,1990.34
ORD000759,2025-08-29,Running Shoes,Sports,West,5,9888.38,49441.9,16296.35
ORD002664,2025-08-29,Bookshelf,Furniture,Central,6,4312.02,25872.12,3186.88
ORD002038,2025-08-29,Desk,Furniture,East,1,21110.91,21110.91,3933.04
ORD012454,2025-08-29,Dumbbell Set,Sports,North,2,14944.32,29888.64,6001.56
ORD006245,2025-08-29,Tablet,Electronics,North,8,24291.41,194331.28,34036.79
ORD002782,2025-08-29,Yoga Mat,Sports,North,1,4321.5,4321.5,889.48
ORD008102,2025-08-29,Dairy Bundle,Groceries,North,2,529.94,1059.88,156.37
ORD006956,2025-08-29,T-Shirt,Clothing,East,1,4289.06,4289.06,1007.07
ORD002301,2025-08-29,Tablet,Electronics,West,5,22301.48,111507.4,19403.01
ORD000527,2025-08-30,Smartphone,Electronics,North,2,75612.87,151225.74,26593.65
ORD005762,2025-08-30,Dress,Clothing,West,1,1316.29,1316.29,286.12
ORD007869,2025-08-30,Badminton Kit,Sports,Central,1,4227.69,4227.69,1269.18
ORD001678,2025-08-30,Jeans,Clothing,East,1,1183.23,1183.23,259.41
ORD005493,2025-08-30,Dairy Bundle,Groceries,East,7,669.78,4688.46,334.68
ORD009860,2025-08-30,Jacket,Clothing,North,2,4606.37,9212.74,2320.86
ORD005677,2025-08-30,Cycle,Sports,Central,5,4471.14,22355.7,6025.44
ORD008611,2025-08-30,Headphones,Electronics,West,3,10212.36,30637.08,4426.36
ORD012115,2025-08-30,Spices Pack,Groceries,Central,3,645.16,1935.48,102.1
ORD011781,2025-08-30,Headphones,Electronics,South,1,79089.93,79089.93,14428.21
ORD010129,2025-08-30,Running Shoes,Sports,South,3,1519.17,4557.51,1547.92
ORD011864,2025-08-30,Jeans,Clothing,South,4,2168.56,8674.24,1895.39
ORD007898,2025-08-30,Laptop,Electronics,Central,1,19317.14,19317.14,2033.23
ORD003849,2025-08-30,Snacks,Groceries,North,1,887.42,887.42,105.56
ORD006706,2025-08-30,Chair,Furniture,South,5,5403.59,27017.95,3573.09
ORD009079,2025-08-30,Cooking Oil,Groceries,East,2,1456.39,2912.78,149.46
ORD000377,2025-08-30,Yoga Mat,Sports,North,1,9601.77,9601.77,2083.4
ORD007585,2025-08-30,Spices Pack,Groceries,Central,1,1205.69,1205.69,155.07
ORD004377,2025-08-30,Jeans,Clothing,Central,4,1481.72,5926.88,1442.56
ORD010099,2025-08-30,Tablet,Electronics,West,4,46420.97,809487.58,75003.78
ORD011956,2025-08-30,Dairy Bundle,Groceries,East,2,1945.53,3891.06,536.29
ORD002714,2025-08-30,Chair,Furniture,North,1,29533.54,29533.54,4023.66
ORD009422,2025-08-30,Spices Pack,Groceries,Central,1,1776.07,1776.07,188.91
ORD001278,2025-08-30,Tablet,Electronics,South,5,13206.79,66033.95,12851.12
ORD005820,2025-08-30,Sofa,Furniture,North,2,15487.6,30975.2,4959.09
ORD010973,2025-08-30,Dairy Bundle,Groceries,Central,3,1411.55,4234.65,211.75
ORD005371,2025-08-30,Chair,Furniture,North,3,6631.23,19893.69,4308.46
ORD001508,2025-08-30,Sofa,Furniture,South,4,19396.19,77584.76,11646.05
ORD000185,2025-08-30,T-Shirt,Clothing,South,1,1220.22,1220.22,265.2
ORD001879,2025-08-30,Headphones,Electronics,South,1,21293.54,21293.54,2577.65
ORD008018,2025-08-30,Shoes,Clothing,North,1,3826.47,3826.47,1289.55
ORD007187,2025-08-30,Bookshelf,Furniture,Central,2,23294.06,46588.12,8314.89
ORD007049,2025-08-30,Desk,Furniture,North,8,17755.66,142045.28,34970.32
ORD001732,2025-08-31,Tablet,Electronics,Central,6,53787.7,322726.2,49027.36
ORD010674,2025-08-31,Desk,Furniture,Central,6,25225.79,151354.74,37794.9
ORD008037,2025-08-31,Headphones,Electronics,East,1,77457.36,77457.36,14334.79
ORD003821,2025-08-31,Shoes,Clothing,East,2,2415.11,4830.22,1367.79
ORD004304,2025-08-31,Jacket,Clothing,West,3,3531.08,10593.24,2780.37
ORD010133,2025-08-31,Spices Pack,Groceries,West,4,223.0,892.0,54.7
ORD007362,2025-08-31,Laptop,Electronics,East,2,33528.88,67057.76,7385.3
ORD005684,2025-08-31,Running Shoes,Sports,South,4,6585.25,26341.0,9121.24
ORD001568,2025-08-31,Running Shoes,Sports,West,4,3404.09,13616.36,3722.12
ORD002505,2025-08-31,Bookshelf,Furniture,Central,1,7090.89,7090.89,1166.82
ORD004032,2025-08-31,Wardrobe,Furniture,North,1,28562.31,28562.31,3583.54
ORD008216,2025-08-31,T-Shirt,Clothing,East,5,1667.13,8335.65,3158.07
ORD001778,2025-08-31,Tablet,Electronics,West,1,18373.67,18373.67,2845.71
ORD009950,2025-08-31,Rice,Groceries,North,1,1843.07,1843.07,150.48
ORD010959,2025-08-31,Laptop,Electronics,West,3,60652.91,181958.73,34807.86
ORD001670,2025-08-31,Sofa,Furniture,South,3,18720.35,56161.05,11126.62
ORD012071,2025-08-31,Bookshelf,Furniture,West,7,18621.21,130348.47,30873.42
ORD001765,2025-08-31,Sofa,Furniture,East,7,29097.32,203681.24,33803.16
ORD001135,2025-08-31,Snacks,Groceries,South,2,551.12,1102.24,111.59
ORD000033,2025-08-31,Wardrobe,Furniture,Central,1,9866.17,9866.17,1789.77
ORD000331,2025-08-31,Smartphone,Electronics,East,2,33638.96,67277.92,13346.72
ORD010743,2025-08-31,Badminton Kit,Sports,North,2,13471.99,26943.98,9089.67
ORD002159,2025-08-31,Snacks,Groceries,East,3,1471.93,4415.79,238.58
ORD002175,2025-08-31,Tablet,Electronics,Central,1,67467.13,67467.13,10509.7
ORD006447,2025-08-31,Dairy Bundle,Groceries,East,3,418.0,1254.0,185.4
ORD007630,2025-08-31,Snacks,Groceries,Central,3,1620.3,4860.9,554.99
ORD011917,2025-08-31,Spices Pack,Groceries,East,4,975.69,3902.76,213.26
ORD003288,2025-08-31,Badminton Kit,Sports,South,1,1629.25,1629.25,474.7
ORD000393,2025-08-31,Cooking Oil,Groceries,Central,1,445.04,445.04,62.68
ORD011990,2025-08-31,T-Shirt,Clothing,South,1,3144.18,3144.18,1292.58
ORD007936,2025-08-31,Sofa,Furniture,West,3,11121.51,33364.53,3512.06
ORD011462,2025-08-31,Spices Pack,Groceries,West,1,229.46,229.46,18.4
ORD007636,2025-08-31,Desk,Furniture,South,2,2015.52,4031.04,770.93
ORD003622,2025-08-31,Wardrobe,Furniture,Central,1,5353.28,5353.28,962.47
ORD001406,2025-09-01,Chair,Furniture,Central,1,8925.53,31423.29,6161.86
ORD000334,2025-09-01,Snacks,Groceries,East,4,567.32,2269.28,149.93
ORD006283,2025-09-01,Dairy Bundle,Groceries,West,4,832.89,3331.56,426.14
ORD008012,2025-09-01,Smartphone,Electronics,South,3,15951.91,47855.73,6361.84
ORD001577,2025-09-01,Tablet,Electronics,West,8,58793.18,470345.44,61762.08
ORD004049,2025-09-01,Rice,Groceries,North,1,257.77,257.77,17.81
ORD006604,2025-09-01,Headphones,Electronics,East,4,53222.01,212888.04,38498.75
ORD008743,2025-09-01,Snacks,Groceries,North,5,1748.88,8744.4,700.9
ORD001383,2025-09-01,Badminton Kit,Sports,South,2,2446.99,24346.39,8316.41
ORD003213,2025-09-01,Cooking Oil,Groceries,North,2,928.53,8595.78,564.66
ORD005924,2025-09-01,Snacks,Groceries,West,2,1815.7,3631.4,477.19
ORD007263,2025-09-01,Bookshelf,Furniture,South,3,15888.84,257634.82,39201.96
ORD012175,2025-09-01,Spices Pack,Groceries,East,4,1382.51,5530.04,595.33
ORD003842,2025-09-01,Smartphone,Electronics,East,4,52273.02,209092.08,28831.88
ORD008039,2025-09-01,Cooking Oil,Groceries,South,4,603.32,2413.28,139.1
ORD003742,2025-09-01,Cooking Oil,Groceries,North,1,934.98,934.98,93.15
ORD008263,2025-09-01,Smartphone,Electronics,West,1,47920.78,47920.78,7467.59
ORD000458,2025-09-01,Cycle,Sports,East,1,8504.68,8504.68,2017.53
ORD006380,2025-09-01,Running Shoes,Sports,North,3,3593.53,10780.59,2318.67
ORD010372,2025-09-01,Desk,Furniture,North,3,23383.13,70149.39,17083.05
ORD001487,2025-09-01,Cycle,Sports,South,1,11899.98,11899.98,3532.97
ORD010345,2025-09-01,Smartphone,Electronics,South,1,67774.42,67774.42,9859.61
ORD004428,2025-09-01,Dumbbell Set,Sports,West,4,7486.64,29946.56,5236.73
ORD010637,2025-09-01,Running Shoes,Sports,North,4,9689.93,146425.88,39254.94
ORD009856,2025-09-01,Rice,Groceries,North,1,724.53,724.53,45.02
ORD005470,2025-09-01,Dairy Bundle,Groceries,Central,5,149.03,745.15,38.77
ORD001216,2025-09-01,Badminton Kit,Sports,West,3,9242.67,27728.01,8743.79
ORD008078,2025-09-01,Yoga Mat,Sports,North,1,8975.34,8975.34,2135.49
ORD010755,2025-09-01,Bookshelf,Furniture,South,1,20653.13,110932.49,17172.12
ORD012061,2025-09-01,Yoga Mat,Sports,North,2,4898.19,9796.38,2720.59
ORD009043,2025-09-01,Jeans,Clothing,North,6,4179.55,25077.3,7840.4
ORD002553,2025-09-01,Chair,Furniture,North,1,10834.93,10834.93,1256.78
ORD002820,2025-09-01,Dumbbell Set,Sports,North,3,753.72,2261.16,361.34
ORD011955,2025-09-01,Jacket,Clothing,West,1,3002.72,3002.72,1159.97
ORD005637,2025-09-01,Tablet,Electronics,Central,4,48563.63,194254.52,18192.23
ORD009653,2025-09-01,Laptop,Electronics,South,2,60952.92,121905.84,17818.8
ORD005175,2025-09-02,Dress,Clothing,South,2,2748.66,5497.32,1769.59
ORD003192,2025-09-02,Sofa,Furniture,West,3,2779.55,8338.65,1142.38
ORD002610,2025-09-02,Dumbbell Set,Sports,North,2,3810.8,7621.6,1232.35
ORD008104,2025-09-02,Dairy Bundle,Groceries,Central,3,1879.25,5637.75,445.07
ORD002608,2025-09-02,Desk,Furniture,West,2,13025.14,26050.28,4981.64
ORD008665,2025-09-02,Yoga Mat,Sports,South,1,11899.44,11899.44,2426.81
ORD002286,2025-09-02,Smartwatch,Electronics,East,1,44004.19,44004.19,7084.11
ORD007346,2025-09-02,Dumbbell Set,Sports,North,7,12526.3,87684.1,16498.5
ORD003486,2025-09-02,Cooking Oil,Groceries,Central,3,477.97,1433.91,157.97
ORD007319,2025-09-02,Badminton Kit,Sports,South,4,4461.45,17845.8,4136.61
ORD003891,2025-09-02,Cooking Oil,Groceries,South,6,965.45,5792.7,307.49
ORD010310,2025-09-02,Sofa,Furniture,South,3,14246.17,42738.51,7298.71
ORD006722,2025-09-02,Snacks,Groceries,East,5,1834.5,9172.5,1151.09
ORD011472,2025-09-02,Snacks,Groceries,South,1,672.88,672.88,76.53
ORD004140,2025-09-02,Rice,Groceries,West,6,856.37,5138.22,270.5
ORD002801,2025-09-02,Cooking Oil,Groceries,East,7,609.47,4266.29,347.99
ORD004200,2025-09-02,Dairy Bundle,Groceries,East,1,1730.91,1730.91,252.17
ORD006545,2025-09-02,Cooking Oil,Groceries,Central,4,1420.44,5681.76,512.11
ORD011092,2025-09-02,Dress,Clothing,South,1,1899.82,1899.82,732.27
ORD004773,2025-09-02,Running Shoes,Sports,Central,5,5344.98,26724.9,4582.58
ORD008323,2025-09-02,Spices Pack,Groceries,Central,2,1046.87,2093.74,309.16
ORD009004,2025-09-02,Cooking Oil,Groceries,South,2,749.95,1499.9,214.6
ORD004909,2025-09-03,Spices Pack,Groceries,West,2,1232.46,2464.92,236.73
ORD008592,2025-09-03,Cycle,Sports,South,4,7192.17,28768.68,6071.71
ORD003568,2025-09-03,Dairy Bundle,Groceries,Central,1,1024.24,1024.24,126.86
ORD002838,2025-09-03,Yoga Mat,Sports,Central,2,14390.58,28781.16,4509.57
ORD009613,2025-09-03,Snacks,Groceries,West,3,662.12,1986.36,132.01
ORD010290,2025-09-03,Shoes,Clothing,West,1,2637.95,2637.95,1001.36
ORD010737,2025-09-03,Jacket,Clothing,West,4,3348.6,13394.4,5909.83
ORD004807,2025-09-03,Cooking Oil,Groceries,North,3,1816.47,5449.41,329.35
ORD009587,2025-09-03,Jeans,Clothing,West,6,1411.1,8466.6,2659.14
ORD004636,2025-09-03,Dairy Bundle,Groceries,West,3,688.55,2065.65,211.09
ORD005661,2025-09-03,Shoes,Clothing,West,6,3133.67,18802.02,6482.34
ORD004582,2025-09-03,Sofa,Furniture,South,4,23536.76,94147.04,14619.56
ORD000583,2025-09-03,Cycle,Sports,North,4,2831.02,11324.08,3551.16
ORD000560,2025-09-03,Headphones,Electronics,East,2,27123.2,54246.4,5182.8
ORD001714,2025-09-03,Bookshelf,Furniture,East,1,17775.07,17775.07,3442.89
ORD009068,2025-09-03,Bookshelf,Furniture,East,2,12273.08,24546.16,5211.54
ORD005573,2025-09-03,Jacket,Clothing,East,1,395.02,395.02,145.24
ORD001713,2025-09-03,Smartphone,Electronics,South,4,68272.61,273090.44,42149.64
ORD002532,2025-09-03,Laptop,Electronics,South,1,44170.77,44170.77,5271.61
ORD005948,2025-09-03,Shoes,Clothing,West,5,1883.73,9418.65,2580.27
ORD001966,2025-09-03,Wardrobe,Furniture,West,3,28278.83,84836.49,10789.29
ORD009283,2025-09-03,Spices Pack,Groceries,East,5,363.8,1819.0,251.24
ORD002657,2025-09-03,Jacket,Clothing,East,1,4656.47,4656.47,2051.24
ORD008170,2025-09-03,Shoes,Clothing,East,8,2852.16,22817.28,6751.07
ORD011052,2025-09-03,Yoga Mat,Sports,North,3,2369.12,7107.36,2092.15
ORD001425,2025-09-03,Laptop,Electronics,North,2,48613.33,97226.66,11961.74
ORD009364,2025-09-03,Badminton Kit,Sports,South,2,944.05,1888.1,318.75
ORD008105,2025-09-03,Cooking Oil,Groceries,North,4,1409.64,5638.56,472.57
ORD006284,2025-09-03,Smartphone,Electronics,Central,2,60184.83,120369.66,10489.39
ORD002749,2025-09-03,Tablet,Electronics,South,1,49710.57,49710.57,9279.97
ORD000703,2025-09-03,Tablet,Electronics,Central,3,55793.93,167381.79,22923.89
ORD004770,2025-09-03,Dumbbell Set,Sports,East,1,989.94,989.94,265.93
ORD011520,2025-09-03,Jeans,Clothing,North,1,721.61,721.61,304.9
ORD007496,2025-09-04,Dress,Clothing,West,5,4714.33,23571.65,8132.12
ORD006754,2025-09-04,Running Shoes,Sports,Central,3,8500.39,25501.17,7886.73
ORD003945,2025-09-04,Cooking Oil,Groceries,North,2,701.54,1403.08,126.3
ORD007531,2025-09-04,Wardrobe,Furniture,South,2,2472.16,4944.32,606.87
ORD011344,2025-09-04,Smartwatch,Electronics,North,5,40724.26,203621.3,21104.86
ORD007566,2025-09-04,Rice,Groceries,South,2,606.65,1213.3,180.16
ORD006867,2025-09-04,Cycle,Sports,East,2,14369.65,28739.3,8846.38
ORD009694,2025-09-04,T-Shirt,Clothing,East,1,2391.34,2391.34,781.76
ORD007430,2025-09-04,Running Shoes,Sports,West,3,9025.04,27075.12,8622.65
ORD012072,2025-09-04,Jeans,Clothing,East,1,2425.16,2425.16,621.61
ORD011611,2025-09-04,Spices Pack,Groceries,West,1,902.03,902.03,75.92
ORD010331,2025-09-04,Smartphone,Electronics,East,5,60871.42,304357.1,44001.4
ORD003884,2025-09-04,Snacks,Groceries,South,3,636.83,1910.49,167.75
ORD012133,2025-09-04,Bookshelf,Furniture,North,6,27447.84,164687.04,27772.01
ORD002593,2025-09-04,Chair,Furniture,South,2,23039.85,245476.72,59209.02
ORD007732,2025-09-04,Spices Pack,Groceries,Central,1,800.88,800.88,63.57
ORD005355,2025-09-04,Headphones,Electronics,South,2,55677.38,111354.76,10460.85
ORD001783,2025-09-04,Bookshelf,Furniture,West,2,14836.08,29672.16,6194.09
ORD001376,2025-09-04,Laptop,Electronics,West,3,35947.93,107843.79,17351.6
ORD012037,2025-09-04,Sofa,Furniture,West,1,15371.58,15371.58,1681.04
ORD001168,2025-09-04,Running Shoes,Sports,Central,3,2160.07,6480.21,1469.5
ORD007624,2025-09-04,Spices Pack,Groceries,East,1,1635.23,1635.23,124.41
ORD001727,2025-09-04,Dress,Clothing,West,3,3484.4,10453.2,3065.72
ORD007112,2025-09-04,Badminton Kit,Sports,North,4,6901.85,27607.4,7002.26
ORD006740,2025-09-04,Spices Pack,Groceries,East,2,915.04,1830.08,249.77
ORD009858,2025-09-04,Dumbbell Set,Sports,South,2,6325.89,12651.78,2165.31
ORD001035,2025-09-04,T-Shirt,Clothing,Central,7,1074.12,7518.84,2124.48
ORD005235,2025-09-04,Tablet,Electronics,West,1,65491.71,65491.71,9357.75
ORD005699,2025-09-05,Dumbbell Set,Sports,South,1,11572.66,11572.66,3328.26
ORD008213,2025-09-05,Jeans,Clothing,West,1,2750.56,2750.56,1019.96
ORD003962,2025-09-05,Tablet,Electronics,Central,2,20848.45,41696.9,3733.98
ORD002066,2025-09-05,Snacks,Groceries,East,1,616.71,616.71,44.27
ORD005780,2025-09-05,Jacket,Clothing,North,8,874.76,6998.08,2884.24
ORD011994,2025-09-05,Cooking Oil,Groceries,North,3,600.54,1801.62,200.59
ORD006030,2025-09-05,Shoes,Clothing,South,3,882.24,2646.72,902.82
ORD012003,2025-09-05,Dairy Bundle,Groceries,North,8,1962.63,15701.04,1461.83
ORD000121,2025-09-05,Desk,Furniture,South,1,28332.84,28332.84,6887.41
ORD007210,2025-09-05,Rice,Groceries,South,5,1941.56,9707.8,676.91
ORD005064,2025-09-05,Spices Pack,Groceries,West,1,1036.77,1036.77,139.63
ORD011114,2025-09-05,Tablet,Electronics,North,2,70157.91,140315.82,17368.09
ORD000587,2025-09-05,Shoes,Clothing,Central,3,3269.52,9808.56,2598.79
ORD011212,2025-09-05,Rice,Groceries,East,5,1323.59,6617.95,391.54
ORD010497,2025-09-05,Desk,Furniture,West,7,23355.79,163490.53,17166.76
ORD006413,2025-09-05,Tablet,Electronics,North,3,75194.62,225583.86,23344.28
ORD009332,2025-09-05,Tablet,Electronics,East,1,36903.55,36903.55,5292.26
ORD000110,2025-09-05,Shoes,Clothing,Central,2,3353.27,6706.54,2765.15
ORD000695,2025-09-05,Cycle,Sports,Central,6,14562.41,87374.46,21036.09
ORD008239,2025-09-05,Bookshelf,Furniture,Central,1,4301.64,4301.64,642.04
ORD005016,2025-09-05,Tablet,Electronics,Central,1,8384.42,8384.42,1661.66
ORD006736,2025-09-05,T-Shirt,Clothing,West,5,1030.63,5153.15,1798.37
ORD010458,2025-09-05,Cooking Oil,Groceries,East,8,1042.89,8343.12,929.96
ORD006567,2025-09-05,Badminton Kit,Sports,West,1,9395.13,9395.13,2183.35
ORD001883,2025-09-05,Shoes,Clothing,Central,1,2616.25,2616.25,719.43
ORD009046,2025-09-05,Sofa,Furniture,West,5,29190.95,145954.75,27160.37
ORD006589,2025-09-05,Running Shoes,Sports,North,3,11483.49,34450.47,8055.9
ORD001855,2025-09-05,Spices Pack,Groceries,East,1,635.07,635.07,92.93
ORD001184,2025-09-05,Laptop,Electronics,North,4,16856.24,67424.96,9913.97
ORD001140,2025-09-05,Bookshelf,Furniture,South,2,19754.91,39509.82,4371.36
ORD002042,2025-09-05,Dumbbell Set,Sports,East,2,9567.29,19134.58,5729.19
ORD003124,2025-09-06,Smartphone,Electronics,South,1,20008.69,20008.69,3515.34
ORD007236,2025-09-06,Shoes,Clothing,North,1,4478.75,4478.75,2008.0
ORD007162,2025-09-06,Smartphone,Electronics,South,1,53240.22,53240.22,7979.88
ORD006569,2025-09-06,Chair,Furniture,West,3,28258.88,84776.64,8532.11
ORD006566,2025-09-06,Chair,Furniture,South,1,20711.26,20711.26,2638.02
ORD000873,2025-09-06,Bookshelf,Furniture,North,3,13652.31,40956.93,7052.85
ORD007223,2025-09-06,Desk,Furniture,East,2,11763.54,23527.08,3764.86
ORD012064,2025-09-06,Smartphone,Electronics,West,1,38971.84,38971.84,3204.7
ORD007439,2025-09-06,Rice,Groceries,South,3,143.11,429.33,61.44
ORD012033,2025-09-06,Cycle,Sports,West,3,1775.5,5326.5,1573.21
ORD003535,2025-09-06,Headphones,Electronics,North,1,19148.67,19148.67,1952.22
ORD006931,2025-09-06,Headphones,Electronics,North,6,30297.0,181782.0,21023.83
ORD004421,2025-09-06,Snacks,Groceries,North,4,1189.65,4758.6,644.14
ORD009011,2025-09-06,Desk,Furniture,Central,4,15327.33,61309.32,8612.47
ORD009149,2025-09-06,Chair,Furniture,North,1,3658.96,3658.96,891.47
ORD010384,2025-09-06,Desk,Furniture,South,2,28078.63,56157.26,12536.17
ORD009293,2025-09-06,Sofa,Furniture,North,1,23308.2,23308.2,2982.19
ORD012138,2025-09-06,Cooking Oil,Groceries,North,1,923.12,923.12,115.38
ORD005265,2025-09-06,Running Shoes,Sports,East,3,13435.62,40306.86,6294.18
ORD012238,2025-09-06,Smartwatch,Electronics,Central,1,73107.17,73107.17,9716.29
ORD004427,2025-09-06,Jacket,Clothing,South,6,436.28,2617.68,974.97
ORD004990,2025-09-06,Cycle,Sports,West,1,14283.87,14283.87,3954.5
ORD008251,2025-09-06,Shoes,Clothing,North,2,1719.63,3439.26,1301.72
ORD001043,2025-09-06,Yoga Mat,Sports,East,1,8311.18,8311.18,2074.16
ORD007169,2025-09-06,Headphones,Electronics,East,7,49650.07,347550.49,68992.77
ORD007431,2025-09-06,Bookshelf,Furniture,Central,4,9967.7,39870.8,7428.78
ORD011601,2025-09-06,Smartwatch,Electronics,Central,3,53917.69,161753.07,22200.49
ORD012162,2025-09-06,Yoga Mat,Sports,South,1,2710.42,2710.42,629.37
ORD000253,2025-09-06,Desk,Furniture,East,1,21172.47,21172.47,2633.7
ORD007495,2025-09-06,Wardrobe,Furniture,West,1,20697.17,20697.17,4723.44
ORD009512,2025-09-06,Headphones,Electronics,East,2,50153.84,100307.68,19272.58
ORD009463,2025-09-06,Rice,Groceries,South,2,575.95,1151.9,98.34
ORD001576,2025-09-06,Cooking Oil,Groceries,Central,2,1297.47,2594.94,194.2
ORD006684,2025-09-06,Dress,Clothing,South,5,1072.04,5360.2,2205.7
ORD004132,2025-09-07,Yoga Mat,Sports,West,1,11496.85,11496.85,1775.08
ORD012339,2025-09-07,Dumbbell Set,Sports,West,2,7525.8,15051.6,4325.56
ORD011482,2025-09-07,Spices Pack,Groceries,North,1,1220.48,1220.48,157.12
ORD005142,2025-09-07,Smartphone,Electronics,Central,2,74638.11,149276.22,26790.84
ORD007092,2025-09-07,Cooking Oil,Groceries,West,3,1762.86,5288.58,448.03
ORD011418,2025-09-07,Rice,Groceries,South,5,277.47,1387.35,171.42
ORD009214,2025-09-07,Cooking Oil,Groceries,West,3,1237.16,3711.48,324.42
ORD002500,2025-09-07,Dairy Bundle,Groceries,South,7,1649.92,11549.44,1267.33
ORD001597,2025-09-07,Chair,Furniture,South,3,28678.82,86036.46,12820.41
ORD001337,2025-09-07,Smartwatch,Electronics,South,1,59350.9,59350.9,6166.9
ORD004781,2025-09-07,Cycle,Sports,South,5,12575.3,62876.5,10340.31
ORD006533,2025-09-07,Yoga Mat,Sports,South,1,5743.86,5743.86,1552.42
ORD001092,2025-09-07,Cooking Oil,Groceries,North,1,163.06,942.23,75.75
ORD002415,2025-09-07,Spices Pack,Groceries,South,1,689.59,3501.44,351.32
ORD007896,2025-09-07,Cycle,Sports,Central,2,12079.89,24159.78,5839.65
ORD010050,2025-09-07,Yoga Mat,Sports,Central,2,14235.09,28470.18,5368.87
ORD000742,2025-09-07,Smartphone,Electronics,Central,6,47203.22,283219.32,22853.26
ORD005590,2025-09-07,Spices Pack,Groceries,North,2,1320.05,2640.1,140.13
ORD008723,2025-09-07,Dress,Clothing,Central,1,1379.75,1379.75,312.97
ORD009875,2025-09-07,Cooking Oil,Groceries,South,3,1944.89,5834.67,662.66
ORD006487,2025-09-07,Bookshelf,Furniture,North,1,24820.22,145552.93,21611.48
ORD008398,2025-09-07,Running Shoes,Sports,West,4,5371.47,21485.88,3855.24
ORD009256,2025-09-07,Chair,Furniture,Central,1,17281.76,17281.76,2925.75
ORD007666,2025-09-07,Yoga Mat,Sports,South,3,1335.82,4007.46,1352.33
ORD009582,2025-09-07,Yoga Mat,Sports,Central,1,8529.46,45082.88,7865.74
ORD000674,2025-09-07,Smartphone,Electronics,West,1,32907.32,32907.32,4097.77
ORD010274,2025-09-07,Rice,Groceries,West,3,1597.0,4791.0,255.98
ORD004725,2025-09-07,Badminton Kit,Sports,West,1,5186.31,5186.31,1108.52
ORD008225,2025-09-07,Chair,Furniture,East,5,27386.73,136933.65,22086.13
ORD011230,2025-09-08,Dairy Bundle,Groceries,Central,1,1341.3,1341.3,197.24
ORD000645,2025-09-08,Wardrobe,Furniture,South,4,2929.69,11718.76,1310.0
ORD003060,2025-09-08,Tablet,Electronics,Central,3,27083.4,81250.2,13052.61
ORD006667,2025-09-08,Dairy Bundle,Groceries,South,3,1068.8,3206.4,437.04
ORD002047,2025-09-08,Cooking Oil,Groceries,West,3,1009.2,3027.6,432.6
ORD007315,2025-09-08,Wardrobe,Furniture,East,4,20366.56,81466.24,9611.07
ORD010503,2025-09-08,Jacket,Clothing,South,1,1200.49,1200.49,405.63
ORD001206,2025-09-08,Laptop,Electronics,East,2,57555.74,115111.48,11150.43
ORD008174,2025-09-08,Smartphone,Electronics,West,5,33918.09,169590.45,13893.59
ORD001083,2025-09-08,Laptop,Electronics,South,3,41932.68,125798.04,24844.18
ORD009053,2025-09-08,Badminton Kit,Sports,Central,6,6004.58,36027.48,9891.43
ORD008796,2025-09-08,Dairy Bundle,Groceries,North,2,615.32,1230.64,159.35
ORD010108,2025-09-08,Tablet,Electronics,East,1,67986.46,67986.46,8428.09
ORD000408,2025-09-08,Desk,Furniture,Central,1,26357.1,26357.1,4686.97
ORD009036,2025-09-08,Chair,Furniture,East,1,25262.2,25262.2,6082.38
ORD004913,2025-09-08,Jeans,Clothing,North,3,2621.74,7865.22,3129.65
ORD005032,2025-09-08,Shoes,Clothing,North,2,3041.02,6082.04,1566.07
ORD005986,2025-09-08,Shoes,Clothing,North,3,746.44,2239.32,627.44
ORD002124,2025-09-08,Spices Pack,Groceries,North,2,576.67,1153.34,71.56
ORD004975,2025-09-08,Wardrobe,Furniture,Central,1,16320.22,16320.22,2709.52
ORD001461,2025-09-08,Wardrobe,Furniture,Central,1,11108.26,11108.26,2298.22
ORD008818,2025-09-08,Jeans,Clothing,West,1,2441.82,2441.82,767.82
ORD007437,2025-09-08,Smartwatch,Electronics,South,1,35672.41,35672.41,6014.62
ORD001375,2025-09-08,Jeans,Clothing,South,1,4112.28,4112.28,1476.26
ORD008195,2025-09-08,Shoes,Clothing,East,6,1922.24,11533.44,2357.41
ORD001663,2025-09-08,T-Shirt,Clothing,West,3,3975.21,11925.63,4626.39
ORD003347,2025-09-08,Smartwatch,Electronics,Central,3,56746.72,170240.16,30027.89
ORD006281,2025-09-08,Cooking Oil,Groceries,North,2,1579.34,3158.68,236.49
ORD000055,2025-09-08,Bookshelf,Furniture,Central,1,8406.35,8406.35,937.7
ORD005360,2025-09-08,Badminton Kit,Sports,Central,2,661.74,1323.48,262.66
ORD012086,2025-09-08,Cycle,Sports,South,1,8071.51,8071.51,2048.51
ORD004499,2025-09-08,Shoes,Clothing,South,3,1077.24,3231.72,1436.27
ORD003649,2025-09-08,Smartwatch,Electronics,East,2,19413.46,38826.92,5377.38
ORD002417,2025-09-08,Laptop,Electronics,South,1,54478.47,54478.47,5376.63
ORD009160,2025-09-08,Desk,Furniture,Central,3,21457.95,64373.85,7984.93
ORD009973,2025-09-08,Cycle,Sports,East,4,6819.67,27278.68,7019.46
ORD008693,2025-09-09,Laptop,Electronics,Central,1,33214.54,33214.54,5733.78
ORD007571,2025-09-09,Cycle,Sports,North,2,10804.68,21609.36,7483.79
ORD008372,2025-09-09,T-Shirt,Clothing,Central,1,4012.68,4012.68,1714.49
ORD002511,2025-09-09,T-Shirt,Clothing,Central,2,3434.56,6869.12,2121.52
ORD010235,2025-09-09,Tablet,Electronics,South,3,42755.12,128265.36,12348.94
ORD009922,2025-09-09,Shoes,Clothing,West,2,3940.98,7881.96,3269.12
ORD010878,2025-09-09,Desk,Furniture,South,1,12301.51,12301.51,1260.81
ORD004291,2025-09-09,T-Shirt,Clothing,West,2,1568.88,3137.76,1230.33
ORD001679,2025-09-09,Cooking Oil,Groceries,East,2,1422.7,2845.4,251.19
ORD001817,2025-09-09,Sofa,Furniture,North,4,14833.06,59332.24,9059.02
ORD000612,2025-09-09,Jacket,Clothing,East,5,2331.97,11659.85,5082.58
ORD005477,2025-09-09,Badminton Kit,Sports,East,4,3739.48,14957.92,2485.55
ORD001706,2025-09-09,Desk,Furniture,Central,6,13513.36,81080.16,9690.06
ORD005816,2025-09-09,Running Shoes,Sports,North,5,13969.73,69848.65,23200.25
ORD011165,2025-09-09,Rice,Groceries,North,1,132.17,132.17,18.51
ORD011818,2025-09-09,Cooking Oil,Groceries,South,4,1906.42,7625.68,660.79
ORD011156,2025-09-09,Yoga Mat,Sports,South,1,6771.01,6771.01,1866.16
ORD007155,2025-09-09,Dairy Bundle,Groceries,Central,4,488.45,1953.8,144.33
ORD008867,2025-09-09,Cycle,Sports,East,7,3115.51,116401.15,28625.69
ORD003853,2025-09-09,Spices Pack,Groceries,West,4,193.41,773.64,41.08
ORD008050,2025-09-09,Tablet,Electronics,South,1,41979.53,41979.53,7654.06
ORD007602,2025-09-09,Smartphone,Electronics,East,4,39253.5,157014.0,16178.26
ORD006095,2025-09-09,Badminton Kit,Sports,North,1,7898.81,7898.81,1870.1
ORD010070,2025-09-09,Smartphone,Electronics,North,3,63749.61,191248.83,22682.51
ORD008538,2025-09-09,Chair,Furniture,West,2,17966.95,164186.41,22246.98
ORD002268,2025-09-09,Running Shoes,Sports,Central,1,8549.44,8549.44,2287.82
ORD010132,2025-09-09,Badminton Kit,Sports,North,4,8072.78,32291.12,10832.14
ORD006653,2025-09-09,Chair,Furniture,Central,3,19242.19,57726.57,11260.62
ORD006450,2025-09-09,Jeans,Clothing,North,2,4470.27,8940.54,1812.62
ORD010679,2025-09-09,Bookshelf,Furniture,East,2,22628.21,45256.42,7285.57
ORD005899,2025-09-09,Wardrobe,Furniture,South,5,8301.13,41505.65,7119.02
ORD009314,2025-09-09,Cycle,Sports,West,2,2103.73,4207.46,809.62
ORD005237,2025-09-09,Smartwatch,Electronics,East,5,66026.83,330134.15,31648.44
ORD006966,2025-09-09,Yoga Mat,Sports,South,4,5692.24,22768.96,7487.47
ORD001718,2025-09-09,Sofa,Furniture,North,1,21807.12,21807.12,3453.91
ORD012243,2025-09-09,T-Shirt,Clothing,West,1,4339.49,4339.49,1886.36
ORD010818,2025-09-09,Headphones,Electronics,Central,4,27500.19,110000.76,9682.45
ORD007501,2025-09-09,Dress,Clothing,South,1,2648.45,2648.45,1024.12
ORD011604,2025-09-10,Badminton Kit,Sports,South,6,3711.76,22270.56,7363.64
ORD007724,2025-09-10,Shoes,Clothing,Central,6,2498.73,14992.38,4165.69
ORD004413,2025-09-10,Laptop,Electronics,West,3,71254.21,213762.63,24843.53
ORD009536,2025-09-10,Snacks,Groceries,West,3,416.79,1250.37,118.26
ORD009165,2025-09-10,Laptop,Electronics,East,1,15505.51,15505.51,2503.58
ORD004164,2025-09-10,Jeans,Clothing,North,3,891.92,2675.76,1139.27
ORD011224,2025-09-10,Cycle,Sports,West,4,3043.16,12172.64,3520.87
ORD008507,2025-09-10,Tablet,Electronics,South,2,51869.42,103738.84,9741.32
ORD001413,2025-09-10,T-Shirt,Clothing,East,5,1811.85,9059.25,3732.51
ORD006584,2025-09-10,Desk,Furniture,West,3,13078.76,39236.28,5033.62
ORD005951,2025-09-10,Sofa,Furniture,West,3,3821.29,11463.87,2822.76
ORD002032,2025-09-10,Headphones,Electronics,West,1,63106.16,63106.16,6964.6
ORD012370,2025-09-10,Spices Pack,Groceries,West,5,1946.14,9730.7,1123.88
ORD001164,2025-09-10,Shoes,Clothing,East,3,4159.63,12478.89,2500.66
ORD002784,2025-09-10,Shoes,Clothing,South,2,3574.44,7148.88,2726.09
ORD012323,2025-09-10,Spices Pack,Groceries,Central,1,785.89,785.89,105.63
ORD003121,2025-09-10,Snacks,Groceries,Central,3,1847.61,5542.83,329.71
ORD003725,2025-09-10,Yoga Mat,Sports,Central,1,9937.01,9937.01,1721.63
ORD010321,2025-09-10,Chair,Furniture,Central,2,11357.15,22714.3,3467.18
ORD004541,2025-09-10,Tablet,Electronics,East,3,32333.84,97001.52,13229.21
ORD007763,2025-09-10,Dress,Clothing,Central,6,2814.34,16886.04,3927.86
ORD009020,2025-09-10,Smartphone,Electronics,West,3,61065.87,183197.61,29214.47
ORD004978,2025-09-10,Smartwatch,Electronics,Central,2,19966.44,39932.88,4869.29
ORD009833,2025-09-10,Spices Pack,Groceries,Central,1,1242.08,1242.08,140.26
ORD009336,2025-09-10,Wardrobe,Furniture,North,2,11754.87,23509.74,5846.64
ORD004470,2025-09-10,Running Shoes,Sports,East,4,6144.36,24577.44,5226.98
ORD011264,2025-09-10,Smartwatch,Electronics,South,3,55487.38,166462.14,27619.67
ORD004964,2025-09-10,Desk,Furniture,West,1,14460.52,14460.52,3614.06
ORD004198,2025-09-10,Cooking Oil,Groceries,South,2,1597.5,3195.0,384.71
ORD011013,2025-09-10,Dress,Clothing,North,3,1692.21,5076.63,1138.2
ORD003594,2025-09-10,Headphones,Electronics,West,2,50664.91,101329.82,12726.1
ORD008601,2025-09-10,Desk,Furniture,East,2,17864.85,35729.7,7453.04
ORD010512,2025-09-10,Tablet,Electronics,Central,5,45742.96,228714.8,24410.95
ORD010672,2025-09-10,Shoes,Clothing,South,4,2895.27,11581.08,4012.15
ORD006842,2025-09-10,Dairy Bundle,Groceries,West,1,1702.97,1702.97,172.39
ORD008726,2025-09-11,Yoga Mat,Sports,South,1,14746.1,14746.1,2674.07
ORD005600,2025-09-11,Running Shoes,Sports,East,2,7576.87,15153.74,5125.42
ORD006756,2025-09-11,Tablet,Electronics,South,3,43636.55,130909.65,25329.52
ORD009091,2025-09-11,Spices Pack,Groceries,East,2,1766.6,3533.2,214.67
ORD010211,2025-09-11,Bookshelf,Furniture,North,1,13368.16,13368.16,2957.84
ORD002463,2025-09-11,Tablet,Electronics,Central,1,11571.63,11571.63,1282.69
ORD006988,2025-09-11,Headphones,Electronics,West,2,64859.26,129718.52,13417.05
ORD001826,2025-09-11,Running Shoes,Sports,West,2,11657.01,23314.02,5352.27
ORD003752,2025-09-11,Dress,Clothing,North,1,887.92,887.92,206.39
ORD008356,2025-09-11,Cooking Oil,Groceries,South,3,1508.65,4525.95,374.91
ORD006927,2025-09-11,Tablet,Electronics,Central,3,78920.7,236762.1,21675.59
ORD009665,2025-09-11,Chair,Furniture,West,4,4116.84,16467.36,2354.17
ORD008893,2025-09-11,Wardrobe,Furniture,East,1,8607.32,8607.32,1228.43
ORD001464,2025-09-11,Shoes,Clothing,West,2,4091.46,8182.92,3651.34
ORD004665,2025-09-11,T-Shirt,Clothing,East,5,1887.24,9436.2,3797.3
ORD008565,2025-09-11,Sofa,Furniture,East,2,13482.51,26965.02,5965.52
ORD012274,2025-09-11,Yoga Mat,Sports,West,5,6331.47,31657.35,8961.24
ORD002766,2025-09-11,Dumbbell Set,Sports,West,3,8408.71,25226.13,4457.04
ORD007254,2025-09-11,Chair,Furniture,East,1,26787.92,26787.92,4131.73
ORD001650,2025-09-11,T-Shirt,Clothing,West,2,2064.7,4129.4,1655.7
ORD011778,2025-09-11,Jeans,Clothing,West,3,1283.17,3849.51,1402.06
ORD004817,2025-09-11,T-Shirt,Clothing,East,2,796.91,1593.82,583.66
ORD011009,2025-09-11,Yoga Mat,Sports,Central,5,12059.5,60297.5,14327.95
ORD007827,2025-09-11,Running Shoes,Sports,South,3,11725.76,35177.28,6965.37
ORD012165,2025-09-11,Cooking Oil,Groceries,West,2,1373.78,2747.56,203.59
ORD006451,2025-09-11,Badminton Kit,Sports,Central,2,13351.29,26702.58,5455.25
ORD006155,2025-09-11,T-Shirt,Clothing,North,2,1110.26,2220.52,843.61
ORD007980,2025-09-11,Jacket,Clothing,West,2,2827.52,5655.04,1215.19
ORD008767,2025-09-11,Desk,Furniture,North,4,15108.98,60435.92,14259.24
ORD001217,2025-09-11,Headphones,Electronics,East,3,78848.95,236546.85,27110.32
ORD012068,2025-09-11,T-Shirt,Clothing,North,1,837.35,837.35,224.74
ORD011886,2025-09-11,Badminton Kit,Sports,West,4,3356.73,13426.92,2899.24
ORD002079,2025-09-11,Laptop,Electronics,West,1,46901.56,46901.56,8542.56
ORD010595,2025-09-11,Snacks,Groceries,South,3,671.85,2015.55,288.96
ORD007204,2025-09-11,Running Shoes,Sports,North,2,1087.26,2174.52,592.63
ORD007241,2025-09-11,Badminton Kit,Sports,West,3,1667.49,5002.47,1312.45
ORD011098,2025-09-11,Yoga Mat,Sports,Central,4,3837.66,15350.64,4324.3
ORD004423,2025-09-11,Rice,Groceries,North,1,136.18,136.18,16.78
ORD005827,2025-09-11,Shoes,Clothing,Central,3,647.63,1942.89,473.58
ORD011831,2025-09-11,Dumbbell Set,Sports,Central,2,6330.7,12661.4,1973.77
ORD001857,2025-09-11,Chair,Furniture,North,1,21774.89,79443.65,15364.67
ORD007913,2025-09-11,Rice,Groceries,West,1,258.96,258.96,20.03
ORD005950,2025-09-12,Spices Pack,Groceries,East,1,1414.46,1414.46,87.93
ORD005676,2025-09-12,Cooking Oil,Groceries,South,4,846.25,3385.0,170.73
ORD002354,2025-09-12,Spices Pack,Groceries,Central,3,1591.62,4774.86,332.19
ORD009022,2025-09-12,Bookshelf,Furniture,North,1,14569.95,14569.95,1590.54
ORD004106,2025-09-12,Laptop,Electronics,North,2,20528.75,41057.5,7032.79
ORD000975,2025-09-12,Wardrobe,Furniture,Central,2,11189.4,22378.8,3694.8
ORD005923,2025-09-12,Spices Pack,Groceries,Central,1,1965.88,1965.88,110.69
ORD003999,2025-09-12,Jacket,Clothing,North,1,1284.74,1284.74,403.19
ORD003094,2025-09-12,Running Shoes,Sports,West,3,11926.51,35779.53,7493.77
ORD002420,2025-09-12,Chair,Furniture,Central,1,3114.72,3114.72,439.48
ORD007010,2025-09-12,Tablet,Electronics,East,1,77507.99,77507.99,7588.92
ORD008659,2025-09-12,Headphones,Electronics,West,2,43900.96,87801.92,13435.36
ORD004275,2025-09-12,Headphones,Electronics,West,2,35944.74,71889.48,6576.65
ORD001069,2025-09-12,Dress,Clothing,North,1,673.21,673.21,257.75
ORD002295,2025-09-12,Smartphone,Electronics,North,1,56363.04,56363.04,9441.78
ORD007113,2025-09-12,Dairy Bundle,Groceries,Central,4,1091.45,4365.8,453.8
ORD006264,2025-09-12,Cycle,Sports,South,5,683.54,3417.7,513.48
ORD002987,2025-09-12,Cycle,Sports,Central,3,12174.23,36522.69,11688.23
ORD007300,2025-09-12,Snacks,Groceries,Central,6,853.42,17449.94,2601.64
ORD002556,2025-09-12,Rice,Groceries,North,2,1943.14,3886.28,530.5
ORD002720,2025-09-12,Wardrobe,Furniture,North,3,2849.91,8549.73,1937.13
ORD007373,2025-09-12,Chair,Furniture,North,2,5175.15,10350.3,1708.41
ORD002746,2025-09-12,Shoes,Clothing,North,8,1034.9,8279.2,3211.91
ORD007612,2025-09-12,Cooking Oil,Groceries,Central,5,1986.18,9930.9,1449.11
ORD006340,2025-09-12,Spices Pack,Groceries,North,3,1516.39,4549.17,339.29
ORD003547,2025-09-12,Jeans,Clothing,West,1,3539.61,3539.61,820.4
ORD003410,2025-09-12,Rice,Groceries,North,1,1733.06,1733.06,209.66
ORD010725,2025-09-12,Spices Pack,Groceries,East,1,1752.67,1752.67,153.66
ORD005504,2025-09-12,Rice,Groceries,North,3,1318.83,3956.49,544.78
ORD007146,2025-09-12,Snacks,Groceries,Central,1,1559.26,1559.26,79.93
ORD001522,2025-09-13,Spices Pack,Groceries,Central,8,315.28,2522.24,227.91
ORD006610,2025-09-13,Jacket,Clothing,West,4,4246.26,16985.04,4927.27
ORD010261,2025-09-13,Wardrobe,Furniture,South,4,10125.61,40502.44,8729.02
ORD010972,2025-09-13,Cooking Oil,Groceries,North,1,1565.98,1565.98,132.62
ORD009586,2025-09-13,Jeans,Clothing,South,3,3765.17,47077.75,20031.44
ORD007730,2025-09-13,Snacks,Groceries,West,3,1391.15,4173.45,437.36
ORD005205,2025-09-13,Jacket,Clothing,Central,1,3167.84,3167.84,755.51
ORD007200,2025-09-13,Tablet,Electronics,West,1,63684.24,63684.24,5492.53
ORD006426,2025-09-13,Dairy Bundle,Groceries,North,4,527.61,2110.44,192.21
ORD002151,2025-09-13,Smartphone,Electronics,South,1,13804.31,13804.31,2660.76
ORD009669,2025-09-13,Dumbbell Set,Sports,East,3,7893.23,23679.69,6576.85
ORD004509,2025-09-13,Laptop,Electronics,West,2,15471.78,30943.56,5494.07
ORD011984,2025-09-13,Cooking Oil,Groceries,South,3,527.46,1582.38,85.64
ORD001292,2025-09-13,Rice,Groceries,South,3,1055.86,3167.58,300.71
ORD003544,2025-09-13,Shoes,Clothing,Central,2,3373.77,6747.54,2392.99
ORD003901,2025-09-13,Badminton Kit,Sports,West,3,1048.39,3145.17,549.18
ORD002865,2025-09-13,Wardrobe,Furniture,West,5,6671.76,33358.8,7958.07
ORD004553,2025-09-13,Badminton Kit,Sports,West,3,2463.57,7390.71,1539.18
ORD008963,2025-09-13,Dress,Clothing,Central,3,2028.14,6084.42,2406.38
ORD010570,2025-09-13,Shoes,Clothing,South,1,1072.4,1072.4,219.98
ORD006158,2025-09-13,Cycle,Sports,East,2,10421.04,20842.08,4024.79
ORD000694,2025-09-13,Badminton Kit,Sports,South,1,11715.36,11715.36,2063.95
ORD006619,2025-09-13,Bookshelf,Furniture,Central,1,8633.98,8633.98,1761.72
ORD005460,2025-09-13,Dress,Clothing,North,2,3163.35,6326.7,1700.16
ORD009901,2025-09-13,Sofa,Furniture,North,2,28502.23,57004.46,6313.94
ORD002226,2025-09-13,Smartphone,Electronics,East,2,38240.79,76481.58,11426.59
ORD005585,2025-09-13,Running Shoes,Sports,West,4,7544.4,30177.6,5045.54
ORD002075,2025-09-13,Cycle,Sports,Central,2,11069.62,22139.24,6773.81
ORD007572,2025-09-13,Smartwatch,Electronics,South,4,59228.93,236915.72,30844.22
ORD000419,2025-09-13,Smartphone,Electronics,North,4,73868.9,295475.6,36487.47
ORD007321,2025-09-13,T-Shirt,Clothing,North,4,2801.5,11206.0,4393.9
ORD005672,2025-09-13,Running Shoes,Sports,South,2,6054.45,12108.9,3927.2
ORD007829,2025-09-14,Laptop,Electronics,Central,4,36461.06,145844.24,28874.17
ORD002176,2025-09-14,Jeans,Clothing,East,3,3986.71,11960.13,4181.75
ORD009244,2025-09-14,Spices Pack,Groceries,North,1,451.31,451.31,36.36
ORD011339,2025-09-14,Spices Pack,Groceries,North,1,774.82,3866.02,301.29
ORD004267,2025-09-14,Headphones,Electronics,Central,1,48107.43,48107.43,8393.87
ORD000640,2025-09-14,Headphones,Electronics,South,1,18259.68,18259.68,2553.92
ORD010219,2025-09-14,Jeans,Clothing,South,1,1693.71,1693.71,691.84
ORD003960,2025-09-14,Desk,Furniture,North,2,5185.33,10370.66,1676.36
ORD010776,2025-09-14,Dress,Clothing,North,3,2934.81,8804.43,2543.22
ORD002533,2025-09-14,Desk,Furniture,South,2,22639.71,45279.42,4777.29
ORD011614,2025-09-14,Badminton Kit,Sports,East,5,6771.44,33857.2,5363.43
ORD007626,2025-09-14,Wardrobe,Furniture,South,2,2929.25,20454.31,3631.71
ORD010205,2025-09-14,Shoes,Clothing,South,2,3619.98,7239.96,2202.82
ORD011973,2025-09-14,Smartphone,Electronics,West,2,10632.74,21265.48,3638.64
ORD011960,2025-09-14,Snacks,Groceries,South,1,531.77,531.77,64.45
ORD007532,2025-09-14,Jeans,Clothing,Central,1,732.78,732.78,190.48
ORD011296,2025-09-14,Cycle,Sports,North,1,7706.54,7706.54,2691.24
ORD011871,2025-09-14,Smartphone,Electronics,Central,2,44624.57,89249.14,10114.22
ORD010652,2025-09-14,Shoes,Clothing,North,1,4150.64,4150.64,1658.51
ORD010792,2025-09-14,Desk,Furniture,Central,6,7151.4,42908.4,7911.76
ORD004372,2025-09-14,Bookshelf,Furniture,South,2,14091.62,28183.24,3046.32
ORD001664,2025-09-14,Bookshelf,Furniture,West,3,24484.06,73452.18,13052.54
ORD005813,2025-09-14,Cycle,Sports,North,2,2175.57,4351.14,714.78
ORD011574,2025-09-14,Cooking Oil,Groceries,North,7,521.37,3649.59,329.69
ORD007128,2025-09-14,Rice,Groceries,East,1,1652.54,1652.54,234.0
ORD010231,2025-09-14,Dress,Clothing,Central,1,2760.92,2760.92,640.81
ORD001545,2025-09-14,Chair,Furniture,North,4,18321.93,73287.72,10111.16
ORD003789,2025-09-14,Jacket,Clothing,East,1,3029.75,3029.75,1147.05
ORD006270,2025-09-14,Smartphone,Electronics,North,1,26376.65,26376.65,2392.63
ORD011854,2025-09-14,Snacks,Groceries,North,3,376.43,1129.29,166.51
ORD006786,2025-09-14,Badminton Kit,Sports,North,2,2605.88,5211.76,812.81
ORD010009,2025-09-14,Yoga Mat,Sports,Central,2,11256.29,22512.58,7754.16
ORD003823,2025-09-14,Smartwatch,Electronics,East,3,19859.68,59579.04,9693.34
ORD003767,2025-09-14,Rice,Groceries,North,2,526.71,1053.42,105.36
ORD010958,2025-09-14,Sofa,Furniture,Central,6,21577.13,129462.78,21473.36
ORD012336,2025-09-14,Dumbbell Set,Sports,West,2,924.58,1849.16,440.01
ORD004000,2025-09-14,Spices Pack,Groceries,South,4,1826.03,7304.12,441.52
ORD009734,2025-09-14,Desk,Furniture,North,3,26781.51,314743.8,50323.09
ORD000928,2025-09-14,Jacket,Clothing,South,1,4618.95,4618.95,1215.06
ORD005069,2025-09-14,Tablet,Electronics,North,2,16584.46,33168.92,5237.07
ORD007294,2025-09-14,Dairy Bundle,Groceries,North,2,1966.84,3933.68,267.79
ORD007290,2025-09-14,Smartwatch,Electronics,South,2,18130.07,36260.14,3856.66
ORD009579,2025-09-15,Sofa,Furniture,West,5,10302.61,169668.08,21995.7
ORD000906,2025-09-15,Dumbbell Set,Sports,East,3,10074.39,30223.17,9153.83
ORD000803,2025-09-15,Smartwatch,Electronics,North,1,12998.52,12998.52,1849.52
ORD005870,2025-09-15,Badminton Kit,Sports,North,1,10853.79,33949.61,7079.26
ORD004730,2025-09-15,Wardrobe,Furniture,East,2,20568.14,41136.28,6222.14
ORD002939,2025-09-15,Laptop,Electronics,West,1,70424.84,70424.84,11289.96
ORD011821,2025-09-15,Cycle,Sports,North,2,2554.58,5109.16,1229.2
ORD001226,2025-09-15,Bookshelf,Furniture,West,4,9566.94,38267.76,9374.17
ORD010989,2025-09-15,Headphones,Electronics,East,3,22425.15,67275.45,7368.64
ORD001561,2025-09-15,Sofa,Furniture,South,6,9582.58,57495.48,7884.58
ORD006735,2025-09-15,T-Shirt,Clothing,South,3,1404.26,4212.78,1308.56
ORD009010,2025-09-15,Smartphone,Electronics,West,2,31747.6,63495.2,5552.41
ORD000778,2025-09-15,Yoga Mat,Sports,Central,4,3807.16,15228.64,2930.13
ORD008140,2025-09-15,Shoes,Clothing,North,5,1129.8,5649.0,2026.57
ORD006741,2025-09-15,Jacket,Clothing,South,3,3564.96,10694.88,2160.64
ORD006622,2025-09-15,Dumbbell Set,Sports,Central,2,2650.1,5300.2,1539.22
ORD012222,2025-09-15,Shoes,Clothing,Central,1,890.61,890.61,209.08
ORD011135,2025-09-15,Dress,Clothing,West,5,2340.87,11704.35,2705.21
ORD011797,2025-09-15,Headphones,Electronics,West,1,32480.67,32480.67,2851.33
ORD011063,2025-09-15,Cycle,Sports,North,2,11635.53,23271.06,3870.09
ORD000387,2025-09-15,Chair,Furniture,South,8,5569.68,44557.44,7111.06
ORD000260,2025-09-15,Spices Pack,Groceries,West,2,1975.82,3951.64,257.02
ORD008016,2025-09-15,Smartphone,Electronics,South,2,41107.22,82214.44,8650.79
ORD000265,2025-09-15,Rice,Groceries,West,2,207.11,414.22,56.53
ORD008483,2025-09-15,Bookshelf,Furniture,North,3,25163.75,75491.25,15310.46
ORD004565,2025-09-16,Spices Pack,Groceries,East,1,1448.63,1448.63,210.14
ORD006016,2025-09-16,Running Shoes,Sports,North,2,7784.78,15569.56,3390.05
ORD003133,2025-09-16,Badminton Kit,Sports,Central,5,12716.8,63584.0,15907.15
ORD011517,2025-09-16,Smartphone,Electronics,South,3,18542.71,55628.13,7189.26
ORD004441,2025-09-16,Bookshelf,Furniture,East,1,18383.41,18383.41,3059.68
ORD002317,2025-09-16,Snacks,Groceries,North,1,1624.55,1624.55,221.17
ORD010821,2025-09-16,Desk,Furniture,Central,1,29164.31,29164.31,5529.37
ORD005160,2025-09-16,Snacks,Groceries,East,1,1440.63,1440.63,99.52
ORD006594,2025-09-16,Smartphone,Electronics,West,1,24966.25,24966.25,4799.0
ORD006638,2025-09-16,Dress,Clothing,South,1,3647.28,3647.28,1018.57
ORD004907,2025-09-16,Smartphone,Electronics,South,2,26133.44,52266.88,9056.61
ORD009755,2025-09-16,T-Shirt,Clothing,East,1,4856.48,4856.48,1844.58
ORD003611,2025-09-16,Dumbbell Set,Sports,Central,4,14218.1,56872.4,11314.37
ORD008042,2025-09-16,Running Shoes,Sports,East,1,4029.96,4029.96,1403.01
ORD006585,2025-09-16,Headphones,Electronics,West,1,48437.54,48437.54,7901.96
ORD004010,2025-09-16,Jeans,Clothing,West,6,2444.73,14668.38,6212.39
ORD003409,2025-09-16,Jeans,Clothing,West,4,1407.16,5628.64,2437.91
ORD007190,2025-09-16,Spices Pack,Groceries,West,3,678.7,2036.1,109.06
ORD010610,2025-09-16,Smartwatch,Electronics,West,3,73202.09,219606.27,40539.38
ORD001345,2025-09-16,Spices Pack,Groceries,East,1,1036.44,1036.44,93.72
ORD005002,2025-09-16,Yoga Mat,Sports,Central,1,3054.23,3054.23,829.08
ORD000085,2025-09-16,Dress,Clothing,Central,2,491.64,983.28,341.91
ORD010294,2025-09-16,Chair,Furniture,North,4,11665.8,46663.2,7287.39
ORD004910,2025-09-16,Bookshelf,Furniture,North,3,12203.48,148858.95,22768.08
ORD010634,2025-09-16,Tablet,Electronics,South,2,14325.7,28651.4,4741.95
ORD003001,2025-09-16,T-Shirt,Clothing,South,1,3346.81,3346.81,813.6
ORD005707,2025-09-16,Laptop,Electronics,Central,1,13238.89,13238.89,1216.02
ORD001503,2025-09-16,T-Shirt,Clothing,North,4,2987.21,11948.84,4877.61
ORD007080,2025-09-16,Cycle,Sports,Central,5,12980.56,64902.8,9935.51
ORD007810,2025-09-16,Badminton Kit,Sports,Central,1,14998.91,14998.91,3555.62
ORD010305,2025-09-16,Cycle,Sports,Central,2,12530.44,25060.88,6994.86
ORD005796,2025-09-16,Rice,Groceries,South,2,998.33,9259.92,1296.17
ORD003546,2025-09-17,Shoes,Clothing,West,3,727.4,2182.2,940.1
ORD008138,2025-09-17,Yoga Mat,Sports,South,1,11952.79,11952.79,2203.22
ORD010574,2025-09-17,Cooking Oil,Groceries,Central,1,847.68,847.68,107.99
ORD008673,2025-09-17,Desk,Furniture,East,6,14441.38,448440.1,89179.95
ORD005141,2025-09-17,Wardrobe,Furniture,Central,1,13466.52,53496.35,8356.65
ORD003187,2025-09-17,Jeans,Clothing,South,4,4696.96,18787.84,8042.17
ORD004199,2025-09-17,Chair,Furniture,West,3,18512.41,55537.23,9301.76
ORD004205,2025-09-17,Dairy Bundle,Groceries,East,1,1068.47,1068.47,94.02
ORD011507,2025-09-17,Smartwatch,Electronics,East,5,28739.17,143695.85,25131.43
ORD011247,2025-09-17,Jacket,Clothing,North,4,4387.94,17551.76,6790.68
ORD000242,2025-09-17,Smartwatch,Electronics,Central,2,40726.96,81453.92,12650.36
ORD000635,2025-09-17,Cycle,Sports,East,2,9200.3,18400.6,3833.44
ORD008365,2025-09-17,Desk,Furniture,West,2,24102.72,48205.44,8675.14
ORD002034,2025-09-17,Tablet,Electronics,South,2,17068.77,34137.54,6742.1
ORD002048,2025-09-17,Tablet,Electronics,East,1,31901.95,31901.95,4333.57
ORD006051,2025-09-17,Badminton Kit,Sports,Central,2,6399.53,12799.06,2590.47
ORD002914,2025-09-17,Smartwatch,Electronics,North,2,53885.76,107771.52,9536.01
ORD000275,2025-09-17,Badminton Kit,Sports,Central,3,8044.46,24133.38,7347.74
ORD007662,2025-09-17,Laptop,Electronics,Central,3,11643.3,34929.9,6535.43
ORD003061,2025-09-17,Snacks,Groceries,Central,5,198.85,994.25,61.01
ORD011453,2025-09-17,Desk,Furniture,South,2,8605.85,17211.7,3810.46
ORD008660,2025-09-17,Jeans,Clothing,North,5,4519.54,22597.7,6787.51
ORD009075,2025-09-17,Cycle,Sports,West,3,9628.61,28885.83,8146.49
ORD001442,2025-09-17,Chair,Furniture,South,4,7798.12,31192.48,3452.19
ORD011639,2025-09-17,Wardrobe,Furniture,East,5,7258.62,36293.1,7690.98
ORD011266,2025-09-17,Cycle,Sports,East,3,3083.44,9250.32,2473.73
ORD006787,2025-09-17,Badminton Kit,Sports,South,2,14036.1,28072.2,7168.23
ORD000681,2025-09-17,Jacket,Clothing,North,1,4588.11,4588.11,1159.26
ORD011954,2025-09-17,Shoes,Clothing,East,3,2771.58,8314.74,2741.75
ORD010375,2025-09-17,Jacket,Clothing,Central,3,2195.56,6586.68,2092.59
ORD005248,2025-09-17,Shoes,Clothing,North,8,3177.18,25417.44,6141.78
ORD010646,2025-09-17,Dumbbell Set,Sports,South,8,14373.14,114985.12,24385.2
ORD001341,2025-09-17,Smartwatch,Electronics,North,1,27266.67,27266.67,4915.03
ORD004805,2025-09-18,Headphones,Electronics,West,1,22786.51,22786.51,3838.78
ORD004577,2025-09-18,Wardrobe,Furniture,Central,1,5774.0,5774.0,1007.05
ORD009296,2025-09-18,Running Shoes,Sports,West,4,2785.06,11140.24,2197.93
ORD004552,2025-09-18,Cycle,Sports,North,1,5202.55,5202.55,1525.56
ORD007477,2025-09-18,Dumbbell Set,Sports,South,5,11866.73,59333.65,12845.11
ORD004675,2025-09-18,Cycle,Sports,North,5,9942.37,49711.85,15970.28
ORD005940,2025-09-18,Chair,Furniture,East,4,19777.6,79110.4,18072.37
ORD006841,2025-09-18,Laptop,Electronics,West,2,75767.81,151535.62,27570.71
ORD008002,2025-09-18,Tablet,Electronics,North,3,42002.97,126008.91,10523.66
ORD010645,2025-09-18,Dress,Clothing,North,6,747.73,4486.38,1185.51
ORD001290,2025-09-18,Jeans,Clothing,South,4,1981.73,7926.92,2869.18
ORD010155,2025-09-18,T-Shirt,Clothing,West,1,2826.86,2826.86,1154.2
ORD000924,2025-09-18,Cooking Oil,Groceries,West,7,330.85,2315.95,161.53
ORD002840,2025-09-18,Desk,Furniture,North,5,21942.17,109710.85,13865.65
ORD008557,2025-09-18,Laptop,Electronics,West,2,38741.58,77483.16,14586.52
ORD007735,2025-09-18,Jeans,Clothing,Central,1,3781.84,3781.84,1547.19
ORD008695,2025-09-18,Dress,Clothing,Central,4,3963.01,15852.04,4102.33
ORD010248,2025-09-18,Rice,Groceries,North,3,1473.21,4419.63,645.66
ORD000330,2025-09-18,Desk,Furniture,Central,2,20085.68,40171.36,7456.48
ORD010452,2025-09-18,Jeans,Clothing,South,4,2874.04,11496.16,4343.37
ORD004250,2025-09-18,Dairy Bundle,Groceries,East,7,423.27,11749.65,958.89
ORD003354,2025-09-18,Cycle,Sports,South,1,13983.87,13983.87,3622.06
ORD008448,2025-09-18,Chair,Furniture,North,2,21715.43,43430.86,8654.66
ORD006268,2025-09-18,Wardrobe,Furniture,North,4,6184.09,24736.36,4626.35
ORD012103,2025-09-18,Wardrobe,Furniture,Central,5,15225.01,76125.05,14593.59
ORD006044,2025-09-18,Dairy Bundle,Groceries,West,1,1292.13,1292.13,137.77
ORD002687,2025-09-18,T-Shirt,Clothing,North,1,2329.49,2329.49,921.19
ORD000724,2025-09-18,Running Shoes,Sports,Central,2,10543.08,21086.16,6697.45
ORD008943,2025-09-18,Sofa,Furniture,South,4,7299.66,29198.64,5256.52
ORD008733,2025-09-18,Sofa,Furniture,East,3,15012.27,45036.81,8620.91
ORD004867,2025-09-18,Running Shoes,Sports,West,4,7309.99,29239.96,8964.59
ORD011870,2025-09-18,Chair,Furniture,East,4,13413.03,53652.12,11976.56
ORD000252,2025-09-18,Yoga Mat,Sports,West,2,4988.15,9976.3,3120.18
ORD008274,2025-09-19,Smartwatch,Electronics,Central,1,79414.97,79414.97,6873.73
ORD001995,2025-09-19,Cycle,Sports,North,1,5393.09,5393.09,1748.1
ORD005758,2025-09-19,Chair,Furniture,Central,2,22721.01,45442.02,8822.8
ORD006107,2025-09-19,Spices Pack,Groceries,East,1,1984.04,1984.04,294.28
ORD011042,2025-09-19,Spices Pack,Groceries,South,4,1101.84,4407.36,363.88
ORD001205,2025-09-19,Cycle,Sports,West,1,14826.52,14826.52,3570.23
ORD007271,2025-09-19,Badminton Kit,Sports,North,5,5271.41,26357.05,7106.88
ORD009458,2025-09-19,Dairy Bundle,Groceries,East,4,1419.1,5676.4,562.79
ORD003020,2025-09-19,Sofa,Furniture,East,2,5550.45,11100.9,2553.09
ORD002210,2025-09-19,Tablet,Electronics,West,3,32146.76,96440.28,9764.57
ORD007808,2025-09-19,Desk,Furniture,Central,1,26405.83,26405.83,3863.96
ORD000957,2025-09-19,Smartwatch,Electronics,West,3,79736.07,239208.21,29708.98
ORD003161,2025-09-19,Jacket,Clothing,Central,1,3205.08,3205.08,1049.27
ORD003261,2025-09-19,Spices Pack,Groceries,East,2,528.76,1057.52,75.27
ORD003574,2025-09-19,Tablet,Electronics,West,5,62274.59,311372.95,33094.93
ORD000069,2025-09-19,Dress,Clothing,Central,1,2738.32,2738.32,1028.94
ORD007474,2025-09-19,Rice,Groceries,West,1,193.46,193.46,18.21
ORD006405,2025-09-19,Cycle,Sports,Central,4,7479.0,29916.0,8057.35
ORD011531,2025-09-19,Snacks,Groceries,North,1,1084.63,1084.63,113.64
ORD011537,2025-09-19,Smartphone,Electronics,North,1,36784.72,36784.72,6319.13
ORD000628,2025-09-19,Yoga Mat,Sports,North,8,10440.7,83525.6,19717.15
ORD003429,2025-09-19,Cycle,Sports,North,1,9605.4,9605.4,1969.47
ORD011713,2025-09-19,Headphones,Electronics,North,4,65951.76,263807.04,49354.41
ORD011788,2025-09-19,Snacks,Groceries,East,3,1881.51,5644.53,798.34
ORD010757,2025-09-19,T-Shirt,Clothing,South,1,1103.25,1103.25,323.32
ORD012004,2025-09-19,Yoga Mat,Sports,Central,5,9398.08,46990.4,11280.5
ORD011938,2025-09-19,Shoes,Clothing,North,4,3705.5,14822.0,5071.53
ORD005250,2025-09-19,Cooking Oil,Groceries,Central,2,666.28,1332.56,71.3
ORD006606,2025-09-19,Snacks,Groceries,West,3,1382.77,4148.31,278.03
ORD008971,2025-09-19,T-Shirt,Clothing,East,2,3328.82,6657.64,1950.36
ORD009493,2025-09-19,Badminton Kit,Sports,North,1,10089.42,10089.42,2829.3
ORD010090,2025-09-19,Smartwatch,Electronics,West,1,30737.08,30737.08,3140.2
ORD002634,2025-09-19,Badminton Kit,Sports,East,3,4717.71,14153.13,3451.68
ORD010527,2025-09-19,T-Shirt,Clothing,West,1,2922.02,2922.02,925.15
ORD010194,2025-09-20,Dairy Bundle,Groceries,Central,4,1848.63,7394.52,794.85
ORD001169,2025-09-20,Rice,Groceries,East,4,966.85,14613.4,1269.98
ORD012497,2025-09-20,Cooking Oil,Groceries,East,2,1840.01,3680.02,253.73
ORD012001,2025-09-20,Yoga Mat,Sports,West,1,10440.16,10440.16,2542.33
ORD010107,2025-09-20,Headphones,Electronics,Central,1,25331.29,114894.87,13954.35
ORD000374,2025-09-20,Headphones,Electronics,South,2,35640.17,71280.34,10351.78
ORD002470,2025-09-20,Spices Pack,Groceries,East,5,1548.13,7740.65,1015.42
ORD010916,2025-09-20,Tablet,Electronics,Central,1,31167.48,31167.48,3646.78
ORD001305,2025-09-20,Rice,Groceries,North,2,1443.26,2886.52,162.42
ORD011728,2025-09-20,Running Shoes,Sports,West,4,11068.37,44273.48,9549.78
ORD003383,2025-09-20,Chair,Furniture,Central,3,24199.52,72598.56,17123.35
ORD007390,2025-09-20,Cooking Oil,Groceries,West,3,1011.43,3034.29,412.33
ORD009827,2025-09-20,Running Shoes,Sports,East,1,10522.07,10522.07,2088.86
ORD004280,2025-09-20,Running Shoes,Sports,Central,2,11694.46,23388.92,7382.54
ORD004318,2025-09-20,Desk,Furniture,North,3,10097.41,30292.23,6705.08
ORD008877,2025-09-20,Cycle,Sports,West,1,8833.2,8833.2,2059.12
ORD007823,2025-09-20,Tablet,Electronics,North,3,25929.44,77788.32,14990.1
ORD006997,2025-09-20,Dress,Clothing,West,1,1189.93,1189.93,345.45
ORD005334,2025-09-20,Laptop,Electronics,Central,1,8243.93,8243.93,902.17
ORD010332,2025-09-20,Dairy Bundle,Groceries,West,1,510.75,510.75,41.37
ORD003266,2025-09-20,Cycle,Sports,East,3,8542.0,25626.0,8464.94
ORD012137,2025-09-20,Rice,Groceries,West,2,1012.65,2025.3,131.28
ORD003659,2025-09-20,Sofa,Furniture,North,2,3100.17,6200.34,1229.13
ORD007309,2025-09-20,Dress,Clothing,East,4,1484.47,5937.88,1753.38
ORD003664,2025-09-20,Yoga Mat,Sports,North,3,3611.19,10833.57,3224.4
ORD002760,2025-09-20,Dairy Bundle,Groceries,North,4,316.54,1266.16,144.84
ORD010577,2025-09-20,Shoes,Clothing,South,5,3525.55,17627.75,6527.16
ORD004277,2025-09-21,Cooking Oil,Groceries,West,1,1331.6,1331.6,121.6
ORD010068,2025-09-21,Snacks,Groceries,Central,4,219.9,4295.24,246.89
ORD009599,2025-09-21,Jeans,Clothing,South,4,1132.91,4531.64,1275.65
ORD009614,2025-09-21,Sofa,Furniture,Central,2,16085.92,32171.84,5604.34
ORD005236,2025-09-21,Dairy Bundle,Groceries,Central,3,1186.99,3560.97,481.8
ORD000078,2025-09-21,Chair,Furniture,East,3,29598.21,88794.63,12103.44
ORD003577,2025-09-21,Yoga Mat,Sports,South,3,14454.3,43362.9,14224.94
ORD004858,2025-09-21,Sofa,Furniture,East,8,15459.99,123679.92,21622.67
ORD011563,2025-09-21,Tablet,Electronics,Central,4,8862.47,35449.88,4326.25
ORD004564,2025-09-21,Yoga Mat,Sports,East,3,6528.9,19586.7,5292.65
ORD008664,2025-09-21,Running Shoes,Sports,West,4,8473.86,33895.44,6912.2
ORD007055,2025-09-21,Jeans,Clothing,West,2,4139.82,8279.64,1884.66
ORD008288,2025-09-21,Dress,Clothing,South,3,796.52,2389.56,1064.41
ORD012180,2025-09-21,Cooking Oil,Groceries,South,5,1222.8,6114.0,632.26
ORD012127,2025-09-21,Smartwatch,Electronics,West,2,35740.51,71481.02,13448.87
ORD009240,2025-09-21,Cooking Oil,Groceries,Central,6,1254.67,7528.02,809.95
ORD006926,2025-09-21,Wardrobe,Furniture,North,2,5913.61,11827.22,2217.75
ORD012310,2025-09-21,Yoga Mat,Sports,North,2,5398.72,10797.44,2542.84
ORD002239,2025-09-21,Shoes,Clothing,West,1,2266.43,2266.43,656.02
ORD007062,2025-09-21,Smartphone,Electronics,South,1,54512.74,54512.74,6691.43
ORD004969,2025-09-21,Headphones,Electronics,Central,2,42041.12,84082.24,13558.71
ORD003355,2025-09-21,T-Shirt,Clothing,North,1,3408.89,3408.89,1451.57
ORD003204,2025-09-21,Bookshelf,Furniture,East,1,11214.07,11214.07,1650.58
ORD004641,2025-09-21,Dairy Bundle,Groceries,West,4,894.14,3576.56,516.07
ORD000318,2025-09-21,Cooking Oil,Groceries,East,3,303.63,910.89,86.3
ORD003786,2025-09-21,Smartwatch,Electronics,Central,1,34436.21,34436.21,4995.87
ORD005519,2025-09-21,Badminton Kit,Sports,North,1,9323.32,9323.32,1873.29
ORD000281,2025-09-21,Tablet,Electronics,East,2,58693.74,117387.48,12390.92
ORD004227,2025-09-21,Rice,Groceries,East,2,1420.16,2840.32,267.43
ORD002076,2025-09-21,Dress,Clothing,West,3,855.63,2566.89,513.4
ORD009913,2025-09-21,Yoga Mat,Sports,East,2,7277.45,14554.9,4140.68
ORD009113,2025-09-21,Spices Pack,Groceries,West,1,427.12,427.12,42.13
ORD011544,2025-09-21,Cycle,Sports,East,1,5702.66,5702.66,1325.35
ORD001421,2025-09-22,Dairy Bundle,Groceries,East,4,845.67,3382.68,424.28
ORD010244,2025-09-22,Headphones,Electronics,North,1,32396.69,32396.69,5513.68
ORD008856,2025-09-22,Smartphone,Electronics,South,7,18117.71,126823.97,21324.07
ORD003195,2025-09-22,Running Shoes,Sports,Central,3,4556.62,13669.86,3595.04
ORD002221,2025-09-22,Jacket,Clothing,Central,2,4409.24,8818.48,3594.9
ORD005262,2025-09-22,Tablet,Electronics,North,5,70896.29,354481.45,46746.37
ORD007103,2025-09-22,Wardrobe,Furniture,East,1,24771.34,24771.34,4865.28
ORD007441,2025-09-22,Tablet,Electronics,East,1,66955.97,66955.97,6965.56
ORD005433,2025-09-22,Dumbbell Set,Sports,Central,2,1744.26,3488.52,1199.72
ORD007738,2025-09-22,Smartphone,Electronics,East,3,44617.61,659862.63,59318.33
ORD011061,2025-09-22,Cycle,Sports,Central,4,12639.05,50556.2,7736.85
ORD006389,2025-09-22,Shoes,Clothing,Central,3,1137.89,3413.67,1471.66
ORD005279,2025-09-22,Smartphone,Electronics,North,1,15547.23,15547.23,2845.06
ORD009802,2025-09-22,Yoga Mat,Sports,Central,1,8417.1,8417.1,2441.47
ORD005518,2025-09-22,Shoes,Clothing,West,2,4054.23,8108.46,3537.7
ORD006814,2025-09-22,Chair,Furniture,East,7,15922.87,111460.09,11822.11
ORD009947,2025-09-22,Headphones,Electronics,North,5,57696.8,288484.0,26482.07
ORD006527,2025-09-22,Cycle,Sports,East,1,14983.25,14983.25,3983.21
ORD004566,2025-09-22,Laptop,Electronics,West,6,25612.37,153674.22,26053.27
ORD005990,2025-09-22,Smartphone,Electronics,East,4,41686.63,166746.52,18843.16
ORD008122,2025-09-22,Sofa,Furniture,West,2,10477.66,20955.32,2725.32
ORD003351,2025-09-22,Headphones,Electronics,Central,1,49127.33,49127.33,8324.51
ORD000530,2025-09-22,Smartphone,Electronics,South,8,42551.04,340408.32,52865.64
ORD008473,2025-09-22,Dumbbell Set,Sports,South,2,3203.04,6406.08,1114.9
ORD001807,2025-09-22,Sofa,Furniture,East,1,12487.35,12487.35,2742.97
ORD000763,2025-09-22,Dress,Clothing,South,2,2583.6,5167.2,1365.14
ORD001036,2025-09-22,Running Shoes,Sports,West,1,11472.9,11472.9,2912.71
ORD001284,2025-09-22,Shoes,Clothing,East,2,1392.21,2784.42,752.49
ORD005966,2025-09-22,Sofa,Furniture,East,1,21315.56,21315.56,3939.85
ORD008481,2025-09-22,Dairy Bundle,Groceries,Central,1,1254.97,1254.97,158.9
ORD002446,2025-09-22,Dumbbell Set,Sports,West,2,5083.47,10166.94,1638.38
ORD009704,2025-09-22,Shoes,Clothing,North,2,989.93,1979.86,540.4
ORD009656,2025-09-22,Bookshelf,Furniture,West,1,25098.15,25098.15,4562.89
ORD004191,2025-09-22,Desk,Furniture,South,1,16417.97,16417.97,2062.12
ORD003889,2025-09-22,Cooking Oil,Groceries,Central,4,747.99,2991.96,389.94
ORD000600,2025-09-22,Smartwatch,Electronics,Central,4,61974.93,247899.72,23701.78
ORD009058,2025-09-22,Badminton Kit,Sports,Central,7,4094.51,28661.57,4845.95
ORD008349,2025-09-22,Smartphone,Electronics,West,1,57191.0,57191.0,7880.14
ORD012485,2025-09-23,Dairy Bundle,Groceries,East,6,814.63,4887.78,393.01
ORD005848,2025-09-23,Spices Pack,Groceries,West,2,596.14,1192.28,99.54
ORD007834,2025-09-23,Yoga Mat,Sports,East,4,8391.62,33566.48,5251.12
ORD011026,2025-09-23,Wardrobe,Furniture,Central,2,24442.23,48884.46,6601.14
ORD011216,2025-09-23,T-Shirt,Clothing,North,2,2799.19,5598.38,1842.29
ORD011666,2025-09-23,Shoes,Clothing,East,1,2162.52,2162.52,805.68
ORD001869,2025-09-23,Badminton Kit,Sports,West,2,10097.75,20195.5,6063.4
ORD012496,2025-09-23,Headphones,Electronics,East,2,46654.37,93308.74,9871.53
ORD001554,2025-09-23,Snacks,Groceries,North,5,1474.55,7372.75,375.31
ORD012273,2025-09-23,Dress,Clothing,North,1,1678.64,1678.64,669.52
ORD010614,2025-09-23,Spices Pack,Groceries,West,1,956.56,956.56,60.24
ORD001463,2025-09-23,Running Shoes,Sports,West,2,5878.64,11757.28,3884.46
ORD010005,2025-09-23,Cooking Oil,Groceries,East,1,1448.18,1448.18,105.77
ORD012242,2025-09-23,Cooking Oil,Groceries,South,1,588.24,588.24,50.68
ORD000147,2025-09-23,Rice,Groceries,South,2,1662.94,3325.88,286.09
ORD002055,2025-09-23,Yoga Mat,Sports,North,1,13410.57,13410.57,3558.85
ORD001491,2025-09-23,Rice,Groceries,East,1,931.56,931.56,68.47
ORD002969,2025-09-23,Cooking Oil,Groceries,West,4,1400.98,5603.92,399.04
ORD000896,2025-09-23,Shoes,Clothing,North,1,1005.79,1005.79,386.58
ORD002024,2025-09-23,Smartphone,Electronics,West,1,31780.5,31780.5,4694.23
ORD011580,2025-09-23,Laptop,Electronics,North,2,32500.63,65001.26,6581.48
ORD011265,2025-09-23,Badminton Kit,Sports,West,2,9981.86,19963.72,6031.72
ORD005833,2025-09-23,Sofa,Furniture,North,1,23888.88,23888.88,3662.19
ORD008091,2025-09-23,Smartwatch,Electronics,West,2,69642.77,139285.54,26345.62
ORD005660,2025-09-23,Dress,Clothing,East,2,1974.04,3948.08,1724.41
ORD007887,2025-09-23,Smartwatch,Electronics,Central,6,24305.16,145830.96,27376.06
ORD011238,2025-09-23,Smartphone,Electronics,South,4,66745.13,266980.52,31363.34
ORD008712,2025-09-23,Snacks,Groceries,Central,6,661.55,3969.3,585.79
ORD009409,2025-09-23,Laptop,Electronics,South,5,26848.88,134244.4,12768.97
ORD005656,2025-09-23,Smartphone,Electronics,East,5,15787.55,78937.75,11135.37
ORD005171,2025-09-23,Spices Pack,Groceries,South,5,340.43,1702.15,181.39
ORD005539,2025-09-23,Snacks,Groceries,Central,3,875.62,2626.86,203.28
ORD000510,2025-09-23,Tablet,Electronics,South,3,73915.16,221745.48,18642.92
ORD007758,2025-09-23,Snacks,Groceries,North,2,983.83,1967.66,115.41
ORD007366,2025-09-23,Rice,Groceries,South,4,1941.73,7766.92,485.73
ORD011836,2025-09-24,Spices Pack,Groceries,North,1,1036.91,1036.91,132.94
ORD004425,2025-09-24,Rice,Groceries,South,3,934.16,2802.48,152.7
ORD004473,2025-09-24,Jacket,Clothing,South,3,1726.23,5178.69,2154.25
ORD011576,2025-09-24,Laptop,Electronics,East,4,64239.04,256956.16,34427.95
ORD004728,2025-09-24,Smartphone,Electronics,West,1,69879.29,69879.29,7739.17
ORD005857,2025-09-24,Rice,Groceries,North,2,1410.17,2820.34,256.32
ORD002398,2025-09-24,Snacks,Groceries,North,1,666.33,666.33,54.67
ORD006555,2025-09-24,Running Shoes,Sports,North,6,14558.22,87349.32,16135.85
ORD009509,2025-09-24,Desk,Furniture,South,1,2258.22,2258.22,303.76
ORD006242,2025-09-24,Cooking Oil,Groceries,North,3,517.53,1552.59,87.69
ORD003779,2025-09-24,Laptop,Electronics,Central,3,21581.52,64744.56,9125.6
ORD012065,2025-09-24,Jeans,Clothing,South,2,2836.89,5673.78,2537.98
ORD006217,2025-09-24,Badminton Kit,Sports,Central,2,13354.69,26709.38,7010.05
ORD001134,2025-09-24,Cooking Oil,Groceries,South,6,1224.22,7345.32,883.37
ORD010385,2025-09-24,Dumbbell Set,Sports,Central,1,9755.0,9755.0,1730.11
ORD009521,2025-09-24,Wardrobe,Furniture,West,7,21829.49,152806.43,22852.07
ORD000436,2025-09-24,Dumbbell Set,Sports,Central,1,5912.99,5912.99,1207.13
ORD000863,2025-09-24,Sofa,Furniture,North,3,21380.52,64141.56,7013.48
ORD004542,2025-09-24,Bookshelf,Furniture,North,1,11262.2,11262.2,2401.56
ORD011451,2025-09-24,Badminton Kit,Sports,Central,3,2142.4,6427.2,1811.56
ORD012380,2025-09-24,Cycle,Sports,South,4,1616.57,6466.28,2149.36
ORD011190,2025-09-24,Chair,Furniture,Central,2,26515.34,53030.68,12454.18
ORD010852,2025-09-24,Desk,Furniture,East,4,27536.96,110147.84,17015.69
ORD011802,2025-09-24,Laptop,Electronics,East,5,27885.23,139426.15,25699.3
ORD008740,2025-09-24,Chair,Furniture,Central,1,21331.01,21331.01,2598.4
ORD009449,2025-09-24,Tablet,Electronics,Central,5,54446.08,272230.4,40654.5
ORD009964,2025-09-24,Bookshelf,Furniture,North,1,28678.96,28678.96,3995.38
ORD007689,2025-09-24,T-Shirt,Clothing,West,1,4257.58,4257.58,1618.23
ORD005055,2025-09-24,T-Shirt,Clothing,North,1,1802.21,1802.21,435.96
ORD004800,2025-09-24,Snacks,Groceries,West,3,559.62,1678.86,150.85
ORD004715,2025-09-24,Jeans,Clothing,North,5,2332.26,11661.3,4748.09
ORD001915,2025-09-24,Wardrobe,Furniture,North,1,25545.44,25545.44,3402.29
ORD006886,2025-09-24,Cycle,Sports,South,3,8739.02,26217.06,8201.8
ORD008243,2025-09-24,Smartphone,Electronics,East,1,35522.43,35522.43,5602.22
ORD001363,2025-09-24,Dumbbell Set,Sports,West,4,6271.08,25084.32,5282.34
ORD007087,2025-09-24,Snacks,Groceries,North,8,1378.61,11028.88,1451.84
ORD003619,2025-09-24,Running Shoes,Sports,East,1,9390.97,9390.97,3040.42
ORD007966,2025-09-24,Laptop,Electronics,South,2,10817.52,21635.04,2579.45
ORD011664,2025-09-24,Headphones,Electronics,West,3,66874.35,200623.05,31942.01
ORD012286,2025-09-24,Desk,Furniture,North,4,3860.48,15441.92,2171.72
ORD000047,2025-09-25,Snacks,Groceries,Central,2,1545.49,3090.98,328.04
ORD008598,2025-09-25,Snacks,Groceries,Central,3,382.39,1147.17,103.82
ORD002336,2025-09-25,Spices Pack,Groceries,South,1,789.67,789.67,108.92
ORD003456,2025-09-25,Rice,Groceries,Central,2,890.53,1781.06,263.21
ORD000661,2025-09-25,Dumbbell Set,Sports,East,7,4083.0,28581.0,5199.14
ORD006386,2025-09-25,Smartphone,Electronics,North,3,59674.64,179023.92,27454.51
ORD000919,2025-09-25,Desk,Furniture,Central,4,5586.68,22346.72,3368.55
ORD003895,2025-09-25,Tablet,Electronics,Central,8,9756.15,78049.2,11689.51
ORD010869,2025-09-25,Smartwatch,Electronics,East,4,31861.14,127444.56,20251.78
ORD002804,2025-09-25,Tablet,Electronics,East,1,70618.1,70618.1,13198.51
ORD012054,2025-09-25,Laptop,Electronics,Central,1,66183.61,66183.61,9679.91
ORD002346,2025-09-25,Dairy Bundle,Groceries,Central,1,801.36,801.36,68.69
ORD007769,2025-09-25,Badminton Kit,Sports,East,3,4622.99,13868.97,3894.25
ORD000776,2025-09-25,Laptop,Electronics,South,5,76501.04,382505.2,58214.77
ORD004739,2025-09-25,Chair,Furniture,West,1,29407.97,29407.97,6823.76
ORD005257,2025-09-25,Bookshelf,Furniture,North,3,11155.37,33466.11,5567.88
ORD002216,2025-09-25,Smartphone,Electronics,South,1,56783.3,56783.3,8269.44
ORD010640,2025-09-25,Desk,Furniture,South,5,7810.84,39054.2,5125.86
ORD000246,2025-09-25,Dairy Bundle,Groceries,Central,3,965.75,2897.25,324.53
ORD004210,2025-09-25,Dumbbell Set,Sports,North,6,11530.22,69181.32,12450.74
ORD001567,2025-09-25,Laptop,Electronics,South,4,75155.16,300620.64,43683.33
ORD005567,2025-09-25,Sofa,Furniture,West,2,11071.33,22142.66,4469.09
ORD010940,2025-09-25,Yoga Mat,Sports,West,1,14454.51,14454.51,2598.35
ORD009683,2025-09-25,Chair,Furniture,Central,2,11510.94,23021.88,3614.11
ORD005048,2025-09-25,Smartphone,Electronics,Central,2,67609.67,135219.34,17029.38
ORD009915,2025-09-25,Dumbbell Set,Sports,South,5,14014.66,70073.3,20020.36
ORD012010,2025-09-25,Smartphone,Electronics,Central,2,26366.22,52732.44,5433.45
ORD011565,2025-09-25,Dress,Clothing,West,6,3252.59,19515.54,8267.16
ORD012269,2025-09-25,Cycle,Sports,South,3,6825.9,20477.7,5654.43
ORD011650,2025-09-25,Tablet,Electronics,Central,1,26232.08,26232.08,2975.91
ORD010947,2025-09-25,Cycle,Sports,West,2,14764.55,29529.1,9495.18
ORD007746,2025-09-25,Chair,Furniture,South,1,15960.42,15960.42,2052.53
ORD011875,2025-09-25,Dress,Clothing,Central,5,4675.74,23378.7,8105.22
ORD001744,2025-09-25,Bookshelf,Furniture,North,2,11937.89,23875.78,2573.77
ORD001200,2025-09-25,Headphones,Electronics,West,3,54499.21,163497.63,25575.65
ORD011355,2025-09-25,Bookshelf,Furniture,West,7,7488.52,52419.64,7195.92
ORD003137,2025-09-25,Headphones,Electronics,East,2,12725.08,25450.16,3713.93
ORD007933,2025-09-25,T-Shirt,Clothing,Central,2,2949.47,5898.94,1293.15
ORD009768,2025-09-25,Snacks,Groceries,Central,3,195.2,585.6,59.28
ORD001854,2025-09-25,Dairy Bundle,Groceries,North,2,1504.23,3008.46,233.9
ORD002081,2025-09-25,Spices Pack,Groceries,East,2,1077.48,2154.96,126.08
ORD005182,2025-09-25,Laptop,Electronics,North,1,76951.77,76951.77,14168.72
ORD000274,2025-09-26,Cooking Oil,Groceries,North,7,315.76,2210.32,258.96
ORD002084,2025-09-26,Jeans,Clothing,South,3,1429.41,4288.23,959.45
ORD011932,2025-09-26,Headphones,Electronics,South,2,54374.82,108749.64,11023.72
ORD009790,2025-09-26,Badminton Kit,Sports,North,1,5547.29,5547.29,1082.68
ORD003359,2025-09-26,Jeans,Clothing,South,4,719.9,2879.6,891.08
ORD001880,2025-09-26,Running Shoes,Sports,South,2,6734.39,13468.78,4258.69
ORD002890,2025-09-26,Dumbbell Set,Sports,Central,6,12433.55,74601.3,14696.92
ORD000947,2025-09-26,Badminton Kit,Sports,Central,3,12101.03,36303.09,6926.89
ORD003292,2025-09-26,Dress,Clothing,East,4,3775.95,15103.8,3347.83
ORD007597,2025-09-26,Spices Pack,Groceries,North,3,639.44,1918.32,142.53
ORD010140,2025-09-26,Shoes,Clothing,East,2,4263.32,8526.64,1763.5
ORD002606,2025-09-26,Yoga Mat,Sports,North,3,14241.45,42724.35,8278.03
ORD008052,2025-09-26,T-Shirt,Clothing,North,2,2848.2,5696.4,1163.92
ORD002888,2025-09-26,Cycle,Sports,Central,5,907.76,16133.1,3630.98
ORD010202,2025-09-26,Headphones,Electronics,Central,1,75996.63,387302.26,63948.04
ORD011727,2025-09-26,Rice,Groceries,East,3,107.18,321.54,47.49
ORD003112,2025-09-26,Shoes,Clothing,North,1,1194.79,1194.79,348.5
ORD007661,2025-09-26,Spices Pack,Groceries,North,3,1587.2,4761.6,593.37
ORD001674,2025-09-26,Headphones,Electronics,West,2,27507.87,55015.74,5736.52
ORD005847,2025-09-26,Dress,Clothing,South,8,3929.12,31432.96,13579.11
ORD008699,2025-09-26,Jeans,Clothing,East,2,2084.09,4168.18,1499.11
ORD005703,2025-09-26,Dumbbell Set,Sports,North,5,12673.72,63368.6,16986.0
ORD008041,2025-09-26,Dairy Bundle,Groceries,West,2,1157.72,2315.44,173.17
ORD000233,2025-09-26,Snacks,Groceries,West,1,1928.13,1928.13,168.69
ORD004809,2025-09-26,T-Shirt,Clothing,Central,5,3533.12,17665.6,7679.02
ORD008999,2025-09-26,Headphones,Electronics,North,3,62758.32,188274.96,31457.55
ORD008691,2025-09-26,Running Shoes,Sports,South,3,10958.18,32874.54,9896.01
ORD011783,2025-09-26,Running Shoes,Sports,North,2,5468.21,10936.42,3101.35
ORD001058,2025-09-26,Headphones,Electronics,North,1,55109.06,55109.06,5414.6
ORD005068,2025-09-26,Tablet,Electronics,Central,4,10840.54,43362.16,3544.27
ORD011823,2025-09-26,Shoes,Clothing,South,1,4945.5,4945.5,1817.6
ORD006439,2025-09-26,Wardrobe,Furniture,Central,5,19451.21,97256.05,19445.94
ORD011964,2025-09-26,Headphones,Electronics,East,1,26264.68,26264.68,2868.17
ORD010464,2025-09-26,Jeans,Clothing,Central,5,2204.19,11020.95,2309.74
ORD000161,2025-09-27,Headphones,Electronics,North,5,47544.32,815971.37,135248.49
ORD009655,2025-09-27,Shoes,Clothing,South,2,4510.65,9021.3,3147.21
ORD000888,2025-09-27,Cooking Oil,Groceries,South,3,1595.12,4785.36,390.2
ORD001306,2025-09-27,Desk,Furniture,West,3,25501.48,76504.44,7694.28
ORD007658,2025-09-27,Yoga Mat,Sports,Central,7,2983.6,20885.2,6633.87
ORD006485,2025-09-27,Jacket,Clothing,Central,4,3234.38,12937.52,3356.06
ORD009824,2025-09-27,Tablet,Electronics,West,4,16078.3,64313.2,11577.93
ORD004831,2025-09-27,Spices Pack,Groceries,North,2,1164.46,2328.92,175.83
ORD007338,2025-09-27,Smartphone,Electronics,South,4,20294.33,81177.32,6851.77
ORD004782,2025-09-27,Smartwatch,Electronics,South,5,57730.47,288652.35,41589.99
ORD003484,2025-09-27,Spices Pack,Groceries,North,4,1700.85,6803.4,586.58
ORD007305,2025-09-27,Cooking Oil,Groceries,North,3,1076.54,3229.62,390.37
ORD002104,2025-09-27,Sofa,Furniture,East,1,18395.78,18395.78,3333.43
ORD004967,2025-09-27,Dumbbell Set,Sports,South,5,3798.0,18990.0,2860.36
ORD007698,2025-09-27,Cycle,Sports,Central,1,13843.93,13843.93,3260.23
ORD000415,2025-09-27,Desk,Furniture,Central,1,22650.03,22650.03,3801.42
ORD010631,2025-09-27,Laptop,Electronics,North,3,16949.93,50849.79,6342.35
ORD011171,2025-09-27,Cycle,Sports,East,3,5965.77,17897.31,4096.78
ORD002058,2025-09-27,Laptop,Electronics,North,1,51265.66,51265.66,6198.79
ORD007084,2025-09-27,Wardrobe,Furniture,South,2,10699.7,21399.4,4933.86
ORD007224,2025-09-27,Cooking Oil,Groceries,North,1,1798.7,1798.7,179.26
ORD008080,2025-09-27,Spices Pack,Groceries,West,7,580.14,4060.98,283.4
ORD011081,2025-09-27,Desk,Furniture,South,2,13081.11,26162.22,3111.12
ORD006699,2025-09-27,Badminton Kit,Sports,West,2,8456.43,16912.86,4164.17
ORD011090,2025-09-27,Dairy Bundle,Groceries,Central,2,1744.59,3489.18,233.7
ORD004222,2025-09-27,Smartwatch,Electronics,Central,1,55089.66,55089.66,7158.68
ORD007461,2025-09-28,Cycle,Sports,West,4,11210.6,44842.4,14863.37
ORD000512,2025-09-28,Snacks,Groceries,North,5,1856.35,37900.12,5575.33
ORD006009,2025-09-28,Chair,Furniture,East,5,4035.1,20175.5,4549.71
ORD003679,2025-09-28,Smartphone,Electronics,East,2,78914.9,157829.8,30538.96
ORD010693,2025-09-28,Wardrobe,Furniture,South,3,17453.06,52359.18,8286.25
ORD010892,2025-09-28,Wardrobe,Furniture,West,1,29903.52,29903.52,7230.83
ORD005303,2025-09-28,Chair,Furniture,West,1,13305.19,13305.19,1745.14
ORD010841,2025-09-28,Cycle,Sports,Central,2,10727.36,21454.72,6735.54
ORD003653,2025-09-28,Bookshelf,Furniture,West,4,3136.4,12545.6,2974.05
ORD010409,2025-09-28,Desk,Furniture,West,2,15412.75,30825.5,4477.82
ORD011736,2025-09-28,Cycle,Sports,East,2,7071.87,14143.74,3929.18
ORD007025,2025-09-28,Laptop,Electronics,East,3,73611.42,220834.26,18178.17
ORD005225,2025-09-28,Running Shoes,Sports,North,4,7401.73,29606.92,10325.55
ORD002866,2025-09-28,Sofa,Furniture,South,3,25001.2,75003.6,11483.78
ORD003496,2025-09-28,Dress,Clothing,East,3,4750.44,14251.32,3707.88
ORD007967,2025-09-28,Tablet,Electronics,South,3,71962.19,215886.57,17932.77
ORD007214,2025-09-28,Wardrobe,Furniture,North,2,21793.51,43587.02,4621.14
ORD001739,2025-09-28,Sofa,Furniture,South,3,28905.76,86717.28,15642.95
ORD012177,2025-09-28,Cycle,Sports,West,2,12087.59,24175.18,4387.56
ORD000370,2025-09-28,Smartwatch,Electronics,West,3,39617.71,118853.13,14884.37
ORD012076,2025-09-28,Headphones,Electronics,East,1,50138.01,50138.01,5472.25
ORD008862,2025-09-28,Chair,Furniture,West,4,7227.44,28909.76,6527.44
ORD009183,2025-09-28,Laptop,Electronics,East,1,31244.32,31244.32,3132.97
ORD010798,2025-09-28,Headphones,Electronics,Central,2,55178.35,110356.7,20687.14
ORD009578,2025-09-28,Wardrobe,Furniture,West,3,28838.52,86515.56,12105.47
ORD010463,2025-09-28,Snacks,Groceries,East,6,1851.66,11109.96,1541.49
ORD003983,2025-09-28,Headphones,Electronics,North,1,51078.04,51078.04,4276.07
ORD003201,2025-09-28,Chair,Furniture,South,1,21157.85,21157.85,4916.37
ORD009130,2025-09-28,Cycle,Sports,North,1,11605.06,11605.06,2450.43
ORD005720,2025-09-28,Snacks,Groceries,North,3,1790.94,5372.82,690.84
ORD000420,2025-09-28,Shoes,Clothing,North,5,3028.77,15143.85,5422.5
ORD006017,2025-09-28,Dress,Clothing,West,4,3857.96,15431.84,5184.69
ORD005988,2025-09-28,Rice,Groceries,West,1,400.45,400.45,54.49
ORD006096,2025-09-28,Wardrobe,Furniture,North,1,18611.59,18611.59,2512.74
ORD005241,2025-09-28,Smartphone,Electronics,East,4,26108.94,104435.76,17060.69
ORD006130,2025-09-28,Running Shoes,Sports,West,1,8235.87,8235.87,2591.75
ORD002403,2025-09-28,Spices Pack,Groceries,North,4,1660.38,6641.52,693.79
ORD003254,2025-09-28,Yoga Mat,Sports,West,8,11686.36,93490.88,31135.06
ORD012217,2025-09-28,Smartphone,Electronics,West,1,19423.17,19423.17,2793.5
ORD007486,2025-09-29,Cooking Oil,Groceries,West,1,1999.63,1999.63,198.56
ORD005145,2025-09-29,Headphones,Electronics,East,2,52574.7,105149.4,10225.04
ORD007299,2025-09-29,Chair,Furniture,North,1,28207.27,28207.27,7006.15
ORD004266,2025-09-29,Tablet,Electronics,North,6,73487.99,440927.94,36228.33
ORD003459,2025-09-29,Spices Pack,Groceries,Central,2,820.79,1641.58,231.6
ORD009361,2025-09-29,Snacks,Groceries,Central,1,1859.52,1859.52,241.52
ORD002876,2025-09-29,Shoes,Clothing,Central,2,1444.99,2889.98,1154.95
ORD008546,2025-09-29,Jacket,Clothing,Central,2,721.28,1442.56,534.85
ORD004254,2025-09-29,Chair,Furniture,East,3,2011.49,6034.47,1143.09
ORD011780,2025-09-29,Dairy Bundle,Groceries,West,1,865.53,865.53,75.58
ORD007679,2025-09-29,Jeans,Clothing,North,2,3109.13,6218.26,2684.75
ORD012178,2025-09-29,Laptop,Electronics,Central,2,21428.48,42856.96,8460.48
ORD003967,2025-09-29,Running Shoes,Sports,Central,1,9152.48,9152.48,1990.12
ORD002807,2025-09-29,Badminton Kit,Sports,Central,6,12408.26,74449.56,14810.33
ORD001053,2025-09-29,Dairy Bundle,Groceries,East,3,1607.2,4821.6,393.81
ORD006154,2025-09-29,Cycle,Sports,East,4,7824.19,31296.76,10695.3
ORD001122,2025-09-29,Headphones,Electronics,East,1,49962.09,49962.09,9965.06
ORD007302,2025-09-29,Jeans,Clothing,West,2,718.38,1436.76,384.96
ORD004416,2025-09-29,Chair,Furniture,South,3,11605.23,34815.69,5626.39
ORD003798,2025-09-29,Cooking Oil,Groceries,North,2,323.36,646.72,96.38
ORD006863,2025-09-29,Jacket,Clothing,West,6,4751.97,28511.82,12503.53
ORD007274,2025-09-29,Dumbbell Set,Sports,West,6,8110.72,48664.32,13135.86
ORD003293,2025-09-29,Jeans,Clothing,West,1,3445.02,3445.02,1042.38
ORD002658,2025-09-29,Badminton Kit,Sports,Central,4,7879.91,31519.64,7582.52
ORD004708,2025-09-29,Bookshelf,Furniture,South,5,15098.47,75492.35,8351.78
ORD003629,2025-09-29,Rice,Groceries,North,2,195.96,391.92,21.32
ORD005754,2025-09-29,Cycle,Sports,Central,2,13308.84,26617.68,4846.51
ORD006115,2025-09-29,Tablet,Electronics,East,1,47621.28,47621.28,5359.88
ORD003657,2025-09-29,Desk,Furniture,North,1,10491.87,10491.87,1619.81
ORD002813,2025-09-30,Dress,Clothing,South,2,529.2,1058.4,434.93
ORD005127,2025-09-30,Running Shoes,Sports,East,2,1087.07,2174.14,501.31
ORD002998,2025-09-30,Tablet,Electronics,South,4,13199.35,52797.4,8560.16
ORD001178,2025-09-30,Badminton Kit,Sports,Central,3,10997.61,32992.83,5744.44
ORD004481,2025-09-30,Bookshelf,Furniture,North,1,9408.72,9408.72,1674.05
ORD000107,2025-09-30,Yoga Mat,Sports,East,2,9953.44,19906.88,3878.93
ORD002183,2025-09-30,Dairy Bundle,Groceries,South,3,530.87,1592.61,185.78
ORD010038,2025-09-30,Tablet,Electronics,East,7,65548.43,458839.01,63870.0
ORD007108,2025-09-30,Sofa,Furniture,East,5,12886.26,64431.3,7594.2
ORD001871,2025-09-30,Jeans,Clothing,North,1,4550.49,4550.49,1840.0
ORD004176,2025-09-30,Smartwatch,Electronics,Central,2,67762.35,135524.7,11643.31
ORD010495,2025-09-30,Chair,Furniture,West,5,20737.53,103687.65,18034.2
ORD010319,2025-09-30,Dairy Bundle,Groceries,Central,5,1945.46,9727.3,827.93
ORD002275,2025-09-30,Wardrobe,Furniture,East,2,20728.54,41457.08,9112.2
ORD008948,2025-09-30,Dairy Bundle,Groceries,West,3,381.98,1145.94,135.19
ORD011616,2025-09-30,Laptop,Electronics,South,8,50398.6,403188.8,41284.35
ORD003388,2025-09-30,T-Shirt,Clothing,East,1,2320.21,2320.21,630.67
ORD004257,2025-09-30,Dairy Bundle,Groceries,East,2,1453.94,2907.88,345.47
ORD004760,2025-09-30,Smartwatch,Electronics,West,4,46119.37,184477.48,23513.26
ORD000026,2025-09-30,Headphones,Electronics,North,4,77810.09,311240.36,53849.54
ORD009346,2025-09-30,Jacket,Clothing,West,2,2887.37,5774.74,2174.88
ORD004623,2025-09-30,Laptop,Electronics,East,7,43461.57,304230.99,57738.89
ORD011351,2025-09-30,Wardrobe,Furniture,South,5,4120.52,20602.6,4270.64
ORD000925,2025-09-30,Dress,Clothing,Central,1,4468.55,4468.55,1615.17
ORD002193,2025-09-30,Shoes,Clothing,Central,2,4426.76,8853.52,3005.49
ORD002195,2025-09-30,Spices Pack,Groceries,North,4,286.21,1144.84,62.29
ORD005324,2025-10-01,Cooking Oil,Groceries,Central,3,1793.76,5381.28,725.22
ORD000012,2025-10-01,Smartwatch,Electronics,South,3,29034.41,87103.23,10797.61
ORD000655,2025-10-01,Headphones,Electronics,East,3,32440.41,97321.23,17301.67
ORD007310,2025-10-01,Snacks,Groceries,Central,4,1577.52,6310.08,626.43
ORD005973,2025-10-01,Rice,Groceries,West,1,1856.76,1856.76,246.25
ORD002666,2025-10-01,Tablet,Electronics,South,1,26633.05,26633.05,3142.03
ORD009635,2025-10-01,Dairy Bundle,Groceries,West,4,1345.38,5381.52,682.24
ORD007596,2025-10-01,Shoes,Clothing,West,1,4902.02,4902.02,1070.41
ORD010262,2025-10-01,Smartphone,Electronics,South,3,17536.89,52610.67,9042.23
ORD008231,2025-10-01,Chair,Furniture,Central,1,3210.16,3210.16,724.45
ORD006938,2025-10-01,Bookshelf,Furniture,South,3,13260.21,39780.63,4375.6
ORD009171,2025-10-01,Spices Pack,Groceries,East,3,1264.67,3794.01,367.33
ORD002667,2025-10-01,Jeans,Clothing,South,6,708.74,4252.44,1172.84
ORD004240,2025-10-01,Wardrobe,Furniture,West,8,20302.38,865140.37,210603.87
ORD003614,2025-10-01,Spices Pack,Groceries,Central,1,1732.72,1732.72,105.7
ORD004534,2025-10-01,Spices Pack,Groceries,West,6,581.46,3488.76,350.63
ORD012019,2025-10-01,Dumbbell Set,Sports,East,2,1623.69,3247.38,524.8
ORD001385,2025-10-01,Cycle,Sports,North,3,7758.75,23276.25,6655.24
ORD004008,2025-10-01,Dumbbell Set,Sports,West,1,10317.57,10317.57,3141.16
ORD007584,2025-10-01,Laptop,Electronics,West,1,11409.2,11409.2,1181.05
ORD007599,2025-10-01,Dairy Bundle,Groceries,Central,8,1654.41,13235.28,1869.96
ORD003695,2025-10-01,Smartwatch,Electronics,East,4,28610.65,114442.6,14975.61
ORD006896,2025-10-01,Tablet,Electronics,North,3,26057.9,78173.7,8625.69
ORD005149,2025-10-01,Rice,Groceries,West,5,1760.8,8804.0,756.33
ORD008128,2025-10-01,Smartphone,Electronics,North,2,11718.21,23436.42,4676.72
ORD000355,2025-10-01,Smartwatch,Electronics,South,4,26334.13,105336.52,17041.38
ORD009041,2025-10-01,Wardrobe,Furniture,Central,3,11189.65,33568.95,5712.31
ORD003352,2025-10-01,Jeans,Clothing,West,4,2081.09,8324.36,2294.96
ORD009785,2025-10-01,Yoga Mat,Sports,North,1,1699.84,1699.84,455.93
ORD006835,2025-10-01,Snacks,Groceries,South,2,1802.43,3604.86,490.82
ORD008108,2025-10-01,Cycle,Sports,South,1,5227.34,18785.23,5243.09
ORD011085,2025-10-01,Smartwatch,Electronics,South,3,19154.94,57464.82,8291.92
ORD003154,2025-10-01,Dumbbell Set,Sports,East,2,5954.76,11909.52,2661.4
ORD007138,2025-10-02,Sofa,Furniture,Central,1,7402.16,7402.16,966.6
ORD003765,2025-10-02,Spices Pack,Groceries,Central,5,1316.92,6584.6,500.07
ORD010704,2025-10-02,Running Shoes,Sports,East,3,12928.21,38784.63,11505.66
ORD007316,2025-10-02,Chair,Furniture,Central,2,26619.63,53239.26,11546.56
ORD002962,2025-10-02,Headphones,Electronics,Central,4,20584.52,82338.08,12989.96
ORD010390,2025-10-02,Laptop,Electronics,South,6,59240.04,1087204.32,209241.56
ORD003833,2025-10-02,Shoes,Clothing,West,1,1980.31,1980.31,533.41
ORD011455,2025-10-02,Bookshelf,Furniture,East,3,24049.71,72149.13,8014.92
ORD004574,2025-10-02,T-Shirt,Clothing,East,1,1969.12,1969.12,594.26
ORD000465,2025-10-02,Smartwatch,Electronics,North,1,53610.43,53610.43,5947.89
ORD007817,2025-10-02,Tablet,Electronics,North,1,78388.31,78388.31,12648.72
ORD005814,2025-10-02,Headphones,Electronics,North,1,62760.18,62760.18,8677.72
ORD011430,2025-10-02,Sofa,Furniture,South,1,6086.01,6086.01,1182.86
ORD001659,2025-10-02,Dress,Clothing,South,4,2574.75,10299.0,2073.48
ORD000718,2025-10-02,Sofa,Furniture,Central,2,5910.24,11820.48,1235.19
ORD006229,2025-10-02,Dumbbell Set,Sports,Central,2,3781.8,7563.6,1843.37
ORD003711,2025-10-02,Jeans,Clothing,East,5,1222.3,6111.5,2276.65
ORD006014,2025-10-02,Tablet,Electronics,North,1,61936.32,61936.32,9155.48
ORD002900,2025-10-02,Jeans,Clothing,Central,2,4832.46,9664.92,2328.59
ORD011620,2025-10-02,Shoes,Clothing,South,3,2336.75,7010.25,2792.21
ORD012254,2025-10-02,Rice,Groceries,North,2,283.52,567.04,73.91
ORD010238,2025-10-02,Wardrobe,Furniture,West,1,14270.37,14270.37,3153.69
ORD004449,2025-10-02,Headphones,Electronics,South,1,31189.8,31189.8,4660.7
ORD008207,2025-10-02,Shoes,Clothing,North,5,3628.31,18141.55,7159.9
ORD001729,2025-10-02,Cycle,Sports,Central,4,7755.21,31020.84,8939.49
ORD003613,2025-10-02,Sofa,Furniture,Central,4,27062.38,108249.52,26608.6
ORD001073,2025-10-02,Rice,Groceries,Central,6,995.22,5971.32,789.19
ORD000786,2025-10-02,Running Shoes,Sports,East,2,9005.82,18011.64,3306.99
ORD005537,2025-10-02,Sofa,Furniture,East,1,12311.36,12311.36,1315.25
ORD004396,2025-10-02,Laptop,Electronics,East,3,72498.47,217495.41,18907.87
ORD010654,2025-10-02,Dumbbell Set,Sports,East,3,2243.65,6730.95,1177.54
ORD006334,2025-10-02,Sofa,Furniture,East,7,25405.87,177841.09,38016.54
ORD004226,2025-10-02,Snacks,Groceries,Central,7,1379.68,9657.76,593.96
ORD008878,2025-10-02,Jeans,Clothing,East,3,853.49,2560.47,723.52
ORD010866,2025-10-02,Wardrobe,Furniture,West,5,25479.69,127398.45,31646.19
ORD001407,2025-10-03,Cycle,Sports,West,1,10165.71,10165.71,1855.65
ORD004868,2025-10-03,Desk,Furniture,North,1,22895.14,22895.14,4365.92
ORD003690,2025-10-03,Tablet,Electronics,Central,4,50394.34,201577.36,18284.41
ORD008536,2025-10-03,Dumbbell Set,Sports,West,6,5632.94,33797.64,8816.89
ORD011992,2025-10-03,Dumbbell Set,Sports,West,1,11193.56,11193.56,3145.52
ORD011034,2025-10-03,Spices Pack,Groceries,East,3,1599.12,4797.36,649.82
ORD002631,2025-10-03,Shoes,Clothing,West,2,1258.77,2517.54,1023.67
ORD010601,2025-10-03,Wardrobe,Furniture,South,1,2605.94,2605.94,492.79
ORD004041,2025-10-03,Smartwatch,Electronics,East,2,30592.31,230995.84,22411.52
ORD010304,2025-10-03,Smartwatch,Electronics,West,1,9189.64,9189.64,896.34
ORD007488,2025-10-03,Headphones,Electronics,South,3,11049.18,33147.54,4874.61
ORD009302,2025-10-03,T-Shirt,Clothing,North,5,781.34,3906.7,1409.04
ORD006289,2025-10-03,Bookshelf,Furniture,North,3,2977.36,8932.08,1618.91
ORD002009,2025-10-03,Wardrobe,Furniture,South,1,26810.41,26810.41,6283.11
ORD001622,2025-10-03,Running Shoes,Sports,Central,2,8343.12,16686.24,4827.09
ORD007440,2025-10-03,Headphones,Electronics,North,3,57408.8,172226.4,14484.84
ORD005038,2025-10-03,Desk,Furniture,Central,1,29522.46,29522.46,4166.22
ORD006731,2025-10-03,Cycle,Sports,West,2,14645.38,29290.76,5462.91
ORD008887,2025-10-03,Wardrobe,Furniture,East,2,9998.44,19996.88,2554.93
ORD008736,2025-10-03,Rice,Groceries,North,2,1579.3,3158.6,260.79
ORD003224,2025-10-03,Badminton Kit,Sports,East,4,14547.81,58191.24,14364.08
ORD009395,2025-10-03,Snacks,Groceries,South,3,1979.29,5937.87,554.23
ORD008198,2025-10-03,Desk,Furniture,North,1,13565.52,13565.52,2338.31
ORD011015,2025-10-03,Snacks,Groceries,Central,4,1614.62,6458.48,948.31
ORD011321,2025-10-03,Bookshelf,Furniture,South,1,14736.82,14736.82,2693.9
ORD003367,2025-10-03,Yoga Mat,Sports,Central,1,14035.1,14035.1,3072.55
ORD002258,2025-10-03,Tablet,Electronics,East,2,47638.28,95276.56,12279.61
ORD003177,2025-10-03,Smartphone,Electronics,Central,4,10702.06,42808.24,6348.79
ORD001211,2025-10-04,Shoes,Clothing,East,2,1052.12,2104.24,433.13
ORD006771,2025-10-04,Chair,Furniture,South,1,15132.4,15132.4,3496.69
ORD001098,2025-10-04,Smartwatch,Electronics,East,2,15991.24,31982.48,4274.35
ORD010266,2025-10-04,Cooking Oil,Groceries,East,1,567.54,567.54,61.41
ORD004094,2025-10-04,Smartwatch,Electronics,Central,2,25351.73,50703.46,9752.05
ORD012241,2025-10-04,Laptop,Electronics,West,4,73912.5,295650.0,31842.22
ORD003522,2025-10-04,Chair,Furniture,South,1,20089.31,20089.31,2462.78
ORD008342,2025-10-04,Shoes,Clothing,North,1,694.59,694.59,292.59
ORD002320,2025-10-04,Smartwatch,Electronics,East,1,62131.41,62131.41,11024.2
ORD000139,2025-10-04,Spices Pack,Groceries,Central,2,1616.76,3233.52,371.84
ORD012056,2025-10-04,Snacks,Groceries,South,4,1522.87,6091.48,456.24
ORD008516,2025-10-04,Smartphone,Electronics,West,1,45174.79,135938.97,18131.47
ORD008092,2025-10-04,Tablet,Electronics,North,3,40375.64,121126.92,13766.27
ORD007683,2025-10-04,Jacket,Clothing,West,6,4262.62,25575.72,5182.97
ORD009074,2025-10-04,Tablet,Electronics,South,1,59945.52,59945.52,7147.6
ORD009070,2025-10-04,Dress,Clothing,Central,6,1370.18,8221.08,3485.55
ORD010030,2025-10-04,Wardrobe,Furniture,West,6,27560.69,165364.14,33129.54
ORD002322,2025-10-04,Dumbbell Set,Sports,South,6,12948.34,77690.04,13699.66
ORD001072,2025-10-04,Dairy Bundle,Groceries,North,1,1449.46,1449.46,118.04
ORD006125,2025-10-04,Laptop,Electronics,Central,5,23078.23,115391.15,22663.88
ORD000589,2025-10-04,Sofa,Furniture,Central,1,23835.67,23835.67,2766.06
ORD002174,2025-10-04,Shoes,Clothing,Central,5,4058.98,20294.9,6873.31
ORD008197,2025-10-04,Snacks,Groceries,East,3,1271.99,3815.97,256.66
ORD006421,2025-10-04,Laptop,Electronics,Central,4,69488.06,277952.24,41302.8
ORD010330,2025-10-04,Smartwatch,Electronics,North,1,25907.53,25907.53,2595.23
ORD003749,2025-10-04,Laptop,Electronics,South,4,13225.39,52901.56,9630.1
ORD003919,2025-10-04,Wardrobe,Furniture,North,1,18959.58,18959.58,3863.58
ORD010286,2025-10-04,Dumbbell Set,Sports,Central,2,10825.58,21651.16,3947.61
ORD000723,2025-10-04,Headphones,Electronics,East,3,70506.24,211518.72,21417.96
ORD000843,2025-10-04,Dress,Clothing,West,6,922.87,5537.22,2300.73
ORD001067,2025-10-04,Rice,Groceries,South,4,1163.54,4654.16,478.17
ORD004276,2025-10-04,Yoga Mat,Sports,Central,3,13761.47,41284.41,6944.34
ORD010056,2025-10-04,Dress,Clothing,Central,1,4684.89,4684.89,1909.97
ORD011077,2025-10-04,Snacks,Groceries,East,1,1925.13,1925.13,128.03
ORD002852,2025-10-04,Wardrobe,Furniture,Central,2,17808.63,35617.26,4909.78
ORD002567,2025-10-04,Dress,Clothing,West,5,768.02,3840.1,783.41
ORD001651,2025-10-04,Tablet,Electronics,South,5,39210.0,196050.0,39143.71
ORD010380,2025-10-04,Badminton Kit,Sports,North,1,12718.03,12718.03,3400.32
ORD010236,2025-10-04,Headphones,Electronics,North,4,35664.6,142658.4,13396.22
ORD008933,2025-10-04,Jeans,Clothing,East,3,4023.41,12070.23,2601.27
ORD003297,2025-10-04,Dress,Clothing,South,1,2104.89,2104.89,870.58
ORD003295,2025-10-05,Bookshelf,Furniture,East,2,7349.74,14699.48,3212.97
ORD000479,2025-10-05,Shoes,Clothing,East,4,2738.91,10955.64,2319.76
ORD012149,2025-10-05,Chair,Furniture,North,2,17433.27,34866.54,5983.25
ORD002090,2025-10-05,Spices Pack,Groceries,Central,3,721.19,2163.57,174.33
ORD004764,2025-10-05,Laptop,Electronics,East,1,72139.34,72139.34,6588.88
ORD007153,2025-10-05,T-Shirt,Clothing,East,1,2536.25,11639.71,4229.77
ORD001382,2025-10-05,Smartphone,Electronics,Central,3,53426.37,160279.11,21432.65
ORD001000,2025-10-05,Yoga Mat,Sports,South,2,1327.29,2654.58,548.0
ORD000597,2025-10-05,Laptop,Electronics,East,2,32903.58,65807.16,10167.86
ORD011370,2025-10-05,Yoga Mat,Sports,North,2,514.38,1028.76,333.15
ORD005102,2025-10-05,Cooking Oil,Groceries,North,1,680.32,680.32,55.89
ORD010283,2025-10-05,Yoga Mat,Sports,Central,2,9350.96,18701.92,4955.84
ORD002062,2025-10-05,Rice,Groceries,North,3,1425.88,4277.64,598.98
ORD005456,2025-10-05,Desk,Furniture,South,3,2160.19,6480.57,1281.2
ORD004211,2025-10-05,Cycle,Sports,Central,3,8791.52,26374.56,5294.13
ORD000876,2025-10-05,Spices Pack,Groceries,East,2,1117.09,10978.94,785.22
ORD004273,2025-10-05,Spices Pack,Groceries,East,3,856.3,2568.9,260.39
ORD004181,2025-10-05,Dairy Bundle,Groceries,North,1,1644.12,1644.12,104.01
ORD011311,2025-10-05,T-Shirt,Clothing,North,1,1975.75,1975.75,859.73
ORD005005,2025-10-05,Spices Pack,Groceries,Central,1,1549.6,1549.6,195.17
ORD004166,2025-10-05,Cooking Oil,Groceries,East,2,1514.3,3028.6,339.04
ORD005653,2025-10-05,Wardrobe,Furniture,East,4,2646.99,10587.96,1140.0
ORD005657,2025-10-05,Sofa,Furniture,West,3,15016.39,45049.17,10935.1
ORD002181,2025-10-05,Snacks,Groceries,East,2,213.22,426.44,47.09
ORD000702,2025-10-05,Desk,Furniture,Central,3,3026.8,9080.4,1911.06
ORD004437,2025-10-05,Headphones,Electronics,Central,3,56348.85,169046.55,13612.16
ORD012472,2025-10-05,Jacket,Clothing,East,2,2805.49,5610.98,2484.14
ORD001440,2025-10-05,Jacket,Clothing,Central,4,3078.31,12313.24,3035.63
ORD007030,2025-10-05,Tablet,Electronics,Central,4,37232.9,148931.6,29512.62
ORD002235,2025-10-05,Cooking Oil,Groceries,North,3,1903.62,5710.86,787.87
ORD011808,2025-10-05,Bookshelf,Furniture,West,4,14940.47,59761.88,14181.45
ORD006864,2025-10-06,Cooking Oil,Groceries,Central,1,1981.88,1981.88,259.16
ORD007292,2025-10-06,Wardrobe,Furniture,West,5,14950.95,74754.75,12173.15
ORD009812,2025-10-06,Desk,Furniture,South,6,9967.87,59807.22,13242.31
ORD002585,2025-10-06,Headphones,Electronics,East,1,22654.51,22654.51,3903.09
ORD007421,2025-10-06,Jacket,Clothing,Central,3,1353.61,4060.83,1176.74
ORD010350,2025-10-06,Headphones,Electronics,South,1,78618.79,78618.79,12202.09
ORD004329,2025-10-06,Shoes,Clothing,Central,1,2824.7,2824.7,708.67
ORD011460,2025-10-06,Desk,Furniture,East,2,13975.59,27951.18,5828.85
ORD002952,2025-10-06,Rice,Groceries,West,6,345.82,2074.92,181.73
ORD007667,2025-10-06,Bookshelf,Furniture,South,3,18415.5,55246.5,11318.85
ORD002967,2025-10-06,Headphones,Electronics,Central,3,25876.7,77630.1,15414.36
ORD006608,2025-10-06,Tablet,Electronics,East,3,10319.51,30958.53,4195.01
ORD009137,2025-10-06,Dairy Bundle,Groceries,North,1,1295.31,1295.31,166.09
ORD004417,2025-10-06,Rice,Groceries,West,8,1468.79,11750.32,1188.59
ORD002570,2025-10-06,Rice,Groceries,Central,1,1397.92,1397.92,200.26
ORD011672,2025-10-06,Jeans,Clothing,South,1,4532.72,4532.72,1790.58
ORD010767,2025-10-06,Tablet,Electronics,South,4,20678.95,82715.8,15736.83
ORD000761,2025-10-06,Jacket,Clothing,Central,3,583.26,1749.78,758.72
ORD011229,2025-10-06,T-Shirt,Clothing,North,3,1592.31,4776.93,2075.56
ORD010586,2025-10-06,Spices Pack,Groceries,Central,1,1894.67,1894.67,203.6
ORD006121,2025-10-06,Tablet,Electronics,East,2,15403.96,30807.92,2660.47
ORD002044,2025-10-06,Snacks,Groceries,East,2,348.85,697.7,77.17
ORD007482,2025-10-06,Dress,Clothing,East,1,4424.46,4424.46,999.69
ORD005743,2025-10-06,Rice,Groceries,North,3,414.52,1243.56,112.26
ORD003745,2025-10-06,Jeans,Clothing,West,3,3116.6,41088.06,16512.04
ORD011813,2025-10-06,Jacket,Clothing,North,3,1942.57,5827.71,2155.95
ORD009445,2025-10-06,Running Shoes,Sports,South,1,14137.07,14137.07,2383.78
ORD004119,2025-10-06,Tablet,Electronics,East,4,58597.16,234388.64,41047.17
ORD009708,2025-10-06,Desk,Furniture,Central,3,16970.67,50912.01,8318.0
ORD009725,2025-10-06,Shoes,Clothing,North,4,1202.86,4811.44,1282.35
ORD003701,2025-10-06,Laptop,Electronics,East,2,12723.26,25446.52,4144.57
ORD000136,2025-10-06,Sofa,Furniture,North,1,24662.11,24662.11,5463.08
ORD001015,2025-10-06,Snacks,Groceries,East,3,587.41,1762.23,203.39
ORD007909,2025-10-06,Desk,Furniture,South,3,21962.85,65888.55,15833.11
ORD000783,2025-10-06,Tablet,Electronics,Central,2,67228.23,134456.46,17593.44
ORD012172,2025-10-06,Jacket,Clothing,East,1,3920.58,3920.58,1215.56
ORD007317,2025-10-07,Running Shoes,Sports,West,1,3265.85,3265.85,943.19
ORD008099,2025-10-07,Smartphone,Electronics,West,1,59127.98,59127.98,5129.07
ORD010433,2025-10-07,Jacket,Clothing,South,1,1123.96,1123.96,249.96
ORD004412,2025-10-07,T-Shirt,Clothing,Central,4,897.76,3591.04,783.16
ORD010687,2025-10-07,Chair,Furniture,North,1,3909.77,3909.77,436.9
ORD003153,2025-10-07,Spices Pack,Groceries,Central,1,826.49,826.49,77.95
ORD009754,2025-10-07,Dress,Clothing,West,2,4080.18,8160.36,3446.4
ORD003713,2025-10-07,Smartphone,Electronics,Central,1,41780.78,41780.78,5186.04
ORD000894,2025-10-07,Dumbbell Set,Sports,Central,1,9731.71,9731.71,2654.68
ORD011431,2025-10-07,Cycle,Sports,Central,2,7031.78,14063.56,2584.76
ORD012482,2025-10-07,Spices Pack,Groceries,Central,2,962.31,1924.62,266.71
ORD001821,2025-10-07,Snacks,Groceries,Central,1,552.48,552.48,77.81
ORD007668,2025-10-07,Yoga Mat,Sports,West,4,8115.05,32460.2,10288.18
ORD005083,2025-10-07,Desk,Furniture,East,1,27633.35,27633.35,3284.0
ORD008725,2025-10-07,Tablet,Electronics,West,5,31124.91,155624.55,20352.69
ORD007850,2025-10-07,Smartphone,Electronics,Central,4,52775.59,211102.36,29453.83
ORD006513,2025-10-07,Smartwatch,Electronics,West,2,47523.58,95047.16,7643.82
ORD011132,2025-10-07,T-Shirt,Clothing,Central,1,1057.81,1057.81,215.59
ORD009412,2025-10-07,Jacket,Clothing,South,2,2386.32,4772.64,2026.72
ORD009281,2025-10-07,Spices Pack,Groceries,North,3,1582.39,4747.17,543.0
ORD012270,2025-10-07,Jacket,Clothing,West,6,1106.15,6636.9,2595.94
ORD011261,2025-10-07,Smartwatch,Electronics,North,1,40864.65,40864.65,3796.32
ORD002529,2025-10-07,Headphones,Electronics,West,1,39515.61,39515.61,4473.58
ORD011516,2025-10-07,Dumbbell Set,Sports,South,2,3737.81,37741.52,7714.03
ORD000093,2025-10-07,Dairy Bundle,Groceries,Central,4,590.09,2360.36,273.8
ORD012139,2025-10-07,Dress,Clothing,East,1,2456.42,2456.42,591.66
ORD005709,2025-10-07,Cooking Oil,Groceries,Central,5,1858.53,9292.65,813.76
ORD008823,2025-10-07,Headphones,Electronics,North,2,76997.49,153994.98,28113.46
ORD005626,2025-10-07,Yoga Mat,Sports,Central,3,8529.72,25589.16,7512.3
ORD000735,2025-10-07,Desk,Furniture,West,1,26381.1,26381.1,5734.14
ORD008564,2025-10-07,Sofa,Furniture,East,2,6126.73,12253.46,1821.92
ORD002745,2025-10-07,Tablet,Electronics,Central,6,51897.1,1745498.07,331316.16
ORD011357,2025-10-07,T-Shirt,Clothing,West,2,4558.95,9117.9,3904.12
ORD005882,2025-10-07,Dumbbell Set,Sports,Central,7,8696.69,60876.83,12159.44
ORD010808,2025-10-07,Cycle,Sports,East,2,11998.68,23997.36,5114.03
ORD006465,2025-10-07,Headphones,Electronics,Central,1,53503.38,53503.38,9421.04
ORD000586,2025-10-08,Cooking Oil,Groceries,North,6,1272.16,7632.96,1130.58
ORD004580,2025-10-08,Dress,Clothing,West,2,3399.6,6799.2,2042.81
ORD002695,2025-10-08,Cooking Oil,Groceries,West,3,1185.28,3555.84,484.81
ORD000205,2025-10-08,Shoes,Clothing,Central,3,4555.3,13665.9,3045.06
ORD000850,2025-10-08,Dumbbell Set,Sports,North,2,14465.17,28930.34,7519.17
ORD008916,2025-10-08,Headphones,Electronics,North,3,24847.75,74543.25,7606.35
ORD002443,2025-10-08,Running Shoes,Sports,West,5,2093.02,10465.1,3419.33
ORD011469,2025-10-08,Rice,Groceries,South,3,349.75,1049.25,136.13
ORD000371,2025-10-08,Yoga Mat,Sports,North,5,7208.86,36044.3,7579.24
ORD005485,2025-10-08,Dress,Clothing,West,5,3390.22,16951.1,4214.97
ORD008147,2025-10-08,Jacket,Clothing,South,1,4121.34,4121.34,1694.7
ORD002739,2025-10-08,Headphones,Electronics,Central,1,31715.31,31715.31,5176.11
ORD010982,2025-10-08,Bookshelf,Furniture,Central,1,8694.67,8694.67,1691.67
ORD005532,2025-10-08,Badminton Kit,Sports,West,5,12988.12,64940.6,20301.8
ORD011215,2025-10-08,Jacket,Clothing,North,3,2648.44,7945.32,2198.4
ORD005397,2025-10-08,Tablet,Electronics,Central,1,66992.03,66992.03,6410.05
ORD008478,2025-10-08,Dairy Bundle,Groceries,East,1,1958.62,1958.62,190.23
ORD006090,2025-10-08,Desk,Furniture,East,2,15573.79,31147.58,3608.97
ORD001762,2025-10-08,Smartphone,Electronics,East,5,27336.48,136682.4,12590.82
ORD004791,2025-10-08,Wardrobe,Furniture,Central,4,9679.33,38717.32,7052.04
ORD008000,2025-10-08,Laptop,Electronics,East,3,61645.77,184937.31,34878.66
ORD004512,2025-10-08,Tablet,Electronics,West,1,42919.44,42919.44,5007.38
ORD000689,2025-10-08,Jacket,Clothing,East,2,2392.93,4785.86,1573.13
ORD009832,2025-10-08,Cooking Oil,Groceries,Central,1,106.39,106.39,9.37
ORD008362,2025-10-08,Cooking Oil,Groceries,Central,3,1279.21,3837.63,484.51
ORD000820,2025-10-08,Running Shoes,Sports,South,1,14891.01,14891.01,4994.45
ORD003059,2025-10-08,Dress,Clothing,North,1,3396.84,3396.84,1519.34
ORD000269,2025-10-08,Jeans,Clothing,South,6,4293.34,25760.04,6744.93
ORD002351,2025-10-08,Desk,Furniture,Central,3,8999.24,26997.72,2996.87
ORD003892,2025-10-08,Bookshelf,Furniture,South,7,26617.72,186324.04,18996.02
ORD009475,2025-10-08,Cooking Oil,Groceries,East,1,1203.93,1203.93,120.46
ORD012387,2025-10-08,Smartphone,Electronics,Central,2,45126.08,90252.16,8852.63
ORD006599,2025-10-08,Cooking Oil,Groceries,South,1,1992.38,1992.38,200.86
ORD004083,2025-10-08,Wardrobe,Furniture,Central,1,12536.73,12536.73,1936.65
ORD006032,2025-10-08,Shoes,Clothing,East,4,3019.89,12079.56,4369.19
ORD011548,2025-10-09,Snacks,Groceries,Central,4,526.2,2104.8,111.87
ORD005081,2025-10-09,Snacks,Groceries,North,3,1151.71,3455.13,385.63
ORD010996,2025-10-09,Chair,Furniture,North,2,20563.89,41127.78,6471.23
ORD011470,2025-10-09,Cooking Oil,Groceries,South,1,326.38,326.38,29.64
ORD008217,2025-10-09,Running Shoes,Sports,West,3,12185.98,36557.94,7384.09
ORD005577,2025-10-09,Desk,Furniture,South,2,12299.3,24598.6,3993.56
ORD011855,2025-10-09,Yoga Mat,Sports,East,3,1742.98,5228.94,1012.92
ORD000406,2025-10-09,Dumbbell Set,Sports,West,3,14780.2,44340.6,14090.54
ORD009756,2025-10-09,Badminton Kit,Sports,Central,3,8457.49,25372.47,5172.35
ORD003048,2025-10-09,Jeans,Clothing,Central,1,1263.4,1263.4,487.04
ORD005906,2025-10-09,Cooking Oil,Groceries,South,5,1934.42,9672.1,1393.62
ORD011583,2025-10-09,Spices Pack,Groceries,North,5,1602.74,8013.7,1151.38
ORD011225,2025-10-09,T-Shirt,Clothing,West,1,4891.77,4891.77,1895.51
ORD006102,2025-10-09,Chair,Furniture,West,3,5652.7,16958.1,3635.87
ORD008777,2025-10-09,Bookshelf,Furniture,East,3,13015.58,39046.74,8203.35
ORD000980,2025-10-09,Jacket,Clothing,Central,2,3290.03,33278.7,13192.11
ORD011428,2025-10-09,Smartphone,Electronics,West,3,33730.54,101191.62,17506.45
ORD002907,2025-10-09,Headphones,Electronics,Central,1,67101.13,67101.13,7634.58
ORD000478,2025-10-09,Snacks,Groceries,West,2,895.66,1791.32,158.2
ORD010089,2025-10-09,Headphones,Electronics,West,1,70687.84,70687.84,5851.37
ORD011952,2025-10-09,Yoga Mat,Sports,West,1,2210.03,2210.03,358.63
ORD002191,2025-10-09,Desk,Furniture,West,2,3737.16,7474.32,827.21
ORD001467,2025-10-09,Bookshelf,Furniture,East,1,4196.76,4196.76,762.44
ORD004643,2025-10-09,Jeans,Clothing,South,5,4277.69,21388.45,8193.38
ORD003407,2025-10-09,Laptop,Electronics,East,2,8923.16,17846.32,3131.41
ORD001865,2025-10-09,Jacket,Clothing,North,1,1065.12,1065.12,371.52
ORD001686,2025-10-09,Desk,Furniture,West,3,8124.04,24372.12,4613.53
ORD009297,2025-10-09,Cycle,Sports,Central,2,5805.14,11610.28,3584.48
ORD007723,2025-10-09,Running Shoes,Sports,South,2,7134.41,14268.82,3112.78
ORD004312,2025-10-09,Spices Pack,Groceries,North,2,1054.84,2109.68,284.47
ORD000353,2025-10-09,Smartphone,Electronics,North,7,12563.0,87941.0,17482.25
ORD009486,2025-10-09,Cooking Oil,Groceries,West,1,1052.84,1052.84,78.72
ORD002673,2025-10-09,Cycle,Sports,West,2,14430.82,28861.64,7432.1
ORD011668,2025-10-09,Dumbbell Set,Sports,West,1,14554.4,14554.4,4965.09
ORD010618,2025-10-09,Snacks,Groceries,East,1,1478.29,1478.29,103.81
ORD008455,2025-10-09,Badminton Kit,Sports,West,2,13515.4,27030.8,4259.78
ORD009788,2025-10-09,Desk,Furniture,North,4,23704.0,94816.0,12227.07
ORD011004,2025-10-10,Cycle,Sports,North,1,9847.31,9847.31,3263.29
ORD000306,2025-10-10,Running Shoes,Sports,South,3,1070.03,3210.09,994.75
ORD001479,2025-10-10,Wardrobe,Furniture,Central,4,22411.47,89645.88,20551.64
ORD002587,2025-10-10,Tablet,Electronics,East,4,9512.66,38050.64,3201.27
ORD001624,2025-10-10,Desk,Furniture,Central,1,16003.16,16003.16,2589.21
ORD005267,2025-10-10,Snacks,Groceries,East,4,1910.91,7643.64,423.56
ORD011661,2025-10-10,Badminton Kit,Sports,West,4,9502.9,38011.6,8819.83
ORD011754,2025-10-10,Running Shoes,Sports,West,3,14627.4,43882.2,12666.04
ORD000150,2025-10-10,Desk,Furniture,East,1,19440.93,19440.93,2192.98
ORD007646,2025-10-10,Jacket,Clothing,West,4,1937.98,7751.92,3164.72
ORD002803,2025-10-10,Dairy Bundle,Groceries,South,2,175.61,351.22,38.55
ORD010018,2025-10-10,Bookshelf,Furniture,North,1,4054.59,4054.59,899.75
ORD004763,2025-10-10,Smartphone,Electronics,West,3,13381.71,40145.13,5430.92
ORD005895,2025-10-10,Shoes,Clothing,East,3,2320.32,6960.96,2508.68
ORD005836,2025-10-10,Tablet,Electronics,North,4,32242.81,128971.24,12553.68
ORD004385,2025-10-10,Cooking Oil,Groceries,Central,5,857.26,4286.3,287.25
ORD011914,2025-10-10,Badminton Kit,Sports,West,4,11729.97,46919.88,13318.59
ORD009568,2025-10-10,Badminton Kit,Sports,North,1,4922.44,4922.44,1346.7
ORD007903,2025-10-10,Shoes,Clothing,Central,1,2344.31,2344.31,534.49
ORD001695,2025-10-10,Bookshelf,Furniture,East,1,3091.42,3091.42,618.37
ORD003506,2025-10-10,Yoga Mat,Sports,North,4,4132.0,16528.0,5143.2
ORD003802,2025-10-10,Smartwatch,Electronics,South,3,49776.45,149329.35,28146.22
ORD006391,2025-10-10,Desk,Furniture,North,2,21041.71,42083.42,9872.45
ORD010282,2025-10-10,T-Shirt,Clothing,East,5,2844.25,14221.25,5667.05
ORD000879,2025-10-10,Wardrobe,Furniture,West,1,28868.15,28868.15,4999.33
ORD011872,2025-10-10,Yoga Mat,Sports,North,1,4892.3,4892.3,952.87
ORD011547,2025-10-10,Shoes,Clothing,Central,1,2483.12,2483.12,1056.14
ORD002841,2025-10-10,Smartphone,Electronics,Central,1,24947.59,24947.59,3475.81
ORD006306,2025-10-10,Laptop,Electronics,East,2,27440.36,54880.72,4620.84
ORD008654,2025-10-10,Dress,Clothing,East,5,1096.18,5480.9,2186.65
ORD006238,2025-10-10,Wardrobe,Furniture,North,1,21082.41,21082.41,3213.32
ORD003499,2025-10-10,Tablet,Electronics,East,1,56026.65,56026.65,10610.84
ORD012256,2025-10-10,Cooking Oil,Groceries,West,5,795.4,3977.0,458.4
ORD011413,2025-10-10,Laptop,Electronics,East,1,18843.22,18843.22,3636.6
ORD002231,2025-10-10,Smartwatch,Electronics,East,1,36997.24,36997.24,5266.68
ORD005471,2025-10-10,Cooking Oil,Groceries,North,3,1282.4,3847.2,446.92
ORD008795,2025-10-10,Running Shoes,Sports,North,2,5754.95,11509.9,3203.18
ORD007201,2025-10-10,Jeans,Clothing,Central,4,479.32,1917.28,589.48
ORD004691,2025-10-10,Spices Pack,Groceries,South,2,122.56,245.12,19.63
ORD000461,2025-10-10,Wardrobe,Furniture,South,1,26317.1,26317.1,4555.88
ORD011809,2025-10-10,Bookshelf,Furniture,West,2,7742.38,15484.76,2619.48
ORD010820,2025-10-10,Tablet,Electronics,North,6,71395.08,428370.48,46600.23
ORD001254,2025-10-10,Smartphone,Electronics,East,2,69485.26,138970.52,18441.11
ORD008299,2025-10-10,Sofa,Furniture,South,5,7047.6,35238.0,6837.66
ORD001989,2025-10-10,Tablet,Electronics,Central,2,34979.98,69959.96,10213.05
ORD005787,2025-10-11,Spices Pack,Groceries,North,1,265.36,265.36,20.87
ORD007590,2025-10-11,Headphones,Electronics,West,1,45706.28,45706.28,4090.59
ORD001980,2025-10-11,Rice,Groceries,North,2,196.18,392.36,21.16
ORD000020,2025-10-11,Snacks,Groceries,East,5,1400.04,36136.19,3397.35
ORD009220,2025-10-11,Jacket,Clothing,South,2,2427.93,4855.86,1915.62
ORD010897,2025-10-11,Shoes,Clothing,Central,2,1548.77,3097.54,1266.9
ORD009360,2025-10-11,Cycle,Sports,West,2,4144.04,8288.08,2771.13
ORD000875,2025-10-11,Spices Pack,Groceries,Central,1,1544.55,1544.55,98.4
ORD004330,2025-10-11,Sofa,Furniture,West,1,6361.05,6361.05,1476.17
ORD011898,2025-10-11,Sofa,Furniture,East,3,7386.73,22160.19,4947.94
ORD001453,2025-10-11,Jeans,Clothing,East,1,2755.8,2755.8,588.8
ORD000030,2025-10-11,T-Shirt,Clothing,Central,1,512.57,512.57,144.2
ORD000118,2025-10-11,Running Shoes,Sports,West,2,3331.02,6662.04,1961.91
ORD001112,2025-10-11,Dumbbell Set,Sports,Central,5,1899.75,9498.75,1884.35
ORD006965,2025-10-11,Wardrobe,Furniture,North,7,25283.95,176987.65,33400.67
ORD007286,2025-10-11,T-Shirt,Clothing,South,3,1164.07,3492.21,1520.34
ORD001644,2025-10-11,Laptop,Electronics,East,6,35923.48,215540.88,38026.7
ORD012298,2025-10-11,Chair,Furniture,West,1,7428.54,7428.54,1560.05
ORD010494,2025-10-11,Wardrobe,Furniture,East,3,25106.02,75318.06,13716.4
ORD012352,2025-10-11,Yoga Mat,Sports,West,1,12840.12,12840.12,3856.69
ORD000736,2025-10-11,Jacket,Clothing,North,5,2964.98,14824.9,5701.84
ORD001076,2025-10-11,Jeans,Clothing,South,1,1875.48,1875.48,456.57
ORD008613,2025-10-11,Jacket,Clothing,South,1,4866.76,4866.76,1139.37
ORD006518,2025-10-11,Headphones,Electronics,South,3,11050.06,33150.18,5332.98
ORD000327,2025-10-11,Dumbbell Set,Sports,East,1,9009.2,9009.2,2694.54
ORD008417,2025-10-11,Jeans,Clothing,East,4,2994.87,11979.48,4907.1
ORD001395,2025-10-11,Chair,Furniture,East,7,28640.03,200480.21,49964.26
ORD006823,2025-10-11,Wardrobe,Furniture,North,3,20030.38,60091.14,11533.19
ORD005878,2025-10-11,Badminton Kit,Sports,South,1,6289.84,6289.84,1582.39
ORD010562,2025-10-11,Yoga Mat,Sports,North,2,7956.58,15913.16,4925.01
ORD004873,2025-10-11,Smartwatch,Electronics,Central,5,27106.62,135533.1,22031.66
ORD011918,2025-10-11,Headphones,Electronics,East,1,29186.03,29186.03,4390.33
ORD003938,2025-10-11,Snacks,Groceries,Central,4,1117.49,4469.96,466.48
ORD008490,2025-10-11,Laptop,Electronics,North,1,15163.96,15163.96,2407.12
ORD004693,2025-10-11,Wardrobe,Furniture,South,3,16976.44,50929.32,11789.61
ORD001090,2025-10-11,Cooking Oil,Groceries,East,1,1418.89,1418.89,143.68
ORD004459,2025-10-12,Tablet,Electronics,West,8,45013.81,360110.48,64640.48
ORD011106,2025-10-12,Dumbbell Set,Sports,East,1,7476.3,7476.3,1591.72
ORD002507,2025-10-12,Dress,Clothing,East,2,2816.13,5632.26,2021.03
ORD004288,2025-10-12,Cooking Oil,Groceries,Central,1,1736.02,1736.02,98.93
ORD012047,2025-10-12,Chair,Furniture,West,1,9428.12,9428.12,1581.37
ORD002538,2025-10-12,Running Shoes,Sports,East,2,14600.69,29201.38,7405.53
ORD002823,2025-10-12,Jacket,Clothing,West,3,3102.83,9308.49,2499.82
ORD002188,2025-10-12,Rice,Groceries,East,4,1072.24,4288.96,421.73
ORD008511,2025-10-12,Dairy Bundle,Groceries,East,2,642.37,1284.74,102.48
ORD000929,2025-10-12,Dress,Clothing,North,6,3848.7,23092.2,7277.16
ORD005497,2025-10-12,Yoga Mat,Sports,Central,3,12813.68,38441.04,9458.55
ORD001398,2025-10-12,Wardrobe,Furniture,West,2,14235.88,125103.67,23648.86
ORD003520,2025-10-12,Desk,Furniture,Central,4,17055.38,68221.52,13613.18
ORD008319,2025-10-12,Desk,Furniture,West,4,25153.01,100612.04,11209.71
ORD011493,2025-10-12,Smartwatch,Electronics,East,2,15543.0,31086.0,5457.71
ORD011504,2025-10-12,Chair,Furniture,East,4,10307.51,41230.04,9853.7
ORD005829,2025-10-12,Shoes,Clothing,West,3,4766.34,14299.02,6430.09
ORD007962,2025-10-12,Spices Pack,Groceries,West,4,552.43,2209.72,204.15
ORD005903,2025-10-12,Dumbbell Set,Sports,West,2,14924.79,29849.58,5162.7
ORD004544,2025-10-12,Tablet,Electronics,West,3,36730.91,110192.73,21772.95
ORD012475,2025-10-12,Badminton Kit,Sports,East,2,3126.71,6253.42,2079.23
ORD007252,2025-10-12,Jacket,Clothing,North,1,533.91,533.91,176.74
ORD011353,2025-10-12,T-Shirt,Clothing,South,3,3913.62,11740.86,3471.11
ORD000472,2025-10-12,Snacks,Groceries,South,1,1337.7,1337.7,177.88
ORD003338,2025-10-12,Spices Pack,Groceries,Central,4,350.25,1401.0,190.36
ORD004084,2025-10-12,Cycle,Sports,West,2,1257.9,2515.8,722.31
ORD004587,2025-10-12,Headphones,Electronics,South,5,10295.71,51478.55,4588.39
ORD000788,2025-10-12,Bookshelf,Furniture,Central,2,8068.71,16137.42,1845.43
ORD012366,2025-10-12,Chair,Furniture,East,4,16876.53,67506.12,7192.0
ORD010863,2025-10-12,Chair,Furniture,West,2,13199.33,26398.66,4642.89
ORD001285,2025-10-12,Dress,Clothing,South,5,4076.37,20381.85,8811.22
ORD000604,2025-10-12,Laptop,Electronics,West,2,57197.27,114394.54,15272.62
ORD007143,2025-10-12,Wardrobe,Furniture,East,2,14584.86,29169.72,5933.15
ORD003620,2025-10-12,Badminton Kit,Sports,Central,1,10097.57,10097.57,2391.2
ORD006379,2025-10-12,Dumbbell Set,Sports,North,2,5913.07,11826.14,3842.49
ORD004956,2025-10-12,Laptop,Electronics,South,2,31626.6,63253.2,11953.76
ORD000898,2025-10-12,Shoes,Clothing,Central,3,495.86,1487.58,329.05
ORD007573,2025-10-13,Tablet,Electronics,Central,4,58322.79,233291.16,46643.09
ORD002975,2025-10-13,Snacks,Groceries,North,3,1392.48,4177.44,553.69
ORD002603,2025-10-13,Snacks,Groceries,East,1,1955.57,1955.57,171.54
ORD002387,2025-10-13,Smartwatch,Electronics,North,1,24902.32,24902.32,4439.19
ORD005386,2025-10-13,Snacks,Groceries,West,2,997.68,1995.36,239.11
ORD005901,2025-10-13,Running Shoes,Sports,East,1,3068.46,3068.46,683.42
ORD012141,2025-10-13,Wardrobe,Furniture,Central,2,3947.71,37163.45,6973.75
ORD003057,2025-10-13,Jeans,Clothing,Central,6,4639.44,27836.64,9358.85
ORD010138,2025-10-13,Snacks,Groceries,North,1,1595.07,1595.07,123.41
ORD007026,2025-10-13,Rice,Groceries,Central,2,1341.52,2683.04,237.29
ORD000083,2025-10-13,Cycle,Sports,North,1,1809.2,1809.2,573.63
ORD003737,2025-10-13,Rice,Groceries,Central,2,1754.51,3509.02,355.38
ORD011397,2025-10-13,Dairy Bundle,Groceries,East,4,886.72,3546.88,292.54
ORD001856,2025-10-13,T-Shirt,Clothing,East,4,348.34,1393.36,528.1
ORD003627,2025-10-13,Spices Pack,Groceries,North,1,604.04,604.04,84.8
ORD003017,2025-10-13,Desk,Furniture,East,4,24089.59,96358.36,13013.54
ORD003016,2025-10-13,Wardrobe,Furniture,Central,5,19447.86,97239.3,14917.49
ORD010052,2025-10-13,Sofa,Furniture,Central,5,10634.9,53174.5,7615.75
ORD007071,2025-10-13,Jeans,Clothing,West,1,1942.3,6321.8,2378.88
ORD006928,2025-10-13,Tablet,Electronics,North,1,28572.66,28572.66,5266.94
ORD003233,2025-10-13,Yoga Mat,Sports,Central,6,12266.26,73597.56,11854.5
ORD006537,2025-10-13,Cycle,Sports,South,1,3125.41,3125.41,809.0
ORD008301,2025-10-13,Chair,Furniture,North,3,13283.99,39851.97,8304.48
ORD008609,2025-10-13,Desk,Furniture,North,1,5709.97,5709.97,1309.34
ORD011785,2025-10-13,Jacket,Clothing,South,1,3495.46,3495.46,957.69
ORD002036,2025-10-13,Running Shoes,Sports,South,3,5202.78,15608.34,4453.01
ORD009317,2025-10-13,Dumbbell Set,Sports,East,4,11257.07,45028.28,13184.3
ORD002762,2025-10-13,Smartphone,Electronics,West,4,54541.33,218165.32,29453.11
ORD005095,2025-10-13,Running Shoes,Sports,North,2,2973.13,5946.26,1053.96
ORD004794,2025-10-13,Dumbbell Set,Sports,East,5,3119.5,15597.5,3607.91
ORD011908,2025-10-13,Spices Pack,Groceries,North,3,459.43,1378.29,199.37
ORD004997,2025-10-13,Jacket,Clothing,South,1,2514.22,11292.32,4569.83
ORD005227,2025-10-13,Spices Pack,Groceries,West,2,1686.44,3372.88,473.18
ORD005222,2025-10-13,Badminton Kit,Sports,Central,1,12868.27,12868.27,4434.04
ORD009562,2025-10-13,Cycle,Sports,North,6,4078.77,24472.62,8466.16
ORD003197,2025-10-14,Dairy Bundle,Groceries,West,1,1525.31,1525.31,182.03
ORD006942,2025-10-14,Snacks,Groceries,East,6,1343.71,8062.26,486.56
ORD008262,2025-10-14,Running Shoes,Sports,East,8,12619.84,100958.72,26152.16
ORD005625,2025-10-14,Shoes,Clothing,East,1,1997.17,1997.17,824.94
ORD006074,2025-10-14,Bookshelf,Furniture,West,2,2791.41,5582.82,570.77
ORD009764,2025-10-14,Tablet,Electronics,East,5,51708.18,258540.9,29726.01
ORD005384,2025-10-14,Snacks,Groceries,South,1,1216.37,1216.37,103.82
ORD003273,2025-10-14,Wardrobe,Furniture,South,3,15855.13,47565.39,5370.96
ORD007483,2025-10-14,Dumbbell Set,Sports,East,4,6080.42,24321.68,7423.54
ORD010164,2025-10-14,Badminton Kit,Sports,East,1,2274.96,2274.96,686.64
ORD011389,2025-10-14,Running Shoes,Sports,East,4,7742.78,30971.12,7414.1
ORD000828,2025-10-14,Jacket,Clothing,East,3,711.92,2135.76,927.43
ORD005648,2025-10-14,Tablet,Electronics,North,2,11048.12,22096.24,1797.39
ORD009416,2025-10-14,Dress,Clothing,North,6,4483.03,26898.18,8979.94
ORD009042,2025-10-14,Spices Pack,Groceries,North,3,1395.28,4185.84,590.95
ORD011412,2025-10-14,Smartphone,Electronics,West,4,50757.87,203031.48,34480.89
ORD008973,2025-10-14,Jacket,Clothing,East,3,2152.94,6458.82,1786.95
ORD005315,2025-10-14,Cooking Oil,Groceries,South,4,495.82,1983.28,203.22
ORD009146,2025-10-14,Cooking Oil,Groceries,South,1,1851.42,1851.42,176.01
ORD000910,2025-10-14,Desk,Furniture,West,1,19490.58,19490.58,3065.69
ORD004606,2025-10-14,Sofa,Furniture,East,3,27449.7,82349.1,19870.73
ORD010356,2025-10-14,Shoes,Clothing,East,2,2892.74,5785.48,1526.5
ORD001943,2025-10-14,Jacket,Clothing,Central,5,4465.05,22325.25,9679.69
ORD009140,2025-10-14,Smartphone,Electronics,West,4,11089.68,44358.72,7378.51
ORD001280,2025-10-14,Spices Pack,Groceries,South,1,246.04,246.04,24.62
ORD007443,2025-10-14,Bookshelf,Furniture,West,1,13755.49,13755.49,3211.32
ORD006595,2025-10-14,Rice,Groceries,North,3,1914.33,5742.99,837.85
ORD001431,2025-10-14,Laptop,Electronics,North,1,70407.47,70407.47,8019.23
ORD005135,2025-10-14,Smartwatch,Electronics,East,2,30330.6,60661.2,8138.33
ORD003633,2025-10-14,Jacket,Clothing,West,5,4087.69,20438.45,4492.62
ORD008910,2025-10-15,Smartphone,Electronics,East,1,69109.06,69109.06,7435.05
ORD004683,2025-10-15,T-Shirt,Clothing,South,6,1638.81,9832.86,3208.37
ORD010468,2025-10-15,Badminton Kit,Sports,North,2,775.97,1551.94,265.41
ORD004854,2025-10-15,Bookshelf,Furniture,South,2,2073.7,4147.4,695.25
ORD011405,2025-10-15,Laptop,Electronics,East,6,29973.96,179843.76,31577.88
ORD002908,2025-10-15,Dairy Bundle,Groceries,West,3,233.13,699.39,38.93
ORD000350,2025-10-15,Wardrobe,Furniture,East,3,6322.16,18966.48,3265.48
ORD005164,2025-10-15,Jeans,Clothing,East,4,2246.12,8984.48,2319.64
ORD010809,2025-10-15,Desk,Furniture,East,2,11946.07,23892.14,2555.72
ORD001618,2025-10-15,Desk,Furniture,North,1,12948.92,12948.92,1749.79
ORD002456,2025-10-15,Cycle,Sports,South,3,13324.94,39974.82,10425.38
ORD011536,2025-10-15,Yoga Mat,Sports,Central,6,10271.84,61631.04,14066.71
ORD009511,2025-10-15,Running Shoes,Sports,East,3,2012.03,6036.09,1987.61
ORD007245,2025-10-15,Dairy Bundle,Groceries,Central,1,498.5,498.5,41.29
ORD002117,2025-10-15,Tablet,Electronics,East,2,33820.75,67641.5,12808.64
ORD005217,2025-10-15,Tablet,Electronics,Central,3,54207.83,162623.49,22219.65
ORD008031,2025-10-15,Smartphone,Electronics,North,1,34108.42,34108.42,3251.69
ORD001381,2025-10-15,Smartwatch,Electronics,East,3,18605.82,55817.46,4517.92
ORD000720,2025-10-15,Badminton Kit,Sports,West,4,3426.88,13707.52,3902.35
ORD010149,2025-10-15,Smartwatch,Electronics,West,1,59028.73,59028.73,8542.79
ORD005332,2025-10-15,Cycle,Sports,South,1,13289.7,13289.7,3174.63
ORD000394,2025-10-15,Sofa,Furniture,North,2,18334.97,36669.94,5871.87
ORD008815,2025-10-15,Smartwatch,Electronics,Central,3,53654.34,160963.02,29758.83
ORD004676,2025-10-15,Sofa,Furniture,Central,1,5146.72,5146.72,783.13
ORD008161,2025-10-15,Smartwatch,Electronics,Central,2,71637.72,143275.44,27119.37
ORD011198,2025-10-15,Desk,Furniture,West,2,15846.55,31693.1,5126.33
ORD009737,2025-10-15,Shoes,Clothing,West,2,950.98,1901.96,542.48
ORD009969,2025-10-15,Rice,Groceries,Central,1,1460.15,1460.15,191.59
ORD009503,2025-10-15,Laptop,Electronics,Central,3,62723.4,188170.2,25097.46
ORD012120,2025-10-15,Tablet,Electronics,South,2,76515.49,153030.98,24098.95
ORD008030,2025-10-15,T-Shirt,Clothing,South,5,2342.16,45491.33,9376.5
ORD004655,2025-10-15,Wardrobe,Furniture,West,4,6612.55,26450.2,4039.04
ORD010604,2025-10-15,Smartphone,Electronics,South,1,58370.94,58370.94,9725.32
ORD002402,2025-10-15,Rice,Groceries,East,2,1827.92,3655.84,252.3
ORD002933,2025-10-15,Smartphone,Electronics,North,2,59700.91,119401.82,15895.16
ORD010481,2025-10-16,Shoes,Clothing,Central,4,4317.21,17268.84,4100.72
ORD010349,2025-10-16,Snacks,Groceries,South,1,633.64,633.64,73.71
ORD011841,2025-10-16,Shoes,Clothing,South,6,4896.13,29376.78,13170.4
ORD009749,2025-10-16,Wardrobe,Furniture,South,3,26941.22,80823.66,19170.06
ORD006353,2025-10-16,Rice,Groceries,West,1,367.68,367.68,50.63
ORD006440,2025-10-16,Chair,Furniture,East,4,17302.38,352693.77,46128.33
ORD007178,2025-10-16,Yoga Mat,Sports,Central,4,1867.53,7470.12,1760.15
ORD010336,2025-10-16,Cycle,Sports,West,3,1626.82,4880.46,1123.55
ORD000607,2025-10-16,Yoga Mat,Sports,North,4,2872.55,11490.2,3550.03
ORD005658,2025-10-16,Cooking Oil,Groceries,West,4,1895.19,7580.76,970.04
ORD005602,2025-10-16,Sofa,Furniture,South,3,18980.82,56942.46,12145.87
ORD011241,2025-10-16,Sofa,Furniture,South,7,21049.86,147349.02,23445.3
ORD000596,2025-10-16,Jeans,Clothing,East,1,616.55,616.55,213.04
ORD012118,2025-10-16,Running Shoes,Sports,South,1,6175.16,6175.16,2114.11
ORD010273,2025-10-16,Badminton Kit,Sports,Central,8,9054.43,72435.44,22112.62
ORD006912,2025-10-16,T-Shirt,Clothing,South,5,4876.62,24383.1,7297.57
ORD007487,2025-10-16,Bookshelf,Furniture,North,1,7837.85,7837.85,975.24
ORD006175,2025-10-16,Dairy Bundle,Groceries,West,1,222.05,222.05,15.41
ORD010849,2025-10-16,Tablet,Electronics,South,2,45245.35,90490.7,16969.43
ORD008853,2025-10-16,Snacks,Groceries,North,3,892.95,2678.85,394.42
ORD010151,2025-10-16,Spices Pack,Groceries,South,1,1703.02,1703.02,135.1
ORD008386,2025-10-16,Laptop,Electronics,West,2,69630.26,139260.52,26090.04
ORD008006,2025-10-16,Chair,Furniture,East,1,3250.48,3250.48,488.45
ORD000771,2025-10-16,Cycle,Sports,Central,3,10781.17,32343.51,5542.88
ORD008318,2025-10-16,Chair,Furniture,East,2,13077.29,26154.58,4635.02
ORD004586,2025-10-16,Chair,Furniture,Central,6,9585.46,57512.76,13130.81
ORD004268,2025-10-16,Spices Pack,Groceries,East,2,1128.54,2257.08,185.96
ORD005453,2025-10-16,Chair,Furniture,Central,1,19045.23,19045.23,3080.9
ORD007969,2025-10-16,Cycle,Sports,East,1,5878.39,5878.39,1084.73
ORD000445,2025-10-16,Spices Pack,Groceries,North,1,288.94,288.94,21.47
ORD007981,2025-10-16,Snacks,Groceries,South,2,1155.46,2310.92,298.42
ORD007701,2025-10-16,Cycle,Sports,South,2,9531.02,19062.04,3442.18
ORD009622,2025-10-17,Wardrobe,Furniture,West,2,17038.08,34076.16,6623.82
ORD002002,2025-10-17,Laptop,Electronics,South,2,62731.59,125463.18,12354.11
ORD010166,2025-10-17,Dumbbell Set,Sports,North,3,3667.82,11003.46,3083.54
ORD008716,2025-10-17,Cooking Oil,Groceries,South,2,1854.73,3709.46,554.89
ORD001149,2025-10-17,Shoes,Clothing,South,3,1329.62,3988.86,834.39
ORD003107,2025-10-17,Chair,Furniture,North,2,13227.17,26454.34,4037.1
ORD011849,2025-10-17,Laptop,Electronics,North,5,63937.83,319689.15,53866.72
ORD010485,2025-10-17,Rice,Groceries,North,2,1290.93,2581.86,259.31
ORD002267,2025-10-17,Running Shoes,Sports,North,2,4079.43,8158.86,1723.83
ORD012473,2025-10-17,Yoga Mat,Sports,Central,4,5679.91,22719.64,7763.34
ORD004055,2025-10-17,Badminton Kit,Sports,East,1,11263.5,11263.5,3425.03
ORD000494,2025-10-17,Badminton Kit,Sports,South,5,10481.83,52409.15,12419.16
ORD009738,2025-10-17,Chair,Furniture,West,6,10940.41,65642.46,7299.57
ORD004310,2025-10-17,Chair,Furniture,South,4,2419.96,9679.84,1201.9
ORD010845,2025-10-17,Jeans,Clothing,North,2,3362.49,6724.98,1844.28
ORD009623,2025-10-17,T-Shirt,Clothing,North,5,4974.87,24874.35,11169.0
ORD002811,2025-10-17,Sofa,Furniture,Central,3,4852.61,14557.83,3445.37
ORD007039,2025-10-17,Smartphone,Electronics,East,2,50692.71,101385.42,9579.77
ORD012039,2025-10-17,Jacket,Clothing,East,4,1124.23,4496.92,1190.37
ORD012196,2025-10-17,Rice,Groceries,West,1,1665.94,1665.94,200.85
ORD006209,2025-10-17,Snacks,Groceries,South,1,313.2,313.2,33.61
ORD003997,2025-10-17,Snacks,Groceries,Central,1,620.62,620.62,50.57
ORD004391,2025-10-17,Dumbbell Set,Sports,East,2,2574.68,5149.36,1655.92
ORD009258,2025-10-17,Sofa,Furniture,North,1,25013.69,25013.69,3909.51
ORD002342,2025-10-17,Snacks,Groceries,Central,2,1889.91,3779.82,301.73
ORD009925,2025-10-17,Cooking Oil,Groceries,South,1,118.77,118.77,9.57
ORD008479,2025-10-17,T-Shirt,Clothing,South,3,1064.92,3194.76,800.35
ORD009389,2025-10-17,Spices Pack,Groceries,Central,2,492.91,985.82,126.13
ORD011825,2025-10-17,Badminton Kit,Sports,North,1,7359.96,7359.96,1525.31
ORD007004,2025-10-17,Chair,Furniture,West,1,12874.27,12874.27,2439.18
ORD011376,2025-10-17,Wardrobe,Furniture,Central,2,23593.63,47187.26,11205.55
ORD000540,2025-10-18,Rice,Groceries,Central,1,514.68,514.68,74.63
ORD012258,2025-10-18,Dress,Clothing,South,1,2594.28,2594.28,659.05
ORD001836,2025-10-18,Jeans,Clothing,West,4,1416.15,5664.6,1203.18
ORD001270,2025-10-18,Tablet,Electronics,South,1,62246.81,62246.81,10723.3
ORD009418,2025-10-18,Running Shoes,Sports,Central,2,8351.36,16702.72,5532.4
ORD012050,2025-10-18,Wardrobe,Furniture,Central,2,9385.95,18771.9,2553.86
ORD010684,2025-10-18,Yoga Mat,Sports,East,3,8445.22,25335.66,7719.86
ORD004986,2025-10-18,Snacks,Groceries,North,3,226.59,679.77,100.34
ORD012340,2025-10-18,Jeans,Clothing,Central,4,3935.66,15742.64,6052.37
ORD011434,2025-10-18,Running Shoes,Sports,West,3,11572.91,34718.73,9203.71
ORD007739,2025-10-18,Snacks,Groceries,Central,1,1498.3,1498.3,156.8
ORD003808,2025-10-18,Desk,Furniture,South,4,8867.82,35471.28,5932.97
ORD006066,2025-10-18,Jacket,Clothing,Central,1,3182.94,3182.94,853.45
ORD005255,2025-10-18,T-Shirt,Clothing,West,3,3651.25,10953.75,2939.72
ORD011687,2025-10-18,Jacket,Clothing,North,7,1161.9,8133.3,3071.76
ORD002347,2025-10-18,Rice,Groceries,South,1,753.77,753.77,76.93
ORD005309,2025-10-18,Jeans,Clothing,South,8,4666.66,37333.28,15626.75
ORD007906,2025-10-18,Rice,Groceries,Central,1,315.57,315.57,17.46
ORD008953,2025-10-18,Yoga Mat,Sports,Central,2,7382.4,14764.8,4964.39
ORD002706,2025-10-18,Dairy Bundle,Groceries,West,2,1406.76,2813.52,217.62
ORD003285,2025-10-18,Jeans,Clothing,South,2,2116.37,4232.74,1291.25
ORD000525,2025-10-18,T-Shirt,Clothing,West,1,4389.46,4389.46,901.23
ORD002139,2025-10-18,Badminton Kit,Sports,South,4,6321.2,25284.8,5502.4
ORD011570,2025-10-18,Bookshelf,Furniture,North,3,13065.35,39196.05,9206.5
ORD000874,2025-10-18,Cycle,Sports,South,1,778.29,778.29,157.19
ORD002072,2025-10-18,Cycle,Sports,Central,4,1869.07,7476.28,2364.77
ORD007806,2025-10-18,Dairy Bundle,Groceries,North,6,1170.8,7024.8,868.05
ORD012488,2025-10-18,Running Shoes,Sports,East,3,13366.8,40100.4,7021.3
ORD007553,2025-10-18,Headphones,Electronics,East,1,70365.6,70365.6,13083.55
ORD002447,2025-10-18,Smartphone,Electronics,West,3,51906.52,155719.56,16957.31
ORD001485,2025-10-18,Desk,Furniture,East,3,28518.54,85555.62,14924.22
ORD001139,2025-10-18,Dairy Bundle,Groceries,East,1,1512.83,1512.83,152.23
ORD001223,2025-10-18,Headphones,Electronics,West,2,39711.78,79423.56,9235.37
ORD004681,2025-10-18,Wardrobe,Furniture,South,1,16562.32,16562.32,3718.86
ORD003404,2025-10-18,Chair,Furniture,West,2,22705.29,45410.58,7444.96
ORD009760,2025-10-18,Jeans,Clothing,West,1,1335.16,1335.16,489.18
ORD011696,2025-10-18,Jacket,Clothing,West,1,3917.42,3917.42,1042.31
ORD005482,2025-10-18,Dairy Bundle,Groceries,North,2,1022.21,2044.42,174.57
ORD011606,2025-10-18,Badminton Kit,Sports,North,2,2614.91,5229.82,1054.13
ORD011072,2025-10-18,Chair,Furniture,South,2,6456.49,12912.98,2899.24
ORD011386,2025-10-18,Shoes,Clothing,North,8,2420.85,19366.8,5812.0
ORD001766,2025-10-19,Cooking Oil,Groceries,North,2,628.9,1257.8,163.3
ORD000112,2025-10-19,Cooking Oil,Groceries,West,3,277.98,833.94,72.36
ORD011012,2025-10-19,Sofa,Furniture,East,4,15607.68,62430.72,13758.19
ORD006196,2025-10-19,Desk,Furniture,South,1,21116.83,21116.83,5091.43
ORD009700,2025-10-19,Dumbbell Set,Sports,East,2,5579.6,11159.2,2503.79
ORD004520,2025-10-19,Spices Pack,Groceries,South,4,1497.86,5991.44,426.42
ORD008655,2025-10-19,T-Shirt,Clothing,West,4,305.39,1221.56,330.56
ORD007449,2025-10-19,Smartwatch,Electronics,North,3,46691.64,140074.92,13897.59
ORD002377,2025-10-19,Jacket,Clothing,South,4,3475.26,13901.04,4548.75
ORD000513,2025-10-19,Jeans,Clothing,West,2,4738.05,9476.1,3018.65
ORD007715,2025-10-19,Spices Pack,Groceries,West,5,1742.51,8712.55,684.33
ORD001417,2025-10-19,Smartphone,Electronics,East,5,16532.19,82660.95,9478.42
ORD004524,2025-10-19,Dairy Bundle,Groceries,East,1,854.73,854.73,91.57
ORD001190,2025-10-19,Dumbbell Set,Sports,Central,1,6973.08,6973.08,2159.4
ORD003567,2025-10-19,Headphones,Electronics,South,6,56333.92,338003.52,33618.51
ORD000642,2025-10-19,Bookshelf,Furniture,West,5,17670.16,88350.8,8964.57
ORD009626,2025-10-19,T-Shirt,Clothing,West,1,4064.17,4064.17,1226.56
ORD004195,2025-10-19,Spices Pack,Groceries,West,3,1230.59,3691.77,217.89
ORD008219,2025-10-19,Snacks,Groceries,Central,3,1421.61,4264.83,513.53
ORD008302,2025-10-19,Rice,Groceries,North,5,1399.56,6997.8,1024.05
ORD007854,2025-10-19,Chair,Furniture,South,2,13720.95,27441.9,2926.52
ORD009767,2025-10-19,Sofa,Furniture,West,6,11633.14,69798.84,16136.58
ORD007878,2025-10-19,Rice,Groceries,West,3,1828.01,5484.03,733.16
ORD004825,2025-10-19,Cycle,Sports,North,1,9052.6,9052.6,1721.11
ORD002490,2025-10-19,Shoes,Clothing,North,1,304.43,304.43,63.87
ORD012290,2025-10-19,Yoga Mat,Sports,North,2,1855.44,3710.88,587.71
ORD006499,2025-10-19,Jeans,Clothing,South,1,3556.67,3556.67,1482.79
ORD009549,2025-10-19,Wardrobe,Furniture,North,8,20517.75,164142.0,31385.68
ORD004099,2025-10-19,Cycle,Sports,South,6,10320.91,61925.46,12875.33
ORD008988,2025-10-19,Spices Pack,Groceries,East,1,1124.27,1124.27,78.54
ORD001738,2025-10-19,Chair,Furniture,North,4,25468.34,101873.36,22455.09
ORD007211,2025-10-19,Jeans,Clothing,West,5,4770.13,23850.65,7980.07
ORD002542,2025-10-19,Smartphone,Electronics,South,4,68298.02,273192.08,29717.4
ORD011733,2025-10-19,Rice,Groceries,West,2,481.23,962.46,54.4
ORD004837,2025-10-19,Rice,Groceries,South,2,837.11,1674.22,110.48
ORD003769,2025-10-20,Smartwatch,Electronics,North,1,64810.92,64810.92,7914.52
ORD007565,2025-10-20,Chair,Furniture,North,6,26024.38,156146.28,23633.87
ORD005935,2025-10-20,Tablet,Electronics,Central,6,53269.66,319617.96,49720.0
ORD004261,2025-10-20,Running Shoes,Sports,North,2,7058.69,14117.38,3315.86
ORD007713,2025-10-20,Bookshelf,Furniture,Central,2,28181.24,56362.48,10414.64
ORD012018,2025-10-20,Desk,Furniture,East,6,3392.11,20352.66,4034.62
ORD008061,2025-10-20,T-Shirt,Clothing,North,2,4201.55,8403.1,3108.21
ORD006870,2025-10-20,Snacks,Groceries,North,8,410.92,3287.36,450.75
ORD009351,2025-10-20,Bookshelf,Furniture,North,1,12073.38,12073.38,2741.26
ORD008904,2025-10-20,Cooking Oil,Groceries,Central,1,495.77,495.77,59.84
ORD005503,2025-10-20,Laptop,Electronics,North,6,11769.11,70614.66,13687.86
ORD007188,2025-10-20,Badminton Kit,Sports,North,2,13901.45,27802.9,8758.13
ORD009608,2025-10-20,Smartphone,Electronics,East,1,44526.93,44526.93,4254.39
ORD002974,2025-10-20,Dumbbell Set,Sports,North,1,5408.35,5408.35,818.92
ORD010015,2025-10-20,Bookshelf,Furniture,West,7,8127.37,56891.59,6606.29
ORD002404,2025-10-20,Tablet,Electronics,Central,2,13605.67,27211.34,5296.79
ORD008123,2025-10-20,Sofa,Furniture,West,4,17191.97,68767.88,11417.73
ORD009826,2025-10-20,Cycle,Sports,South,6,4808.67,28852.02,7111.22
ORD002198,2025-10-20,Yoga Mat,Sports,Central,4,14216.58,56866.32,18108.12
ORD002868,2025-10-20,Jeans,Clothing,Central,3,3482.48,10447.44,3872.53
ORD005792,2025-10-20,Chair,Furniture,Central,3,27047.09,81141.27,16817.81
ORD003610,2025-10-20,Running Shoes,Sports,Central,1,14096.72,14096.72,4686.47
ORD011837,2025-10-20,Jacket,Clothing,Central,7,3565.01,24955.07,11154.62
ORD005970,2025-10-20,Sofa,Furniture,South,3,4616.09,13848.27,2390.92
ORD006055,2025-10-20,Desk,Furniture,South,2,13943.48,27886.96,3566.55
ORD001246,2025-10-20,Desk,Furniture,North,4,10001.94,40007.76,5220.35
ORD009841,2025-10-20,Rice,Groceries,Central,2,1705.15,3410.3,259.37
ORD011317,2025-10-20,Badminton Kit,Sports,East,4,14789.7,59158.8,19954.32
ORD002030,2025-10-20,Jeans,Clothing,East,2,4482.59,8965.18,4016.32
ORD005685,2025-10-20,Cooking Oil,Groceries,West,2,764.02,1528.04,217.25
ORD000972,2025-10-20,Yoga Mat,Sports,North,3,11881.01,35643.03,10391.23
ORD005714,2025-10-20,Sofa,Furniture,West,7,4805.92,33641.44,6763.84
ORD005027,2025-10-20,Running Shoes,Sports,East,2,13604.63,27209.26,6311.72
ORD004028,2025-10-20,T-Shirt,Clothing,East,1,4066.45,4066.45,1217.53
ORD008278,2025-10-20,Yoga Mat,Sports,West,4,14228.45,56913.8,12362.93
ORD010226,2025-10-20,Headphones,Electronics,South,2,69888.87,139777.74,27431.44
ORD005716,2025-10-20,Wardrobe,Furniture,South,3,7398.45,22195.35,4308.26
ORD008809,2025-10-20,Badminton Kit,Sports,East,2,6636.97,13273.94,3488.11
ORD003076,2025-10-20,Chair,Furniture,East,1,18233.6,18233.6,3300.88
ORD007964,2025-10-21,Tablet,Electronics,South,3,19129.19,57387.57,10523.56
ORD005304,2025-10-21,Headphones,Electronics,North,3,54709.78,164129.34,30288.83
ORD002663,2025-10-21,Smartwatch,Electronics,North,3,11957.57,35872.71,5360.28
ORD000125,2025-10-21,Rice,Groceries,North,1,1930.88,1930.88,261.25
ORD000294,2025-10-21,Dress,Clothing,North,1,656.56,656.56,152.47
ORD005003,2025-10-21,T-Shirt,Clothing,South,3,2540.13,7620.39,3173.32
ORD005302,2025-10-21,Sofa,Furniture,East,5,20516.51,102582.55,24280.1
ORD005335,2025-10-21,Running Shoes,Sports,West,3,10716.5,32149.5,5460.24
ORD010130,2025-10-21,Snacks,Groceries,South,5,1189.85,5949.25,599.58
ORD002915,2025-10-21,Tablet,Electronics,East,1,34030.89,203711.99,29370.37
ORD006930,2025-10-21,Jacket,Clothing,West,3,2764.14,8292.42,2504.86
ORD009974,2025-10-21,Dumbbell Set,Sports,East,4,4553.15,18212.6,3325.86
ORD003560,2025-10-21,Laptop,Electronics,East,2,57865.24,115730.48,17200.76
ORD004143,2025-10-21,Rice,Groceries,Central,2,1216.81,2433.62,327.88
ORD008756,2025-10-21,Desk,Furniture,North,2,5920.72,11841.44,1896.07
ORD003693,2025-10-21,Wardrobe,Furniture,South,8,21248.23,169985.84,25296.06
ORD009946,2025-10-21,Jacket,Clothing,Central,4,1028.94,4115.76,838.81
ORD000347,2025-10-21,Jacket,Clothing,North,3,2685.77,8057.31,2099.75
ORD012255,2025-10-21,Laptop,Electronics,North,1,70361.08,70361.08,10557.78
ORD011790,2025-10-21,Spices Pack,Groceries,South,1,1322.27,1322.27,134.61
ORD004230,2025-10-21,Smartwatch,Electronics,North,5,76890.66,384453.3,45979.46
ORD010707,2025-10-21,Yoga Mat,Sports,Central,1,11125.55,11125.55,3307.44
ORD002917,2025-10-21,Cycle,Sports,Central,4,12332.82,49331.28,11662.58
ORD009910,2025-10-21,Dress,Clothing,Central,5,1986.49,9932.45,3986.85
ORD003064,2025-10-21,Sofa,Furniture,North,5,16272.33,81361.65,11798.26
ORD000716,2025-10-21,Running Shoes,Sports,West,3,7093.73,21281.19,5386.68
ORD007159,2025-10-21,Dairy Bundle,Groceries,East,2,340.4,680.8,37.37
ORD007212,2025-10-21,Chair,Furniture,East,1,20814.77,20814.77,2392.02
ORD005786,2025-10-21,Jeans,Clothing,Central,1,1597.55,1597.55,496.7
ORD012007,2025-10-21,Shoes,Clothing,East,1,380.05,380.05,131.32
ORD003166,2025-10-21,Shoes,Clothing,Central,4,476.56,1906.24,723.03
ORD011201,2025-10-22,Bookshelf,Furniture,East,3,6251.62,18754.86,2007.03
ORD007404,2025-10-22,Jeans,Clothing,North,2,1664.4,3328.8,1354.87
ORD008630,2025-10-22,Dumbbell Set,Sports,North,3,12243.28,36729.84,11027.43
ORD009429,2025-10-22,Dress,Clothing,Central,1,1054.89,1054.89,468.4
ORD009590,2025-10-22,Bookshelf,Furniture,West,5,22016.37,110081.85,19979.2
ORD001497,2025-10-22,Dairy Bundle,Groceries,West,1,1150.14,1150.14,103.12
ORD006396,2025-10-22,Smartwatch,Electronics,East,4,29076.16,116304.64,11737.79
ORD001603,2025-10-22,Chair,Furniture,East,1,20954.34,20954.34,4729.11
ORD002822,2025-10-22,Badminton Kit,Sports,South,1,5237.71,5237.71,1151.89
ORD010794,2025-10-22,Headphones,Electronics,Central,3,53397.22,160191.66,25281.13
ORD001494,2025-10-22,Cooking Oil,Groceries,Central,6,198.17,1189.02,119.47
ORD001123,2025-10-22,Shoes,Clothing,Central,4,4321.77,17287.08,5710.98
ORD006789,2025-10-22,Dairy Bundle,Groceries,East,1,697.91,697.91,68.53
ORD006954,2025-10-22,Dress,Clothing,East,2,4632.67,9265.34,1937.04
ORD010402,2025-10-22,Cycle,Sports,East,1,545.93,545.93,112.69
ORD000830,2025-10-22,Dumbbell Set,Sports,Central,3,6256.23,18768.69,4493.98
ORD006897,2025-10-22,Cooking Oil,Groceries,South,2,1294.84,2589.68,326.86
ORD007424,2025-10-22,Rice,Groceries,East,1,792.55,792.55,117.99
ORD003668,2025-10-22,Wardrobe,Furniture,Central,1,11864.65,11864.65,1603.02
ORD011475,2025-10-22,Snacks,Groceries,Central,2,738.65,1477.3,199.05
ORD011843,2025-10-22,Laptop,Electronics,North,1,24059.53,24059.53,2723.03
ORD012078,2025-10-22,Smartwatch,Electronics,North,3,62814.31,188442.93,22586.5
ORD001948,2025-10-22,T-Shirt,Clothing,Central,1,3738.03,3738.03,1518.08
ORD011461,2025-10-22,T-Shirt,Clothing,East,1,4198.46,4198.46,1783.18
ORD004538,2025-10-22,Chair,Furniture,South,1,12359.97,12359.97,2609.4
ORD010022,2025-10-22,Badminton Kit,Sports,East,1,10785.98,10785.98,2241.91
ORD000804,2025-10-22,Running Shoes,Sports,Central,1,1480.38,1480.38,459.02
ORD009110,2025-10-22,Shoes,Clothing,West,3,766.68,2300.04,863.52
ORD000974,2025-10-22,Jacket,Clothing,Central,8,2368.94,18951.52,4488.92
ORD002483,2025-10-22,Jeans,Clothing,Central,7,2568.23,17977.61,4566.45
ORD004225,2025-10-22,Smartphone,Electronics,East,3,16458.26,49374.78,8605.04
ORD009984,2025-10-22,Tablet,Electronics,North,1,61151.76,61151.76,6896.95
ORD012104,2025-10-22,Snacks,Groceries,North,1,302.8,302.8,32.11
ORD007535,2025-10-22,Chair,Furniture,West,1,5939.82,5939.82,1436.1
ORD005592,2025-10-22,Smartphone,Electronics,South,2,65281.78,130563.56,19592.37
ORD005614,2025-10-22,Bookshelf,Furniture,North,1,21673.56,21673.56,5232.34
ORD004469,2025-10-22,Sofa,Furniture,Central,1,4464.17,4464.17,1044.75
ORD009715,2025-10-22,Yoga Mat,Sports,Central,5,5850.93,29254.65,8307.14
ORD006995,2025-10-22,Headphones,Electronics,South,1,16589.57,16589.57,1531.83
ORD002448,2025-10-22,Dumbbell Set,Sports,West,4,6108.71,24434.84,4059.02
ORD000174,2025-10-22,Snacks,Groceries,East,1,1306.68,1306.68,71.25
ORD000907,2025-10-22,Dairy Bundle,Groceries,Central,2,603.59,1207.18,62.89
ORD001764,2025-10-23,Chair,Furniture,East,2,29246.15,58492.3,12511.14
ORD005356,2025-10-23,Smartphone,Electronics,East,1,47961.33,47961.33,5489.92
ORD010199,2025-10-23,Cycle,Sports,West,4,2204.72,8818.88,2058.05
ORD006139,2025-10-23,Spices Pack,Groceries,North,1,1507.54,1507.54,166.05
ORD011391,2025-10-23,Cycle,Sports,South,1,5263.76,5263.76,897.52
ORD010025,2025-10-23,Cycle,Sports,East,1,7982.9,7982.9,2650.69
ORD004862,2025-10-23,Sofa,Furniture,Central,2,21994.44,43988.88,9254.83
ORD008950,2025-10-23,Bookshelf,Furniture,East,5,16466.49,82332.45,12989.68
ORD010184,2025-10-23,Running Shoes,Sports,Central,1,14069.28,14069.28,3550.51
ORD001049,2025-10-23,Cooking Oil,Groceries,South,4,1197.43,4789.72,543.43
ORD004498,2025-10-23,Yoga Mat,Sports,North,1,4792.95,4792.95,1212.55
ORD001885,2025-10-23,Rice,Groceries,South,4,412.37,1649.48,101.7
ORD004835,2025-10-23,Bookshelf,Furniture,North,5,21774.51,108872.55,23668.65
ORD006213,2025-10-23,Running Shoes,Sports,West,3,10346.04,31038.12,9821.86
ORD002988,2025-10-23,Bookshelf,Furniture,Central,1,10096.21,10096.21,2451.75
ORD010387,2025-10-23,Shoes,Clothing,East,3,3196.59,9589.77,2195.01
ORD009186,2025-10-23,Spices Pack,Groceries,North,4,1330.74,5322.96,644.17
ORD005420,2025-10-23,Badminton Kit,Sports,West,5,9937.74,49688.7,12176.18
ORD009791,2025-10-23,Cooking Oil,Groceries,South,8,1465.93,11727.44,1161.12
ORD009464,2025-10-23,Jacket,Clothing,West,4,3775.57,15102.28,4886.48
ORD007762,2025-10-23,Tablet,Electronics,Central,2,34203.6,68407.2,12434.47
ORD001725,2025-10-23,Rice,Groceries,North,2,1227.0,2454.0,135.79
ORD000816,2025-10-23,Dress,Clothing,South,1,3853.97,3853.97,1105.68
ORD000488,2025-10-23,Dairy Bundle,Groceries,South,3,159.25,477.75,36.42
ORD006609,2025-10-23,Badminton Kit,Sports,North,1,5045.39,5045.39,1427.92
ORD003049,2025-10-23,Jacket,Clothing,South,5,545.71,2728.55,1127.26
ORD007860,2025-10-23,Cycle,Sports,South,1,5744.52,5744.52,1709.82
ORD004914,2025-10-23,Badminton Kit,Sports,North,2,7397.71,14795.42,3807.23
ORD002776,2025-10-23,Yoga Mat,Sports,Central,5,4270.7,21353.5,4847.49
ORD001730,2025-10-23,Cycle,Sports,Central,4,10608.47,42433.88,11869.94
ORD006833,2025-10-23,Cooking Oil,Groceries,Central,6,995.35,5972.1,821.97
ORD001842,2025-10-23,Cycle,Sports,South,1,11705.19,62621.79,12360.71
ORD011812,2025-10-23,Dress,Clothing,Central,6,2017.63,12105.78,2639.17
ORD007965,2025-10-24,Rice,Groceries,Central,5,725.84,3629.2,315.06
ORD009365,2025-10-24,Jeans,Clothing,North,3,1328.55,3985.65,1298.88
ORD010609,2025-10-24,Running Shoes,Sports,South,1,10397.43,10397.43,3606.2
ORD007787,2025-10-24,Headphones,Electronics,East,1,71240.16,71240.16,7373.69
ORD011249,2025-10-24,Rice,Groceries,East,3,1748.61,5245.83,774.1
ORD011130,2025-10-24,Smartwatch,Electronics,West,1,15712.1,15712.1,2694.94
ORD008166,2025-10-24,Spices Pack,Groceries,North,3,455.18,1365.54,155.25
ORD007243,2025-10-24,Rice,Groceries,Central,2,239.43,478.86,43.35
ORD004949,2025-10-24,Running Shoes,Sports,North,1,10907.53,10907.53,3119.16
ORD010289,2025-10-24,Yoga Mat,Sports,West,1,11852.36,11852.36,3372.69
ORD002022,2025-10-24,Badminton Kit,Sports,Central,2,7281.38,14562.76,3988.42
ORD004046,2025-10-24,Tablet,Electronics,Central,5,70112.61,350563.05,46694.45
ORD009997,2025-10-24,Jeans,Clothing,South,1,720.72,720.72,232.91
ORD008624,2025-10-24,Jacket,Clothing,East,2,345.93,691.86,273.32
ORD010917,2025-10-24,Bookshelf,Furniture,South,3,12156.63,36469.89,9115.59
ORD001445,2025-10-24,Snacks,Groceries,East,3,1640.67,4922.01,657.49
ORD005128,2025-10-24,Chair,Furniture,North,3,28186.1,84558.3,8605.06
ORD003179,2025-10-24,Chair,Furniture,Central,1,17135.47,17135.47,2891.28
ORD006373,2025-10-24,Wardrobe,Furniture,West,1,27051.89,27051.89,3713.69
ORD000046,2025-10-24,Smartwatch,Electronics,South,3,16610.79,49832.37,8251.71
ORD006172,2025-10-24,Desk,Furniture,South,1,11553.66,11553.66,2302.5
ORD003716,2025-10-24,Rice,Groceries,Central,1,643.83,643.83,61.81
ORD010796,2025-10-24,Tablet,Electronics,East,1,51446.95,51446.95,4464.63
ORD005034,2025-10-24,Chair,Furniture,East,4,21073.86,84295.44,17940.03
ORD001324,2025-10-24,Dairy Bundle,Groceries,West,3,1917.92,5753.76,575.61
ORD001137,2025-10-24,Running Shoes,Sports,West,2,7571.17,15142.34,4246.59
ORD008376,2025-10-24,Shoes,Clothing,West,3,4098.16,12294.48,4339.95
ORD002726,2025-10-24,Jacket,Clothing,East,1,1661.72,1661.72,431.53
ORD010563,2025-10-24,Tablet,Electronics,South,2,67939.45,135878.9,24673.21
ORD002369,2025-10-24,Jeans,Clothing,Central,1,2708.25,2708.25,777.83
ORD006778,2025-10-25,Sofa,Furniture,East,2,24482.04,48964.08,7831.6
ORD011927,2025-10-25,Dairy Bundle,Groceries,South,6,990.68,5944.08,890.89
ORD012287,2025-10-25,Smartphone,Electronics,South,1,36636.7,36636.7,4869.77
ORD010033,2025-10-25,Dress,Clothing,North,2,4623.5,9247.0,2836.15
ORD007131,2025-10-25,Wardrobe,Furniture,East,4,14085.23,56340.92,12634.36
ORD005892,2025-10-25,Desk,Furniture,East,6,22015.97,132095.82,27636.52
ORD002000,2025-10-25,Shoes,Clothing,Central,3,2790.72,8372.16,2012.18
ORD007192,2025-10-25,Dairy Bundle,Groceries,South,3,666.47,1999.41,129.79
ORD007508,2025-10-25,Rice,Groceries,Central,8,1747.96,13983.68,1886.05
ORD002196,2025-10-25,Chair,Furniture,West,3,7187.75,21563.25,3907.06
ORD009344,2025-10-25,Chair,Furniture,South,1,22281.99,22281.99,2701.85
ORD000539,2025-10-25,Dress,Clothing,North,1,2106.34,2106.34,779.16
ORD010259,2025-10-25,Shoes,Clothing,East,2,1769.13,3538.26,1513.56
ORD006141,2025-10-25,Sofa,Furniture,North,3,15658.78,46976.34,11672.69
ORD010814,2025-10-25,Desk,Furniture,North,2,25202.53,50405.06,11603.09
ORD008760,2025-10-25,Sofa,Furniture,East,5,28113.28,140566.4,24144.46
ORD010013,2025-10-25,Dumbbell Set,Sports,Central,1,8196.71,8196.71,1861.35
ORD003145,2025-10-25,Tablet,Electronics,North,2,77594.54,155189.08,20836.59
ORD003978,2025-10-25,Jacket,Clothing,North,2,4500.74,9001.48,2992.56
ORD007370,2025-10-25,Headphones,Electronics,East,4,70558.7,875266.05,107546.14
ORD011670,2025-10-25,Headphones,Electronics,South,1,47115.28,47115.28,6662.61
ORD000277,2025-10-25,Jeans,Clothing,North,4,2893.96,11575.84,3938.5
ORD010386,2025-10-25,Chair,Furniture,East,1,6057.45,6057.45,699.53
ORD006237,2025-10-25,Dairy Bundle,Groceries,South,3,655.43,1966.29,163.26
ORD009413,2025-10-25,Badminton Kit,Sports,Central,5,10321.16,51605.8,14119.73
ORD007944,2025-10-25,Tablet,Electronics,East,2,57507.57,538247.66,65618.73
ORD002236,2025-10-25,Shoes,Clothing,North,2,4563.1,9126.2,4087.47
ORD006707,2025-10-25,Chair,Furniture,North,1,3040.91,3040.91,368.32
ORD003782,2025-10-25,Cooking Oil,Groceries,West,3,315.44,946.32,115.51
ORD005429,2025-10-25,Headphones,Electronics,West,5,59028.46,295142.3,28372.54
ORD004081,2025-10-26,Headphones,Electronics,Central,2,77320.51,154641.02,14721.62
ORD005582,2025-10-26,Yoga Mat,Sports,East,2,12604.58,25209.16,7622.27
ORD005011,2025-10-26,Desk,Furniture,North,1,6957.21,6957.21,725.48
ORD005613,2025-10-26,T-Shirt,Clothing,South,1,2243.44,2243.44,686.26
ORD007637,2025-10-26,Snacks,Groceries,Central,1,788.08,788.08,98.69
ORD010870,2025-10-26,Jeans,Clothing,North,5,1380.16,6900.8,1561.19
ORD003757,2025-10-26,Smartphone,Electronics,North,1,9624.94,9624.94,900.35
ORD003127,2025-10-26,Badminton Kit,Sports,East,3,5393.42,16180.26,2485.55
ORD009633,2025-10-26,Smartphone,Electronics,Central,2,73884.01,147768.02,27462.1
ORD004650,2025-10-26,Dress,Clothing,Central,1,4734.11,4734.11,1063.39
ORD002716,2025-10-26,T-Shirt,Clothing,North,1,3154.42,3154.42,700.74
ORD010619,2025-10-26,Smartphone,Electronics,South,1,57663.83,57663.83,4687.3
ORD012052,2025-10-26,Running Shoes,Sports,North,4,1174.83,4699.32,1276.13
ORD007332,2025-10-26,Rice,Groceries,Central,1,727.41,727.41,75.33
ORD002220,2025-10-26,Chair,Furniture,South,2,29790.41,59580.82,8108.98
ORD008694,2025-10-26,Laptop,Electronics,East,1,52818.8,52818.8,7242.41
ORD001828,2025-10-26,Dress,Clothing,North,4,443.18,1772.72,445.15
ORD005441,2025-10-26,Dumbbell Set,Sports,West,1,5930.77,5930.77,985.43
ORD008957,2025-10-26,Dairy Bundle,Groceries,West,2,1258.64,2517.28,357.66
ORD009406,2025-10-26,Tablet,Electronics,West,2,52656.56,105313.12,20553.31
ORD008284,2025-10-26,Dumbbell Set,Sports,East,1,8096.72,8096.72,2199.05
ORD006282,2025-10-26,Badminton Kit,Sports,Central,3,10333.65,31000.95,10243.92
ORD000017,2025-10-26,Shoes,Clothing,West,2,605.74,1211.48,529.68
ORD003678,2025-10-26,Chair,Furniture,West,2,6716.34,13432.68,2875.53
ORD006070,2025-10-26,Smartphone,Electronics,West,4,15386.09,61544.36,11217.59
ORD005830,2025-10-26,Yoga Mat,Sports,North,3,5891.97,17675.91,3707.71
ORD010026,2025-10-26,Rice,Groceries,East,5,182.74,913.7,115.66
ORD010084,2025-10-26,Cycle,Sports,South,7,7086.88,49608.16,15449.3
ORD006746,2025-10-26,Dairy Bundle,Groceries,Central,5,1726.58,8632.9,576.18
ORD003487,2025-10-26,Badminton Kit,Sports,Central,5,1379.9,6899.5,1605.3
ORD001911,2025-10-27,T-Shirt,Clothing,North,3,1948.85,5846.55,1699.24
ORD007415,2025-10-27,Running Shoes,Sports,South,4,9637.69,38550.76,11979.69
ORD008789,2025-10-27,T-Shirt,Clothing,North,3,430.31,1290.93,276.55
ORD006164,2025-10-27,Smartwatch,Electronics,West,3,64426.62,193279.86,18074.15
ORD000714,2025-10-27,Jeans,Clothing,South,4,323.22,5687.37,2490.8
ORD004467,2025-10-27,Sofa,Furniture,Central,4,6797.09,27188.36,5441.49
ORD011534,2025-10-27,Smartwatch,Electronics,West,3,47331.72,141995.16,12412.92
ORD000091,2025-10-27,Sofa,Furniture,West,6,11549.86,390983.78,45753.32
ORD012459,2025-10-27,Smartwatch,Electronics,Central,5,52476.65,262383.25,48676.32
ORD000184,2025-10-27,Spices Pack,Groceries,East,2,1926.26,3852.52,541.41
ORD010195,2025-10-27,Shoes,Clothing,East,1,4624.07,4624.07,978.46
ORD010936,2025-10-27,Cycle,Sports,Central,2,9158.44,18316.88,5286.74
ORD003971,2025-10-27,Jacket,Clothing,North,2,2008.52,4017.04,1447.14
ORD000953,2025-10-27,Yoga Mat,Sports,South,6,11313.14,67878.84,12930.66
ORD011903,2025-10-27,T-Shirt,Clothing,East,1,1863.34,9845.99,3755.5
ORD004402,2025-10-27,Headphones,Electronics,South,5,42616.6,213083.0,42412.45
ORD008780,2025-10-27,Jeans,Clothing,West,1,3546.4,3546.4,1560.58
ORD007598,2025-10-27,Tablet,Electronics,Central,4,25895.55,103582.2,12993.84
ORD012200,2025-10-27,Headphones,Electronics,East,7,18550.63,129854.41,24438.55
ORD006976,2025-10-27,Cycle,Sports,South,2,14966.6,29933.2,9000.24
ORD006611,2025-10-27,Dairy Bundle,Groceries,North,5,911.11,4555.55,675.1
ORD000867,2025-10-27,Smartphone,Electronics,East,1,45946.99,45946.99,6025.03
ORD004695,2025-10-27,Smartwatch,Electronics,North,1,41274.11,41274.11,6021.78
ORD010648,2025-10-27,Jeans,Clothing,East,5,4092.2,20461.0,5502.19
ORD002089,2025-10-27,Jacket,Clothing,West,3,3038.76,9116.28,3674.94
ORD003933,2025-10-27,Badminton Kit,Sports,North,1,5087.44,5087.44,1753.28
ORD006624,2025-10-27,Sofa,Furniture,South,3,11410.19,34230.57,4294.79
ORD004077,2025-10-27,Cycle,Sports,East,1,1995.63,1995.63,675.73
ORD011173,2025-10-27,Headphones,Electronics,West,6,26780.16,856152.46,70849.88
ORD010245,2025-10-27,Tablet,Electronics,Central,3,64519.72,193559.16,20818.71
ORD009689,2025-10-27,Rice,Groceries,East,3,1577.01,4731.03,511.44
ORD005418,2025-10-28,Badminton Kit,Sports,Central,3,7847.02,23541.06,8081.22
ORD008404,2025-10-28,Sofa,Furniture,South,1,14293.98,14293.98,3467.01
ORD007098,2025-10-28,Dress,Clothing,East,2,764.14,1528.28,332.24
ORD003392,2025-10-28,Dress,Clothing,West,3,2664.73,7994.19,2230.25
ORD005392,2025-10-28,Wardrobe,Furniture,North,1,27675.4,27675.4,5701.54
ORD012338,2025-10-28,Rice,Groceries,North,4,624.54,2498.16,231.7
ORD001484,2025-10-28,Running Shoes,Sports,East,1,11042.32,11042.32,2897.67
ORD002092,2025-10-28,Smartphone,Electronics,Central,3,57117.8,171353.4,20190.35
ORD006759,2025-10-28,Spices Pack,Groceries,West,5,987.28,4936.4,704.84
ORD006671,2025-10-28,Laptop,Electronics,East,1,67965.62,67965.62,5798.94
ORD001611,2025-10-28,Dumbbell Set,Sports,North,3,7966.53,23899.59,4356.24
ORD009840,2025-10-28,Chair,Furniture,Central,1,2520.25,2520.25,612.51
ORD008047,2025-10-28,Wardrobe,Furniture,East,3,21323.68,63971.04,10167.6
ORD000211,2025-10-28,Wardrobe,Furniture,North,6,24164.21,144985.26,31670.97
ORD001159,2025-10-28,Dairy Bundle,Groceries,South,3,621.99,1865.97,166.93
ORD004496,2025-10-28,Chair,Furniture,South,1,9061.1,9061.1,1183.0
ORD003902,2025-10-28,Sofa,Furniture,North,3,29617.8,88853.4,13086.55
ORD005101,2025-10-28,Shoes,Clothing,North,2,2749.96,5499.92,1336.62
ORD004917,2025-10-28,Dumbbell Set,Sports,North,1,2857.22,2857.22,997.46
ORD006344,2025-10-28,Cycle,Sports,East,1,9774.44,9774.44,1804.21
ORD006449,2025-10-28,Running Shoes,Sports,South,2,7660.08,15320.16,4975.98
ORD001683,2025-10-28,Yoga Mat,Sports,North,7,14116.49,98815.43,27399.03
ORD009717,2025-10-28,Cooking Oil,Groceries,West,5,722.21,3611.05,340.91
ORD001832,2025-10-28,Smartwatch,Electronics,East,2,11617.5,23235.0,1956.14
ORD006301,2025-10-28,Badminton Kit,Sports,Central,6,4521.95,27131.7,6652.11
ORD001187,2025-10-28,Smartwatch,Electronics,South,5,57859.48,289297.4,38069.15
ORD007515,2025-10-28,Shoes,Clothing,North,1,2591.26,2591.26,755.55
ORD005945,2025-10-28,Sofa,Furniture,North,2,17690.64,35381.28,5650.16
ORD003225,2025-10-28,Badminton Kit,Sports,West,2,1422.22,2844.44,740.51
ORD000423,2025-10-28,T-Shirt,Clothing,South,1,998.71,998.71,303.26
ORD003029,2025-10-28,Cycle,Sports,West,3,7342.59,22027.77,5464.26
ORD002379,2025-10-28,Yoga Mat,Sports,East,1,643.71,643.71,196.72
ORD002727,2025-10-28,Rice,Groceries,Central,2,505.73,1011.46,92.16
ORD006178,2025-10-28,Spices Pack,Groceries,North,1,1120.53,1120.53,79.73
ORD002222,2025-10-28,Bookshelf,Furniture,South,5,8290.41,41452.05,6628.18
ORD010210,2025-10-28,Snacks,Groceries,East,4,1793.1,7172.4,589.17
ORD012226,2025-10-29,Jeans,Clothing,North,3,4050.67,12152.01,3537.63
ORD007013,2025-10-29,Badminton Kit,Sports,Central,2,8989.95,17979.9,3948.73
ORD006732,2025-10-29,Laptop,Electronics,Central,2,33998.8,67997.6,11583.01
ORD010087,2025-10-29,Tablet,Electronics,West,3,11269.53,194845.7,19085.29
ORD002260,2025-10-29,Cooking Oil,Groceries,South,1,472.96,472.96,24.72
ORD001962,2025-10-29,Desk,Furniture,North,1,23932.34,23932.34,3347.88
ORD000711,2025-10-29,Cooking Oil,Groceries,East,2,700.7,1401.4,141.15
ORD007156,2025-10-29,Dairy Bundle,Groceries,North,1,530.45,530.45,47.48
ORD009204,2025-10-29,Snacks,Groceries,Central,2,1777.99,3555.98,476.93
ORD008738,2025-10-29,Dairy Bundle,Groceries,East,2,750.82,1501.64,78.36
ORD006133,2025-10-29,Tablet,Electronics,East,1,63931.86,63931.86,7963.99
ORD003927,2025-10-29,Jacket,Clothing,South,2,4014.22,8028.44,2199.3
ORD001921,2025-10-29,Jacket,Clothing,North,2,2798.39,5596.78,1165.05
ORD011139,2025-10-29,Tablet,Electronics,South,2,29428.02,58856.04,11750.82
ORD011815,2025-10-29,Cooking Oil,Groceries,Central,3,961.92,2885.76,326.79
ORD009499,2025-10-29,Spices Pack,Groceries,East,1,532.17,532.17,40.41
ORD004881,2025-10-29,Chair,Furniture,Central,1,27907.41,27907.41,3405.67
ORD004347,2025-10-29,Badminton Kit,Sports,West,4,4325.19,17300.76,2636.88
ORD006515,2025-10-29,Laptop,Electronics,North,1,21392.61,21392.61,2365.4
ORD004125,2025-10-29,Yoga Mat,Sports,South,2,13741.49,27482.98,8507.64
ORD003021,2025-10-29,Shoes,Clothing,East,2,3089.8,6179.6,1432.29
ORD008814,2025-10-29,Smartwatch,Electronics,North,4,54437.39,217749.56,31938.67
ORD006071,2025-10-29,Cycle,Sports,East,2,9219.83,18439.66,6309.52
ORD008088,2025-10-29,Dumbbell Set,Sports,West,2,14961.15,29922.3,6177.03
ORD007490,2025-10-29,Smartwatch,Electronics,North,1,58063.72,58063.72,9808.87
ORD004575,2025-10-29,Shoes,Clothing,North,2,2223.22,4446.44,1494.2
ORD012320,2025-10-29,Smartwatch,Electronics,West,6,68216.71,409300.26,75603.55
ORD011999,2025-10-29,Snacks,Groceries,East,3,914.1,2742.3,240.74
ORD007539,2025-10-29,Cycle,Sports,West,5,1126.74,5633.7,1230.96
ORD008839,2025-10-30,Jeans,Clothing,North,4,3507.52,14030.08,3105.55
ORD012042,2025-10-30,Headphones,Electronics,Central,7,10537.6,73763.2,9397.83
ORD008374,2025-10-30,Wardrobe,Furniture,East,3,25589.22,76767.66,8956.65
ORD011744,2025-10-30,Smartphone,Electronics,East,1,39714.82,39714.82,4878.16
ORD003958,2025-10-30,Cycle,Sports,West,2,534.04,1068.08,212.51
ORD009798,2025-10-30,Badminton Kit,Sports,Central,3,5138.75,15416.25,3772.38
ORD011585,2025-10-30,Smartphone,Electronics,North,1,20074.21,20074.21,3115.63
ORD002341,2025-10-30,Cycle,Sports,South,2,4423.11,8846.22,1767.11
ORD008265,2025-10-30,Wardrobe,Furniture,North,1,5037.48,5037.48,1230.11
ORD006812,2025-10-30,Shoes,Clothing,North,6,4272.0,25632.0,8985.0
ORD001113,2025-10-30,Cycle,Sports,South,2,679.86,1359.72,331.44
ORD011748,2025-10-30,Chair,Furniture,North,4,29571.53,118286.12,15655.06
ORD005047,2025-10-30,Cooking Oil,Groceries,West,6,806.79,4840.74,652.05
ORD007570,2025-10-30,T-Shirt,Clothing,West,5,1565.93,7829.65,3169.67
ORD004682,2025-10-30,Sofa,Furniture,South,2,13738.98,27477.96,3547.38
ORD003607,2025-10-30,Cycle,Sports,West,8,4374.54,34996.32,8812.87
ORD008976,2025-10-30,Yoga Mat,Sports,West,2,11533.97,23067.94,5912.16
ORD005867,2025-10-30,Sofa,Furniture,West,4,10589.64,42358.56,7255.35
ORD000390,2025-10-30,T-Shirt,Clothing,Central,5,3684.17,18420.85,6636.79
ORD006018,2025-10-30,Tablet,Electronics,East,1,71133.04,71133.04,10330.31
ORD001591,2025-10-30,Wardrobe,Furniture,Central,1,5092.09,5092.09,730.09
ORD001999,2025-10-30,Tablet,Electronics,South,1,32076.88,32076.88,4084.95
ORD004904,2025-10-30,Desk,Furniture,Central,4,22686.54,90746.16,17584.95
ORD007140,2025-10-30,Bookshelf,Furniture,North,2,24342.08,48684.16,9023.39
ORD011219,2025-10-30,Smartwatch,Electronics,West,2,60216.07,120432.14,24030.28
ORD000844,2025-10-30,Wardrobe,Furniture,South,3,27837.2,83511.6,14452.46
ORD004109,2025-10-30,Badminton Kit,Sports,North,1,8661.04,8661.04,1841.97
ORD004082,2025-10-30,Dress,Clothing,Central,5,2276.96,11384.8,3645.82
ORD002832,2025-10-30,Badminton Kit,Sports,Central,5,12286.34,61431.7,16325.55
ORD003541,2025-10-30,Spices Pack,Groceries,East,5,737.66,3688.3,466.61
ORD010368,2025-10-30,Jeans,Clothing,West,3,1873.91,5621.73,1874.43
ORD011278,2025-10-30,T-Shirt,Clothing,North,1,4126.08,4126.08,1593.92
ORD008662,2025-10-30,Running Shoes,Sports,South,1,9394.68,9394.68,1465.14
ORD009677,2025-10-30,Laptop,Electronics,North,2,13545.92,27091.84,3462.43
ORD004714,2025-10-30,Tablet,Electronics,East,1,28549.18,28549.18,5176.11
ORD007244,2025-10-30,Headphones,Electronics,North,2,10875.12,21750.24,3919.96
ORD002703,2025-10-30,Dairy Bundle,Groceries,North,2,761.3,1522.6,212.49
ORD007436,2025-10-30,Rice,Groceries,North,2,469.04,938.08,85.89
ORD004187,2025-10-31,Dairy Bundle,Groceries,Central,3,854.09,2562.27,318.63
ORD009663,2025-10-31,Dumbbell Set,Sports,Central,1,3753.03,3753.03,1272.5
ORD011116,2025-10-31,Desk,Furniture,North,2,13673.4,27346.8,4214.69
ORD008144,2025-10-31,Smartwatch,Electronics,East,2,79480.67,158961.34,24593.05
ORD011913,2025-10-31,Rice,Groceries,North,2,164.97,329.94,43.8
ORD005013,2025-10-31,Jeans,Clothing,East,2,3759.59,7519.18,1789.84
ORD009257,2025-10-31,Badminton Kit,Sports,North,1,13561.34,13561.34,4492.96
ORD009433,2025-10-31,Cycle,Sports,North,1,11314.07,11314.07,2119.13
ORD003450,2025-10-31,Smartwatch,Electronics,West,8,31044.29,248354.32,32438.28
ORD010160,2025-10-31,T-Shirt,Clothing,East,3,904.27,2712.81,1210.53
ORD001185,2025-10-31,Laptop,Electronics,Central,1,32708.05,32708.05,5478.63
ORD003982,2025-10-31,Rice,Groceries,North,1,345.06,345.06,33.42
ORD006236,2025-10-31,Headphones,Electronics,Central,3,58796.19,176388.57,28508.91
ORD003953,2025-10-31,Laptop,Electronics,Central,1,11178.48,11178.48,2225.09
ORD003940,2025-10-31,Sofa,Furniture,South,2,20122.22,185615.85,19808.04
ORD007974,2025-10-31,Dairy Bundle,Groceries,West,1,551.29,551.29,65.0
ORD001436,2025-10-31,Smartwatch,Electronics,North,4,72374.79,289499.16,56039.74
ORD000769,2025-10-31,Smartphone,Electronics,Central,1,21042.75,21042.75,3403.33
ORD004966,2025-10-31,Dress,Clothing,South,5,4169.16,20845.8,4706.16
ORD012351,2025-10-31,Rice,Groceries,Central,1,1588.61,1588.61,238.18
ORD002071,2025-10-31,Desk,Furniture,West,1,11596.47,11596.47,1393.74
ORD002765,2025-11-01,Smartphone,Electronics,North,2,39321.05,78642.1,9053.17
ORD010592,2025-11-01,Smartphone,Electronics,West,4,12596.58,50386.32,5783.35
ORD002833,2025-11-01,Dress,Clothing,South,2,3205.94,6411.88,2535.04
ORD001295,2025-11-01,Dairy Bundle,Groceries,East,3,559.67,1679.01,203.82
ORD011414,2025-11-01,Smartwatch,Electronics,South,2,52709.58,105419.16,19149.24
ORD001878,2025-11-01,Smartphone,Electronics,North,2,27557.59,55115.18,5669.87
ORD001362,2025-11-01,Badminton Kit,Sports,Central,1,11815.45,11815.45,2854.6
ORD002701,2025-11-01,Badminton Kit,Sports,East,4,4037.93,16151.72,5545.64
ORD011591,2025-11-01,Spices Pack,Groceries,West,6,1235.33,7411.98,678.82
ORD002635,2025-11-01,Headphones,Electronics,West,1,69765.76,69765.76,8133.88
ORD009592,2025-11-01,Tablet,Electronics,North,2,73039.12,146078.24,29192.76
ORD009367,2025-11-01,Bookshelf,Furniture,South,5,19253.65,96268.25,23029.91
ORD000988,2025-11-01,Cycle,Sports,South,1,4831.52,4831.52,1633.71
ORD001086,2025-11-01,Laptop,Electronics,West,4,57415.56,229662.24,20292.25
ORD011773,2025-11-01,Yoga Mat,Sports,West,7,13456.05,94192.35,22303.9
ORD012445,2025-11-01,Cooking Oil,Groceries,East,1,1939.99,1939.99,211.88
ORD009150,2025-11-01,Jacket,Clothing,East,2,994.59,1989.18,768.6
ORD009210,2025-11-01,Cooking Oil,Groceries,West,1,1446.83,1446.83,211.64
ORD003931,2025-11-01,Smartwatch,Electronics,South,1,11983.93,11983.93,1243.64
ORD000439,2025-11-01,Jeans,Clothing,West,3,3665.07,10995.21,4010.29
ORD009490,2025-11-01,Desk,Furniture,North,3,9765.52,29296.56,2932.34
ORD007189,2025-11-01,Dumbbell Set,Sports,North,2,12736.33,113869.42,32407.44
ORD007166,2025-11-01,Cycle,Sports,South,1,2502.21,2502.21,441.53
ORD012404,2025-11-01,Headphones,Electronics,North,7,47086.51,329605.57,36617.34
ORD003632,2025-11-01,Jeans,Clothing,Central,6,3448.78,20692.68,4140.61
ORD003707,2025-11-01,Smartphone,Electronics,Central,2,26298.6,52597.2,9415.75
ORD008267,2025-11-01,Chair,Furniture,Central,4,10857.02,43428.08,5391.31
ORD012382,2025-11-01,Dumbbell Set,Sports,North,1,4567.32,4567.32,1062.93
ORD003576,2025-11-01,Snacks,Groceries,Central,7,1562.95,10940.65,660.77
ORD007540,2025-11-01,Badminton Kit,Sports,East,1,1614.32,1614.32,369.02
ORD007345,2025-11-01,Badminton Kit,Sports,Central,4,14336.35,57345.4,12861.82
ORD012358,2025-11-01,Sofa,Furniture,East,4,12764.13,51056.52,5239.02
ORD005926,2025-11-01,Headphones,Electronics,East,1,28731.52,28731.52,5364.65
ORD005852,2025-11-01,Dress,Clothing,Central,5,801.11,4005.55,1147.17
ORD005840,2025-11-01,Dress,Clothing,West,3,2810.28,8430.84,2146.22
ORD000603,2025-11-01,Cooking Oil,Groceries,South,1,1028.42,1028.42,130.65
ORD004061,2025-11-01,Jeans,Clothing,East,2,1662.94,3325.88,1188.09
ORD000737,2025-11-02,Laptop,Electronics,Central,2,71253.12,142506.24,18311.6
ORD007708,2025-11-02,Laptop,Electronics,North,1,57823.46,57823.46,9850.45
ORD000221,2025-11-02,Jacket,Clothing,Central,1,698.74,698.74,312.1
ORD001815,2025-11-02,Laptop,Electronics,West,1,65066.83,65066.83,10103.54
ORD012414,2025-11-02,Smartwatch,Electronics,East,3,39043.77,117131.31,10106.47
ORD000324,2025-11-02,Tablet,Electronics,West,5,50738.66,253693.3,40969.51
ORD008501,2025-11-02,T-Shirt,Clothing,South,3,4120.85,12362.55,4569.64
ORD000019,2025-11-02,Desk,Furniture,West,1,10529.19,10529.19,1207.18
ORD000129,2025-11-02,Cycle,Sports,Central,4,14074.24,56296.96,16281.42
ORD010134,2025-11-02,Wardrobe,Furniture,East,6,18710.07,112260.42,17188.18
ORD007543,2025-11-02,Dairy Bundle,Groceries,South,2,565.38,1130.76,67.86
ORD005114,2025-11-02,Dairy Bundle,Groceries,West,2,1442.9,2885.8,372.39
ORD007734,2025-11-02,Laptop,Electronics,North,3,72674.65,218023.95,33921.48
ORD007312,2025-11-02,Jeans,Clothing,South,4,2035.85,8143.4,3438.01
ORD005526,2025-11-02,Badminton Kit,Sports,East,1,834.74,834.74,147.48
ORD008518,2025-11-02,Headphones,Electronics,North,3,42812.51,128437.53,23109.35
ORD002292,2025-11-02,Rice,Groceries,North,4,1585.59,6342.36,802.85
ORD007799,2025-11-02,Jeans,Clothing,Central,1,908.78,908.78,373.28
ORD010333,2025-11-02,Headphones,Electronics,South,4,77599.06,310396.24,56442.93
ORD006280,2025-11-02,Desk,Furniture,South,7,26677.1,186739.7,35088.85
ORD008617,2025-11-02,Dairy Bundle,Groceries,East,1,1484.55,1484.55,187.23
ORD008742,2025-11-02,Jacket,Clothing,West,2,3590.16,7180.32,1702.96
ORD005472,2025-11-02,Wardrobe,Furniture,North,1,10709.17,10709.17,1584.97
ORD000114,2025-11-02,Jacket,Clothing,East,3,4873.15,14619.45,4360.61
ORD007419,2025-11-02,Yoga Mat,Sports,Central,1,6557.17,6557.17,1980.54
ORD007455,2025-11-02,Spices Pack,Groceries,Central,3,162.04,486.12,27.68
ORD007351,2025-11-02,Headphones,Electronics,West,2,79604.37,159208.74,12966.13
ORD007014,2025-11-02,Shoes,Clothing,West,1,3389.75,3389.75,691.21
ORD003083,2025-11-02,Smartphone,Electronics,Central,2,26335.79,52671.58,7304.18
ORD010612,2025-11-03,Laptop,Electronics,Central,4,69279.45,277117.8,44726.58
ORD000434,2025-11-03,Yoga Mat,Sports,Central,4,2750.98,11003.92,2050.97
ORD008952,2025-11-03,Smartwatch,Electronics,South,6,73030.88,438185.28,36158.16
ORD004212,2025-11-03,Yoga Mat,Sports,East,5,3806.9,19034.5,2899.05
ORD001060,2025-11-03,Smartwatch,Electronics,South,3,14009.41,42028.23,7812.63
ORD012319,2025-11-03,Dairy Bundle,Groceries,North,3,451.79,1355.37,131.0
ORD005509,2025-11-03,Spices Pack,Groceries,South,2,1373.79,2747.58,393.25
ORD006979,2025-11-03,Cycle,Sports,Central,1,1656.57,1656.57,381.65
ORD009357,2025-11-03,Snacks,Groceries,South,3,1938.03,5814.09,762.29
ORD000388,2025-11-03,Running Shoes,Sports,Central,4,12060.78,48243.12,8682.96
ORD002074,2025-11-03,Tablet,Electronics,Central,2,15447.26,156672.04,20092.13
ORD009299,2025-11-03,Laptop,Electronics,East,1,12221.33,12221.33,994.65
ORD008514,2025-11-03,Spices Pack,Groceries,South,6,1722.15,10332.9,1345.99
ORD009879,2025-11-03,Spices Pack,Groceries,West,3,502.88,1508.64,154.11
ORD009988,2025-11-03,Sofa,Furniture,South,2,23372.22,46744.44,10764.61
ORD002621,2025-11-03,Badminton Kit,Sports,Central,3,14695.96,44087.88,10323.06
ORD009862,2025-11-03,Laptop,Electronics,East,1,43537.58,43537.58,5764.19
ORD008521,2025-11-03,Jacket,Clothing,East,1,2695.92,2695.92,891.78
ORD001458,2025-11-03,Spices Pack,Groceries,East,2,526.16,1052.32,122.39
ORD012263,2025-11-03,Laptop,Electronics,Central,7,76186.58,533306.06,86386.91
ORD010051,2025-11-03,T-Shirt,Clothing,West,1,4557.13,4557.13,972.33
ORD011707,2025-11-03,Dumbbell Set,Sports,West,4,13683.75,54735.0,18186.34
ORD011186,2025-11-03,Badminton Kit,Sports,Central,3,1081.96,3245.88,1084.06
ORD008997,2025-11-03,Desk,Furniture,West,4,2513.13,10052.52,1827.43
ORD011745,2025-11-03,Wardrobe,Furniture,Central,4,22617.68,90470.72,17756.04
ORD010617,2025-11-03,Jeans,Clothing,East,4,3779.71,15118.84,6044.99
ORD007773,2025-11-03,Sofa,Furniture,West,1,22890.62,22890.62,4592.06
ORD010739,2025-11-03,Snacks,Groceries,West,1,704.82,704.82,53.33
ORD007041,2025-11-03,Shoes,Clothing,East,1,1179.74,1179.74,472.08
ORD005021,2025-11-03,Running Shoes,Sports,West,2,13868.36,27736.72,4941.41
ORD004607,2025-11-03,Dress,Clothing,East,2,602.3,1204.6,362.09
ORD003228,2025-11-03,Chair,Furniture,North,2,27386.29,54772.58,7048.48
ORD007258,2025-11-03,Shoes,Clothing,South,5,2152.6,10763.0,2610.32
ORD000024,2025-11-03,Badminton Kit,Sports,North,2,5019.81,58102.25,14758.76
ORD009551,2025-11-03,Desk,Furniture,North,3,27870.74,286460.46,35568.79
ORD004704,2025-11-03,Smartphone,Electronics,Central,2,24723.68,49447.36,7129.13
ORD009625,2025-11-03,Dress,Clothing,Central,1,4780.4,4780.4,1688.27
ORD010730,2025-11-03,Spices Pack,Groceries,West,6,1358.94,8153.64,1016.47
ORD001585,2025-11-04,Jeans,Clothing,Central,1,3892.87,3892.87,1177.27
ORD010865,2025-11-04,Laptop,Electronics,South,1,58943.8,58943.8,5037.05
ORD002592,2025-11-04,Chair,Furniture,East,2,5743.48,11486.96,2760.42
ORD006470,2025-11-04,Rice,Groceries,North,3,422.78,1268.34,99.6
ORD004789,2025-11-04,Sofa,Furniture,South,2,22102.24,44204.48,9345.85
ORD009547,2025-11-04,Badminton Kit,Sports,North,3,2500.29,38161.34,7421.51
ORD002485,2025-11-04,Snacks,Groceries,East,2,1918.56,3837.12,355.74
ORD001790,2025-11-04,Snacks,Groceries,South,2,1509.12,3018.24,299.58
ORD004609,2025-11-04,Dress,Clothing,North,1,2823.28,2823.28,1207.51
ORD012441,2025-11-04,Dumbbell Set,Sports,West,5,10833.9,54169.5,10261.79
ORD002200,2025-11-04,Tablet,Electronics,North,5,20231.87,101159.35,9633.74
ORD001197,2025-11-04,Spices Pack,Groceries,West,4,918.01,3672.04,235.96
ORD011014,2025-11-04,Snacks,Groceries,South,1,1088.49,1088.49,111.98
ORD002238,2025-11-04,Tablet,Electronics,West,1,56183.77,56183.77,7756.52
ORD007134,2025-11-04,Cycle,Sports,Central,6,14258.78,85552.68,13872.9
ORD005738,2025-11-04,Sofa,Furniture,West,6,21683.04,130098.24,16574.45
ORD000509,2025-11-04,Smartphone,Electronics,Central,3,21001.42,63004.26,9334.3
ORD008103,2025-11-04,Badminton Kit,Sports,South,3,14930.14,44790.42,7395.76
ORD006828,2025-11-04,Smartphone,Electronics,East,2,50527.18,101054.36,19871.92
ORD006919,2025-11-04,Yoga Mat,Sports,South,1,14463.15,14463.15,4574.8
ORD011673,2025-11-04,Dumbbell Set,Sports,West,2,11901.6,23803.2,4331.84
ORD006579,2025-11-04,Laptop,Electronics,East,5,20926.04,104630.2,9933.58
ORD003142,2025-11-04,Running Shoes,Sports,South,3,11551.72,34655.16,10144.31
ORD001994,2025-11-04,Shoes,Clothing,North,1,748.2,748.2,233.82
ORD007691,2025-11-04,Cooking Oil,Groceries,North,3,1788.89,5366.67,441.24
ORD002918,2025-11-04,Shoes,Clothing,Central,4,4043.04,16172.16,5641.72
ORD008292,2025-11-04,Tablet,Electronics,Central,3,55998.62,167995.86,29927.6
ORD007465,2025-11-05,Yoga Mat,Sports,West,2,2350.07,4700.14,1111.78
ORD009617,2025-11-05,Dairy Bundle,Groceries,North,3,730.77,2192.31,233.19
ORD010733,2025-11-05,Smartwatch,Electronics,Central,4,26776.98,107107.92,20295.36
ORD004301,2025-11-05,Dress,Clothing,Central,1,2266.31,2266.31,857.89
ORD010439,2025-11-05,Wardrobe,Furniture,North,7,28104.19,196729.33,28645.13
ORD010620,2025-11-05,Chair,Furniture,North,1,10543.14,10543.14,1685.04
ORD008871,2025-11-05,T-Shirt,Clothing,South,5,2231.24,11156.2,2295.64
ORD009634,2025-11-05,Wardrobe,Furniture,West,1,2902.73,2902.73,617.57
ORD000966,2025-11-05,Chair,Furniture,Central,1,18239.55,18239.55,3360.14
ORD010981,2025-11-05,Cycle,Sports,South,3,1590.35,4771.05,1124.62
ORD007639,2025-11-05,Jeans,Clothing,South,1,2213.3,2213.3,802.64
ORD010449,2025-11-05,T-Shirt,Clothing,North,1,4126.64,4126.64,934.55
ORD010946,2025-11-05,Snacks,Groceries,East,2,1907.93,3815.86,213.36
ORD008764,2025-11-05,Spices Pack,Groceries,North,2,1472.24,2944.48,413.4
ORD011856,2025-11-05,Cooking Oil,Groceries,South,1,943.92,943.92,140.98
ORD006083,2025-11-05,Spices Pack,Groceries,East,1,753.26,753.26,83.92
ORD004121,2025-11-05,Spices Pack,Groceries,South,3,1449.33,4347.99,511.91
ORD001371,2025-11-05,Running Shoes,Sports,North,5,5802.37,29011.85,5659.52
ORD009059,2025-11-05,Yoga Mat,Sports,North,3,6646.73,19940.19,6640.64
ORD012080,2025-11-05,Cooking Oil,Groceries,East,2,1876.86,3753.72,314.15
ORD011681,2025-11-05,Jacket,Clothing,East,1,3717.38,3717.38,757.67
ORD006560,2025-11-05,Sofa,Furniture,West,7,28846.43,201925.01,26432.51
ORD008424,2025-11-05,Smartwatch,Electronics,West,4,66060.46,264241.84,42146.52
ORD010782,2025-11-05,Desk,Furniture,North,2,13883.74,27767.48,3255.14
ORD010788,2025-11-05,Sofa,Furniture,East,6,29438.33,176629.98,33814.58
ORD001298,2025-11-05,Laptop,Electronics,Central,2,18287.07,36574.14,6328.85
ORD000699,2025-11-05,Desk,Furniture,West,3,14064.85,42194.55,5793.61
ORD010548,2025-11-05,Dumbbell Set,Sports,West,2,13717.81,27435.62,4170.18
ORD001552,2025-11-05,Bookshelf,Furniture,South,3,27607.36,82822.08,13674.19
ORD006502,2025-11-05,Yoga Mat,Sports,South,5,14240.95,71204.75,15931.03
ORD008545,2025-11-05,Dress,Clothing,West,4,2787.12,11148.48,4906.67
ORD009815,2025-11-05,Spices Pack,Groceries,East,6,1403.85,8423.1,970.77
ORD006775,2025-11-05,Headphones,Electronics,West,1,69873.94,69873.94,6441.58
ORD005295,2025-11-05,Laptop,Electronics,Central,2,65792.66,131585.32,12729.99
ORD005361,2025-11-05,Snacks,Groceries,South,4,1389.67,5558.68,406.39
ORD002546,2025-11-05,Dress,Clothing,West,4,471.37,1885.48,401.96
ORD011793,2025-11-05,Badminton Kit,Sports,South,8,9463.44,75707.52,12682.11
ORD010053,2025-11-05,Bookshelf,Furniture,East,3,19538.22,58614.66,7015.22
ORD011346,2025-11-05,Chair,Furniture,South,4,23354.83,93419.32,23315.67
ORD004007,2025-11-05,Bookshelf,Furniture,Central,1,19827.4,19827.4,2640.73
ORD007379,2025-11-05,Cooking Oil,Groceries,West,2,1081.64,2163.28,240.06
ORD007393,2025-11-05,Snacks,Groceries,East,1,944.75,944.75,120.44
ORD008156,2025-11-05,Wardrobe,Furniture,South,3,19603.16,58809.48,13948.39
ORD002665,2025-11-05,Chair,Furniture,South,3,14307.76,42923.28,7578.92
ORD004455,2025-11-06,Running Shoes,Sports,West,4,8529.06,34116.24,11847.98
ORD004803,2025-11-06,Smartwatch,Electronics,Central,5,55066.31,275331.55,47597.21
ORD009455,2025-11-06,Dairy Bundle,Groceries,East,3,1075.44,3226.32,241.9
ORD005273,2025-11-06,Tablet,Electronics,North,4,73186.87,292747.48,37804.38
ORD005290,2025-11-06,Cycle,Sports,North,6,2346.89,14081.34,4432.03
ORD004792,2025-11-06,Spices Pack,Groceries,South,3,374.58,1123.74,71.24
ORD000764,2025-11-06,Dress,Clothing,West,1,1638.9,1638.9,453.68
ORD004490,2025-11-06,T-Shirt,Clothing,South,2,3325.72,6651.44,1883.72
ORD004494,2025-11-06,Sofa,Furniture,West,1,12529.17,12529.17,3024.43
ORD002619,2025-11-06,Jacket,Clothing,Central,2,3551.08,7102.16,2594.67
ORD005066,2025-11-06,Dairy Bundle,Groceries,South,2,1987.65,3975.3,291.13
ORD002894,2025-11-06,Laptop,Electronics,East,1,27413.36,27413.36,4889.48
ORD012114,2025-11-06,Dress,Clothing,East,5,3443.36,17216.8,6387.95
ORD009390,2025-11-06,Dairy Bundle,Groceries,Central,3,1628.64,4885.92,645.99
ORD009659,2025-11-06,Laptop,Electronics,South,3,8405.6,25216.8,4999.99
ORD006568,2025-11-06,Wardrobe,Furniture,East,1,20306.39,20306.39,5061.53
ORD012311,2025-11-06,Rice,Groceries,West,5,217.43,1087.15,142.96
ORD003893,2025-11-06,Cooking Oil,Groceries,East,1,1895.03,1895.03,187.46
ORD002008,2025-11-06,Tablet,Electronics,West,1,54188.32,54188.32,6024.62
ORD008577,2025-11-06,Badminton Kit,Sports,South,2,14958.86,29917.72,8144.85
ORD011108,2025-11-06,Tablet,Electronics,Central,4,71349.69,285398.76,55167.04
ORD008160,2025-11-06,Wardrobe,Furniture,South,2,8787.65,17575.3,3324.8
ORD003994,2025-11-06,Cooking Oil,Groceries,East,1,1589.51,1589.51,151.52
ORD008090,2025-11-06,Cycle,Sports,Central,8,8675.35,69402.8,12595.96
ORD000140,2025-11-06,Headphones,Electronics,East,1,58541.62,58541.62,10273.77
ORD008610,2025-11-06,Headphones,Electronics,North,7,52208.6,365460.2,44793.36
ORD006160,2025-11-06,Bookshelf,Furniture,West,3,2232.54,6697.62,1644.32
ORD004079,2025-11-06,Tablet,Electronics,South,2,59264.57,118529.14,14957.79
ORD007999,2025-11-06,Smartwatch,Electronics,Central,1,49232.28,49232.28,8175.63
ORD002083,2025-11-06,Running Shoes,Sports,Central,1,9303.46,9303.46,2118.82
ORD001681,2025-11-06,Shoes,Clothing,Central,2,4042.33,8084.66,2166.58
ORD007707,2025-11-06,Rice,Groceries,East,4,1777.61,7110.44,574.08
ORD012151,2025-11-06,Chair,Furniture,West,2,29234.73,58469.46,11366.61
ORD001111,2025-11-06,Jeans,Clothing,East,1,3607.32,3607.32,1209.08
ORD004192,2025-11-06,Dress,Clothing,North,3,3415.66,10246.98,4233.38
ORD001208,2025-11-06,Smartphone,Electronics,West,3,44392.77,133178.31,26060.61
ORD003378,2025-11-06,Cooking Oil,Groceries,East,4,102.71,410.84,39.01
ORD005885,2025-11-06,Snacks,Groceries,East,1,119.44,119.44,6.24
ORD007938,2025-11-06,Running Shoes,Sports,South,3,7160.52,21481.56,7121.7
ORD001741,2025-11-06,Chair,Furniture,North,4,6303.35,25213.4,4686.95
ORD011433,2025-11-07,Dress,Clothing,North,5,808.22,4041.1,1360.75
ORD011646,2025-11-07,Badminton Kit,Sports,West,4,13019.11,52076.44,10482.24
ORD002063,2025-11-07,Cycle,Sports,South,5,11986.77,59933.85,17097.46
ORD001648,2025-11-07,Badminton Kit,Sports,North,2,14536.95,29073.9,4748.14
ORD001997,2025-11-07,Chair,Furniture,East,4,23069.11,92276.44,9937.63
ORD010520,2025-11-07,Shoes,Clothing,North,3,3886.99,11660.97,3035.85
ORD008254,2025-11-07,Desk,Furniture,East,1,18579.0,18579.0,2835.4
ORD009583,2025-11-07,Snacks,Groceries,North,2,1624.02,3248.04,417.08
ORD001929,2025-11-07,Dairy Bundle,Groceries,West,3,773.87,2321.61,243.92
ORD009703,2025-11-07,Desk,Furniture,East,4,23772.1,95088.4,13381.55
ORD007567,2025-11-07,Dress,Clothing,West,2,4582.34,9164.68,1899.36
ORD007208,2025-11-07,Chair,Furniture,West,2,19165.46,38330.92,7445.47
ORD001578,2025-11-07,Headphones,Electronics,East,1,39863.28,39863.28,6295.16
ORD012297,2025-11-07,Dress,Clothing,West,1,4530.11,25696.97,10212.58
ORD007280,2025-11-07,Running Shoes,Sports,East,3,10062.61,30187.83,4779.36
ORD001822,2025-11-07,T-Shirt,Clothing,South,1,2499.92,2499.92,791.41
ORD001935,2025-11-07,Headphones,Electronics,East,3,55387.51,166162.53,14690.92
ORD009537,2025-11-07,Laptop,Electronics,East,1,32492.31,32492.31,4422.82
ORD006383,2025-11-07,Sofa,Furniture,East,3,23326.9,69980.7,12726.37
ORD011888,2025-11-07,Jacket,Clothing,West,1,3462.6,3462.6,897.62
ORD004246,2025-11-07,Cycle,Sports,North,2,12249.4,24498.8,4336.47
ORD002257,2025-11-07,Cooking Oil,Groceries,East,3,273.7,821.1,92.43
ORD009970,2025-11-07,Tablet,Electronics,North,1,33817.68,33817.68,3385.97
ORD005467,2025-11-07,Rice,Groceries,West,1,496.89,496.89,63.36
ORD006143,2025-11-07,Laptop,Electronics,North,5,29011.27,145056.35,24922.62
ORD008794,2025-11-07,Desk,Furniture,South,1,20264.94,20264.94,3725.74
ORD005434,2025-11-07,Yoga Mat,Sports,West,3,1060.93,3182.79,957.07
ORD011621,2025-11-07,Smartwatch,Electronics,West,4,55641.27,222565.08,28769.54
ORD008990,2025-11-07,Tablet,Electronics,North,1,39589.08,39589.08,6965.59
ORD006454,2025-11-07,T-Shirt,Clothing,West,1,2999.84,2999.84,1209.78
ORD012051,2025-11-07,Cycle,Sports,East,3,9400.19,28200.57,7734.27
ORD003894,2025-11-07,Snacks,Groceries,West,1,749.68,749.68,106.77
ORD008552,2025-11-07,T-Shirt,Clothing,South,2,3273.74,6547.48,1886.54
ORD001377,2025-11-07,Dress,Clothing,West,1,1521.55,1521.55,435.62
ORD000939,2025-11-07,Badminton Kit,Sports,East,3,9060.04,27180.12,6840.48
ORD006535,2025-11-07,Bookshelf,Furniture,South,1,27611.48,27611.48,5554.5
ORD008946,2025-11-07,Laptop,Electronics,West,2,33503.89,67007.78,10943.26
ORD003906,2025-11-07,Dress,Clothing,West,1,1348.52,1348.52,288.76
ORD008879,2025-11-07,Badminton Kit,Sports,North,2,11010.62,22021.24,5998.6
ORD001635,2025-11-08,Shoes,Clothing,East,1,3253.6,3253.6,1210.85
ORD005234,2025-11-08,Jacket,Clothing,East,2,2292.59,4585.18,1330.31
ORD007818,2025-11-08,Dress,Clothing,East,3,2214.06,6642.18,1371.71
ORD008975,2025-11-08,Running Shoes,Sports,Central,3,6707.96,20123.88,4079.41
ORD012111,2025-11-08,Wardrobe,Furniture,West,1,23699.74,23699.74,5714.31
ORD005793,2025-11-08,Spices Pack,Groceries,West,6,1315.15,7890.9,918.32
ORD005849,2025-11-08,Sofa,Furniture,South,4,14999.46,59997.84,14344.06
ORD001758,2025-11-08,Wardrobe,Furniture,Central,3,25871.33,77613.99,18681.28
ORD001838,2025-11-08,Smartwatch,Electronics,East,6,51799.0,310794.0,35345.35
ORD007400,2025-11-08,Jeans,Clothing,North,1,2210.08,2210.08,845.67
ORD011349,2025-11-08,Jeans,Clothing,East,4,658.58,2634.32,1139.3
ORD005617,2025-11-08,Tablet,Electronics,West,5,15962.22,79811.1,12396.89
ORD000629,2025-11-08,Shoes,Clothing,Central,1,1242.47,1242.47,401.19
ORD008734,2025-11-08,Jeans,Clothing,West,4,2282.73,9130.92,1869.84
ORD012208,2025-11-08,Dairy Bundle,Groceries,East,2,1608.46,3216.92,249.59
ORD008069,2025-11-08,Dumbbell Set,Sports,East,3,6757.54,20272.62,5639.4
ORD011937,2025-11-08,Yoga Mat,Sports,North,3,11991.96,35975.88,8582.08
ORD007139,2025-11-08,Rice,Groceries,South,8,455.41,3643.28,360.33
ORD006857,2025-11-08,Snacks,Groceries,North,2,1592.13,3184.26,198.08
ORD000291,2025-11-08,Chair,Furniture,South,3,14855.8,44567.4,11008.37
ORD002149,2025-11-08,Yoga Mat,Sports,South,1,2580.31,2580.31,465.2
ORD012281,2025-11-08,Spices Pack,Groceries,South,4,1214.09,4856.36,667.14
ORD007405,2025-11-08,Cycle,Sports,West,4,10243.82,40975.28,14101.46
ORD005810,2025-11-08,Smartwatch,Electronics,East,3,74081.78,222245.34,21503.81
ORD005669,2025-11-08,Laptop,Electronics,Central,1,30511.25,30511.25,3093.47
ORD003190,2025-11-08,Spices Pack,Groceries,Central,2,1938.94,3877.88,538.96
ORD001152,2025-11-08,Tablet,Electronics,North,3,44912.08,134736.24,15524.13
ORD004339,2025-11-08,T-Shirt,Clothing,East,1,975.33,975.33,368.17
ORD003215,2025-11-08,Chair,Furniture,West,8,9512.04,76096.32,14353.34
ORD000962,2025-11-08,Snacks,Groceries,North,5,1277.22,6386.1,546.33
ORD006250,2025-11-09,Running Shoes,Sports,North,4,11599.73,46398.92,14755.57
ORD007524,2025-11-09,Snacks,Groceries,East,3,372.29,1116.87,105.59
ORD001340,2025-11-09,Rice,Groceries,North,3,311.87,935.61,95.05
ORD000673,2025-11-09,Cycle,Sports,South,2,11269.24,22538.48,5298.77
ORD000467,2025-11-09,Shoes,Clothing,West,2,4926.69,9853.38,3265.63
ORD002893,2025-11-09,Sofa,Furniture,East,4,2473.56,9894.24,2339.34
ORD009259,2025-11-09,Wardrobe,Furniture,North,2,22084.38,44168.76,7035.79
ORD007652,2025-11-09,Bookshelf,Furniture,North,3,8392.96,25178.88,3960.1
ORD001085,2025-11-09,T-Shirt,Clothing,West,1,3478.03,3478.03,978.29
ORD000691,2025-11-09,Rice,Groceries,East,1,410.7,410.7,36.6
ORD004842,2025-11-09,Bookshelf,Furniture,East,3,10764.71,32294.13,7200.95
ORD003837,2025-11-09,Rice,Groceries,East,4,1777.39,7109.56,730.73
ORD005183,2025-11-09,Desk,Furniture,East,2,2059.95,4119.9,646.97
ORD007839,2025-11-09,Desk,Furniture,East,2,10543.06,21086.12,3964.12
ORD007948,2025-11-09,Rice,Groceries,North,1,626.05,626.05,56.2
ORD009331,2025-11-09,Spices Pack,Groceries,North,2,464.03,928.06,133.95
ORD001953,2025-11-09,Rice,Groceries,Central,3,1704.0,5112.0,503.03
ORD007840,2025-11-09,Spices Pack,Groceries,North,1,1838.15,1838.15,150.85
ORD008504,2025-11-09,Snacks,Groceries,East,1,932.98,932.98,82.21
ORD008503,2025-11-09,Yoga Mat,Sports,East,5,13461.4,67307.0,21750.58
ORD003731,2025-11-09,Desk,Furniture,North,1,15424.74,15424.74,2392.25
ORD011643,2025-11-09,Laptop,Electronics,East,2,72918.47,145836.94,21826.51
ORD002930,2025-11-09,Smartphone,Electronics,Central,2,9438.05,18876.1,2838.82
ORD000080,2025-11-09,Smartphone,Electronics,West,4,25109.9,100439.6,16812.18
ORD011846,2025-11-09,Dairy Bundle,Groceries,South,6,806.67,4840.02,338.49
ORD006779,2025-11-09,Desk,Furniture,West,1,7289.59,7289.59,1558.86
ORD003149,2025-11-09,Cycle,Sports,East,2,5577.7,11155.4,1859.06
ORD010200,2025-11-09,Tablet,Electronics,West,3,68397.31,205191.93,31757.25
ORD006409,2025-11-09,Cycle,Sports,Central,5,11987.64,59938.2,20516.02
ORD008419,2025-11-09,Shoes,Clothing,North,1,3084.63,3084.63,1135.34
ORD007744,2025-11-09,Wardrobe,Furniture,East,3,25899.41,77698.23,8670.4
ORD005930,2025-11-09,Laptop,Electronics,South,1,65039.63,65039.63,11120.18
ORD001054,2025-11-09,Running Shoes,Sports,West,5,12929.1,64645.5,21412.44
ORD009939,2025-11-09,Cooking Oil,Groceries,East,2,363.96,727.92,63.07
ORD006332,2025-11-09,Shoes,Clothing,Central,2,3443.83,6887.66,2505.43
ORD010974,2025-11-09,Yoga Mat,Sports,West,2,14011.07,28022.14,7287.9
ORD002834,2025-11-09,Dairy Bundle,Groceries,South,4,1436.23,5744.92,766.64
ORD012362,2025-11-09,Cycle,Sports,West,2,7424.48,14848.96,3429.2
ORD010252,2025-11-09,Tablet,Electronics,Central,5,12644.91,63224.55,8745.08
ORD000257,2025-11-09,Jeans,Clothing,West,1,4683.82,4683.82,1950.89
ORD008098,2025-11-09,Smartwatch,Electronics,South,1,79572.46,79572.46,11496.85
ORD008093,2025-11-09,Smartwatch,Electronics,East,1,18140.01,18140.01,2939.62
ORD003586,2025-11-09,Dumbbell Set,Sports,Central,5,7503.7,37518.5,12282.29
ORD004255,2025-11-09,Shoes,Clothing,East,4,4604.93,65825.25,17903.38
ORD004465,2025-11-09,Smartwatch,Electronics,Central,1,16889.38,16889.38,3337.45
ORD010700,2025-11-09,Rice,Groceries,East,1,1711.13,1711.13,209.27
ORD011830,2025-11-09,Chair,Furniture,East,4,24178.36,96713.44,17332.08
ORD010627,2025-11-09,Dairy Bundle,Groceries,Central,2,341.64,683.28,70.92
ORD009106,2025-11-09,Jeans,Clothing,West,7,1628.48,11399.36,2803.99
ORD011610,2025-11-09,Dumbbell Set,Sports,North,2,566.84,1133.68,317.36
ORD005607,2025-11-09,T-Shirt,Clothing,North,3,3407.31,10221.93,2156.75
ORD005448,2025-11-10,Tablet,Electronics,West,2,52079.05,104158.1,10243.58
ORD011113,2025-11-10,Jeans,Clothing,South,1,1948.98,1948.98,764.44
ORD009394,2025-11-10,Headphones,Electronics,West,2,18379.52,36759.04,7064.63
ORD010004,2025-11-10,Rice,Groceries,East,5,1926.3,9631.5,593.83
ORD009181,2025-11-10,Dairy Bundle,Groceries,North,1,123.12,123.12,13.92
ORD010264,2025-11-10,Dairy Bundle,Groceries,North,1,1956.04,1956.04,290.57
ORD008906,2025-11-10,Yoga Mat,Sports,East,7,13249.11,92743.77,16925.35
ORD002477,2025-11-10,Spices Pack,Groceries,North,1,863.56,863.56,101.36
ORD010042,2025-11-10,Badminton Kit,Sports,East,1,3997.74,3997.74,1236.22
ORD010655,2025-11-10,Badminton Kit,Sports,East,1,14244.01,14244.01,4470.9
ORD002450,2025-11-10,Spices Pack,Groceries,Central,2,270.54,541.08,76.34
ORD004244,2025-11-10,T-Shirt,Clothing,Central,4,729.97,2919.88,959.09
ORD003602,2025-11-10,Cycle,Sports,South,5,8016.79,40083.95,6915.36
ORD008382,2025-11-10,Shoes,Clothing,Central,3,1132.45,3397.35,1128.21
ORD001846,2025-11-10,Running Shoes,Sports,West,1,12489.45,12489.45,3184.15
ORD010125,2025-11-10,Laptop,Electronics,North,5,66176.82,330884.1,41835.44
ORD003478,2025-11-10,Badminton Kit,Sports,East,2,12381.27,24762.54,5496.42
ORD010355,2025-11-10,Wardrobe,Furniture,North,2,16869.9,33739.8,7931.46
ORD008782,2025-11-10,Rice,Groceries,West,4,1151.63,4606.52,271.07
ORD000520,2025-11-10,Rice,Groceries,West,3,224.18,672.54,54.83
ORD004337,2025-11-10,Running Shoes,Sports,West,3,7715.92,23147.76,4463.7
ORD002364,2025-11-10,Jeans,Clothing,North,2,4600.51,9201.02,3781.34
ORD003193,2025-11-10,Cooking Oil,Groceries,East,1,973.27,973.27,109.83
ORD003317,2025-11-10,Rice,Groceries,Central,3,1364.95,4094.85,419.59
ORD006181,2025-11-10,Dress,Clothing,South,1,3941.69,3941.69,1120.75
ORD009546,2025-11-10,Chair,Furniture,Central,4,3028.39,12113.56,2663.1
ORD009496,2025-11-10,Cooking Oil,Groceries,West,5,840.23,4201.15,216.4
ORD000332,2025-11-10,Dumbbell Set,Sports,East,2,9283.73,18567.46,3666.06
ORD012303,2025-11-10,Bookshelf,Furniture,East,1,27055.44,27055.44,4546.14
ORD009601,2025-11-10,Wardrobe,Furniture,West,3,2622.18,7866.54,1184.29
ORD000340,2025-11-10,Sofa,Furniture,Central,6,29145.17,174871.02,40189.92
ORD000303,2025-11-10,Snacks,Groceries,South,5,329.21,1646.05,158.15
ORD000310,2025-11-11,Jeans,Clothing,East,2,4089.15,8178.3,3165.53
ORD009266,2025-11-11,Smartphone,Electronics,North,4,11191.92,44767.68,4769.01
ORD004716,2025-11-11,Jeans,Clothing,West,2,4167.57,8335.14,2060.59
ORD010306,2025-11-11,Dress,Clothing,South,1,2011.72,2011.72,654.14
ORD011884,2025-11-11,Bookshelf,Furniture,Central,6,26062.01,156372.06,24715.9
ORD010193,2025-11-11,Headphones,Electronics,Central,8,52833.91,422671.28,45520.6
ORD007277,2025-11-11,Spices Pack,Groceries,West,2,1545.53,3091.06,417.53
ORD002302,2025-11-11,Shoes,Clothing,East,3,4573.49,13720.47,4014.03
ORD000384,2025-11-11,Laptop,Electronics,West,4,62897.03,251588.12,46597.11
ORD010834,2025-11-11,Snacks,Groceries,East,2,1890.17,3780.34,444.81
ORD002162,2025-11-11,Jeans,Clothing,Central,3,3459.58,10378.74,3324.51
ORD006058,2025-11-11,Smartwatch,Electronics,Central,1,79683.83,79683.83,7107.35
ORD004787,2025-11-11,Chair,Furniture,West,5,3722.16,18610.8,2004.39
ORD002643,2025-11-11,Chair,Furniture,Central,7,14889.95,104229.65,21518.28
ORD001236,2025-11-11,Spices Pack,Groceries,Central,5,532.72,2663.6,389.96
ORD007367,2025-11-11,T-Shirt,Clothing,East,1,1054.62,1054.62,389.35
ORD000463,2025-11-11,Dairy Bundle,Groceries,North,5,907.91,4539.55,237.18
ORD003534,2025-11-11,Shoes,Clothing,West,1,461.2,461.2,149.61
ORD000832,2025-11-11,Rice,Groceries,West,1,1846.84,1846.84,184.12
ORD000427,2025-11-11,Tablet,Electronics,Central,6,23113.2,138679.2,26039.31
ORD006313,2025-11-11,Snacks,Groceries,Central,5,688.57,3442.85,254.88
ORD011676,2025-11-11,Spices Pack,Groceries,East,2,793.09,1586.18,168.25
ORD003209,2025-11-11,Spices Pack,Groceries,Central,4,832.55,3330.2,471.36
ORD002360,2025-11-11,Rice,Groceries,East,3,927.0,2781.0,395.09
ORD007886,2025-11-11,Badminton Kit,Sports,Central,3,5881.24,17643.72,2987.75
ORD003575,2025-11-11,Laptop,Electronics,West,2,39898.88,79797.76,12299.83
ORD007170,2025-11-11,Spices Pack,Groceries,South,2,807.69,1615.38,154.69
ORD008628,2025-11-11,Chair,Furniture,North,4,17837.74,71350.96,15508.66
ORD009640,2025-11-11,Running Shoes,Sports,Central,3,1154.11,3462.33,801.78
ORD002861,2025-11-11,Sofa,Furniture,Central,3,4930.49,14791.47,2417.54
ORD005291,2025-11-11,Smartphone,Electronics,West,1,37508.37,37508.37,7460.27
ORD007772,2025-11-11,Cooking Oil,Groceries,North,3,192.21,576.63,71.75
ORD003174,2025-11-11,Laptop,Electronics,North,1,27703.98,27703.98,5474.32
ORD005756,2025-11-11,Wardrobe,Furniture,West,5,3177.25,15886.25,3014.19
ORD009378,2025-11-11,Shoes,Clothing,North,2,3927.55,7855.1,1997.98
ORD008622,2025-11-12,Sofa,Furniture,West,2,10750.62,21501.24,2877.06
ORD000557,2025-11-12,Smartwatch,Electronics,Central,1,24114.87,24114.87,3483.08
ORD008234,2025-11-12,Cycle,Sports,West,3,7481.66,22444.98,4126.67
ORD005305,2025-11-12,Laptop,Electronics,East,1,61878.95,61878.95,11401.25
ORD002984,2025-11-12,Dumbbell Set,Sports,North,2,13662.54,27325.08,4576.5
ORD009251,2025-11-12,Headphones,Electronics,Central,2,57044.75,114089.5,14229.37
ORD008886,2025-11-12,Snacks,Groceries,Central,2,1445.91,2891.82,384.25
ORD000911,2025-11-12,Dumbbell Set,Sports,Central,8,3482.47,27859.76,4855.32
ORD008804,2025-11-12,Spices Pack,Groceries,North,1,242.2,242.2,23.62
ORD008296,2025-11-12,Laptop,Electronics,Central,6,35353.49,212120.94,37467.45
ORD000268,2025-11-12,Sofa,Furniture,West,1,23531.65,23531.65,5687.95
ORD011436,2025-11-12,Shoes,Clothing,East,1,2347.38,2347.38,827.11
ORD004033,2025-11-12,Dumbbell Set,Sports,Central,1,14501.97,14501.97,2218.38
ORD008930,2025-11-12,Wardrobe,Furniture,West,1,13388.79,13388.79,2438.87
ORD011921,2025-11-12,Dairy Bundle,Groceries,South,7,1810.26,12671.82,734.76
ORD008940,2025-11-12,Dairy Bundle,Groceries,East,3,1033.19,3099.57,284.92
ORD009893,2025-11-12,Bookshelf,Furniture,East,1,17475.76,17475.76,3263.9
ORD001797,2025-11-12,Laptop,Electronics,North,6,48876.37,293258.22,43847.31
ORD008865,2025-11-12,Dumbbell Set,Sports,North,4,8350.73,33402.92,9115.21
ORD005565,2025-11-12,Smartphone,Electronics,South,2,40251.85,80503.7,14664.06
ORD001004,2025-11-12,Badminton Kit,Sports,West,2,7021.23,14042.46,4287.75
ORD005530,2025-11-12,Jeans,Clothing,East,7,1085.1,7595.7,2881.9
ORD003319,2025-11-12,Bookshelf,Furniture,Central,5,27392.26,136961.3,25763.17
ORD006690,2025-11-12,Shoes,Clothing,Central,1,3281.93,3281.93,1283.28
ORD000981,2025-11-12,Dress,Clothing,Central,7,856.18,5993.26,1812.82
ORD007542,2025-11-12,Snacks,Groceries,West,1,829.07,829.07,51.33
ORD006553,2025-11-12,Badminton Kit,Sports,West,7,10832.38,75826.66,21003.25
ORD001044,2025-11-12,Jacket,Clothing,South,1,795.73,795.73,289.8
ORD004090,2025-11-12,Dairy Bundle,Groceries,South,3,176.62,529.86,31.51
ORD001527,2025-11-12,Smartphone,Electronics,North,4,27334.43,109337.72,12518.67
ORD000744,2025-11-12,Dairy Bundle,Groceries,East,3,852.73,2558.19,305.82
ORD003472,2025-11-12,Shoes,Clothing,West,1,3463.14,3463.14,733.29
ORD002718,2025-11-12,Shoes,Clothing,East,4,3101.87,12407.48,4775.58
ORD004479,2025-11-12,Sofa,Furniture,West,3,20057.38,60172.14,13702.56
ORD000164,2025-11-13,Snacks,Groceries,North,1,1153.27,1153.27,128.21
ORD011170,2025-11-13,Sofa,Furniture,East,1,27605.3,27605.3,6397.99
ORD003249,2025-11-13,Badminton Kit,Sports,East,2,5891.63,11783.26,1828.38
ORD003074,2025-11-13,Chair,Furniture,North,3,16343.3,49029.9,8487.38
ORD007958,2025-11-13,Wardrobe,Furniture,West,3,25416.68,76250.04,12293.71
ORD006303,2025-11-13,Tablet,Electronics,North,2,67088.63,134177.26,17998.49
ORD005633,2025-11-13,Badminton Kit,Sports,North,1,11037.66,11037.66,3631.19
ORD006661,2025-11-13,T-Shirt,Clothing,West,2,3503.21,7006.42,1995.13
ORD009967,2025-11-13,Laptop,Electronics,East,3,25191.8,75575.4,12735.46
ORD002197,2025-11-13,Cooking Oil,Groceries,North,1,1326.59,1326.59,72.38
ORD007417,2025-11-13,Dumbbell Set,Sports,West,1,12250.83,12250.83,2885.56
ORD012082,2025-11-13,Cycle,Sports,East,2,11792.94,23585.88,3632.54
ORD012002,2025-11-13,Dress,Clothing,North,1,561.82,561.82,241.37
ORD001931,2025-11-13,Running Shoes,Sports,Central,4,12312.73,49250.92,13414.29
ORD011176,2025-11-13,Badminton Kit,Sports,North,1,2047.01,2047.01,682.66
ORD005942,2025-11-13,Jacket,Clothing,West,1,1097.7,1097.7,219.58
ORD010507,2025-11-13,Cycle,Sports,Central,7,12470.51,87293.57,14349.9
ORD001269,2025-11-13,Chair,Furniture,West,2,22733.33,45466.66,5520.9
ORD000840,2025-11-13,Laptop,Electronics,East,1,20493.77,20493.77,3348.56
ORD001151,2025-11-13,T-Shirt,Clothing,West,4,4072.15,16288.6,5587.19
ORD004937,2025-11-13,Cooking Oil,Groceries,West,3,600.39,1801.17,127.86
ORD007343,2025-11-13,Sofa,Furniture,Central,4,24102.63,96410.52,12072.08
ORD001317,2025-11-13,Cycle,Sports,East,4,563.27,2253.08,413.19
ORD009632,2025-11-13,Wardrobe,Furniture,Central,3,6854.02,20562.06,2504.92
ORD008769,2025-11-13,Cycle,Sports,East,6,2506.38,15038.28,4812.5
ORD003439,2025-11-13,Headphones,Electronics,South,8,21884.45,175075.6,18021.0
ORD011853,2025-11-13,Running Shoes,Sports,West,1,13939.3,13939.3,4777.81
ORD008196,2025-11-13,Smartwatch,Electronics,Central,3,26098.93,78296.79,9170.06
ORD005289,2025-11-13,Spices Pack,Groceries,East,3,1955.32,5865.96,822.31
ORD001573,2025-11-13,Bookshelf,Furniture,West,3,9527.9,28583.7,4438.12
ORD012190,2025-11-13,Rice,Groceries,East,1,129.21,129.21,15.44
ORD010116,2025-11-13,Dress,Clothing,East,3,3768.8,11306.4,3186.55
ORD003041,2025-11-13,Tablet,Electronics,South,1,40205.8,40205.8,7874.79
ORD000255,2025-11-13,Yoga Mat,Sports,East,1,14272.1,14272.1,4212.32
ORD011032,2025-11-13,Jeans,Clothing,Central,8,1349.41,10795.28,4010.96
ORD003397,2025-11-13,Smartwatch,Electronics,East,5,36690.47,183452.35,21652.8
ORD001528,2025-11-14,Sofa,Furniture,South,1,20389.17,20389.17,5001.07
ORD000687,2025-11-14,Spices Pack,Groceries,Central,3,1723.33,5169.99,513.01
ORD005999,2025-11-14,Jeans,Clothing,West,3,4406.24,13218.72,3659.36
ORD009286,2025-11-14,Cooking Oil,Groceries,Central,6,384.95,2309.7,191.63
ORD006534,2025-11-14,Chair,Furniture,North,4,19079.48,76317.92,14047.92
ORD010824,2025-11-14,Headphones,Electronics,South,1,69003.08,69003.08,5737.51
ORD001767,2025-11-14,Dress,Clothing,West,5,1833.39,9166.95,2519.5
ORD000877,2025-11-14,Cooking Oil,Groceries,North,5,123.03,615.15,45.6
ORD011144,2025-11-14,Dumbbell Set,Sports,North,2,12452.82,24905.64,7333.16
ORD002757,2025-11-14,Running Shoes,Sports,North,4,13081.68,52326.72,15254.5
ORD010178,2025-11-14,Chair,Furniture,North,3,28038.98,84116.94,19221.06
ORD008190,2025-11-14,Running Shoes,Sports,West,4,8174.21,32696.84,11109.99
ORD001131,2025-11-14,Running Shoes,Sports,West,2,11721.26,23442.52,6338.5
ORD003674,2025-11-14,Badminton Kit,Sports,East,4,7096.79,28387.16,6930.92
ORD008282,2025-11-14,Sofa,Furniture,South,3,22911.75,68735.25,12128.91
ORD005019,2025-11-14,Dress,Clothing,South,3,4500.15,13500.45,3683.99
ORD010991,2025-11-14,T-Shirt,Clothing,North,1,1198.2,1198.2,365.62
ORD000814,2025-11-14,Headphones,Electronics,East,2,22467.23,44934.46,6484.01
ORD011919,2025-11-14,Chair,Furniture,North,1,10669.44,10669.44,2163.86
ORD000061,2025-11-14,Shoes,Clothing,West,4,4094.97,16379.88,6945.44
ORD000169,2025-11-14,Smartwatch,Electronics,West,3,69593.16,208779.48,34331.48
ORD010987,2025-11-14,Wardrobe,Furniture,South,2,29158.66,58317.32,14470.46
ORD000177,2025-11-14,Jeans,Clothing,South,1,3395.86,3395.86,817.5
ORD004688,2025-11-14,Desk,Furniture,West,5,4115.53,20577.65,2819.21
ORD000473,2025-11-14,Bookshelf,Furniture,West,1,7779.8,7779.8,790.81
ORD000131,2025-11-14,Spices Pack,Groceries,Central,1,1268.51,1268.51,189.01
ORD010749,2025-11-14,T-Shirt,Clothing,North,1,1530.19,1530.19,659.81
ORD006765,2025-11-14,Spices Pack,Groceries,West,4,1140.7,4562.8,266.11
ORD008832,2025-11-14,Spices Pack,Groceries,East,3,1949.28,5847.84,871.55
ORD009979,2025-11-14,Rice,Groceries,West,4,1568.41,6273.64,864.01
ORD010954,2025-11-14,Snacks,Groceries,West,7,707.72,4954.04,368.17
ORD009624,2025-11-14,Shoes,Clothing,South,5,4330.77,21653.85,4676.32
ORD002514,2025-11-14,Tablet,Electronics,East,2,26641.11,53282.22,4600.34
ORD002991,2025-11-14,Dress,Clothing,West,2,3332.21,6664.42,1361.16
ORD000743,2025-11-14,Chair,Furniture,East,1,11088.4,11088.4,1718.36
ORD006658,2025-11-14,Cooking Oil,Groceries,Central,2,1050.18,2100.36,126.71
ORD011883,2025-11-14,Smartphone,Electronics,West,1,25221.42,25221.42,4096.33
ORD004912,2025-11-15,Tablet,Electronics,South,6,56853.23,341119.38,35411.33
ORD011524,2025-11-15,Jacket,Clothing,East,3,2549.23,7647.69,2508.96
ORD009384,2025-11-15,Laptop,Electronics,Central,4,53064.1,212256.4,25590.71
ORD003169,2025-11-15,Smartphone,Electronics,East,1,20113.03,20113.03,2067.46
ORD008311,2025-11-15,Dress,Clothing,North,6,3031.4,18188.4,7342.51
ORD005329,2025-11-15,Tablet,Electronics,North,6,39112.44,234674.64,33947.64
ORD000961,2025-11-15,Desk,Furniture,North,4,21477.31,385980.15,38784.34
ORD001328,2025-11-15,Rice,Groceries,West,6,1558.38,9350.28,856.96
ORD008722,2025-11-15,Headphones,Electronics,West,5,72546.94,362734.7,35411.84
ORD010744,2025-11-15,Dress,Clothing,South,1,3204.59,3204.59,683.2
ORD008347,2025-11-15,Running Shoes,Sports,East,2,11839.94,23679.88,4382.3
ORD004747,2025-11-15,Smartwatch,Electronics,North,1,33090.41,33090.41,3358.73
ORD003556,2025-11-15,Sofa,Furniture,South,3,22169.33,66507.99,15811.79
ORD000101,2025-11-15,Desk,Furniture,North,1,19976.89,19976.89,2249.82
ORD008642,2025-11-15,Smartwatch,Electronics,West,4,36205.86,144823.44,25376.33
ORD005316,2025-11-15,Spices Pack,Groceries,South,1,1154.66,1154.66,143.46
ORD007757,2025-11-15,Wardrobe,Furniture,Central,2,27031.39,54062.78,11281.23
ORD011107,2025-11-15,Smartwatch,Electronics,East,4,17921.58,71686.32,12121.09
ORD004242,2025-11-15,Cooking Oil,Groceries,North,1,1862.8,1862.8,266.78
ORD005194,2025-11-15,Shoes,Clothing,South,1,913.14,913.14,405.34
ORD008929,2025-11-15,Yoga Mat,Sports,South,3,8497.19,25491.57,7394.99
ORD012093,2025-11-15,Rice,Groceries,East,3,817.84,2453.52,366.57
ORD006186,2025-11-15,Cycle,Sports,East,1,1227.09,1227.09,281.4
ORD008697,2025-11-15,Jacket,Clothing,South,2,4429.52,8859.04,3507.46
ORD005169,2025-11-15,Bookshelf,Furniture,East,5,9001.59,45007.95,7316.37
ORD007447,2025-11-15,Cooking Oil,Groceries,North,2,276.43,552.86,71.36
ORD006688,2025-11-15,Snacks,Groceries,South,1,970.03,970.03,103.52
ORD004188,2025-11-15,Dairy Bundle,Groceries,South,6,1203.4,7220.4,641.27
ORD008540,2025-11-15,Spices Pack,Groceries,Central,2,1504.65,3009.3,426.17
ORD002844,2025-11-16,Smartwatch,Electronics,South,2,44044.61,88089.22,16685.35
ORD004994,2025-11-16,Sofa,Furniture,East,3,11094.37,33283.11,4793.05
ORD002087,2025-11-16,T-Shirt,Clothing,North,2,2387.29,4774.58,1589.78
ORD001031,2025-11-16,Snacks,Groceries,West,1,218.32,218.32,22.1
ORD002976,2025-11-16,Jeans,Clothing,West,3,989.06,2967.18,711.88
ORD010474,2025-11-16,Laptop,Electronics,West,4,79496.58,317986.32,32428.21
ORD008472,2025-11-16,Yoga Mat,Sports,South,2,5794.87,11589.74,2849.15
ORD001456,2025-11-16,Jeans,Clothing,Central,5,1382.96,6914.8,1385.51
ORD007623,2025-11-16,T-Shirt,Clothing,North,2,1032.54,2065.08,510.71
ORD001518,2025-11-16,Shoes,Clothing,South,1,1605.91,1605.91,432.12
ORD008336,2025-11-16,Tablet,Electronics,Central,7,50291.62,352041.34,41291.42
ORD005446,2025-11-16,T-Shirt,Clothing,East,2,4320.78,8641.56,1926.84
ORD010415,2025-11-16,Rice,Groceries,East,5,1218.87,6094.35,910.14
ORD004059,2025-11-16,Chair,Furniture,South,1,22470.88,22470.88,3063.4
ORD006845,2025-11-16,Tablet,Electronics,Central,4,28949.01,115796.04,20301.63
ORD011368,2025-11-16,Yoga Mat,Sports,North,4,11211.6,44846.4,6974.23
ORD012429,2025-11-16,Jeans,Clothing,Central,5,4131.54,20657.7,4680.49
ORD005508,2025-11-16,Cycle,Sports,East,4,13187.17,52748.68,17661.08
ORD010312,2025-11-16,Smartwatch,Electronics,North,1,51482.84,51482.84,8404.12
ORD001229,2025-11-16,Cycle,Sports,South,4,6938.63,27754.52,7639.34
ORD011684,2025-11-16,Dumbbell Set,Sports,South,3,3934.48,11803.44,1804.44
ORD007618,2025-11-16,Sofa,Furniture,East,4,4899.22,19596.88,3305.45
ORD001233,2025-11-16,Dairy Bundle,Groceries,East,2,1279.25,2558.5,179.43
ORD000701,2025-11-16,Desk,Furniture,South,3,6677.17,20031.51,2506.8
ORD005651,2025-11-16,Badminton Kit,Sports,South,5,6776.34,33881.7,6421.74
ORD012124,2025-11-16,Cooking Oil,Groceries,Central,3,1103.25,3309.75,417.6
ORD009001,2025-11-16,Smartphone,Electronics,North,4,54489.73,217958.92,27962.0
ORD000328,2025-11-16,Snacks,Groceries,East,3,920.15,2760.45,173.24
ORD011352,2025-11-16,Dress,Clothing,East,4,3757.74,15030.96,6752.32
ORD000987,2025-11-17,Tablet,Electronics,West,2,27661.1,55322.2,7865.13
ORD012230,2025-11-17,Tablet,Electronics,Central,3,8700.26,26100.78,4198.75
ORD011237,2025-11-17,Jacket,Clothing,North,1,4371.04,4371.04,1533.19
ORD001428,2025-11-17,Cycle,Sports,North,2,1976.15,3952.3,992.78
ORD002568,2025-11-17,Tablet,Electronics,Central,1,77385.33,77385.33,9691.61
ORD012365,2025-11-17,Shoes,Clothing,West,1,4808.42,4808.42,1175.22
ORD000087,2025-11-17,Shoes,Clothing,West,1,2706.84,2706.84,694.64
ORD007506,2025-11-17,Cooking Oil,Groceries,Central,3,228.35,685.05,46.0
ORD000495,2025-11-17,Laptop,Electronics,North,4,25740.95,102963.8,18357.65
ORD009793,2025-11-17,Sofa,Furniture,North,1,4421.56,4421.56,929.88
ORD011394,2025-11-17,Chair,Furniture,North,1,19855.92,19855.92,4828.45
ORD000726,2025-11-17,Badminton Kit,Sports,North,1,7709.03,7709.03,2108.96
ORD005050,2025-11-17,Chair,Furniture,East,3,8753.79,26261.37,3288.48
ORD004388,2025-11-17,Dairy Bundle,Groceries,South,2,1900.69,3801.38,238.11
ORD002611,2025-11-17,Dumbbell Set,Sports,South,4,4848.98,19395.92,4749.32
ORD010650,2025-11-17,Spices Pack,Groceries,West,1,924.08,924.08,84.22
ORD008703,2025-11-17,Chair,Furniture,East,2,23692.26,47384.52,9513.2
ORD008570,2025-11-17,Snacks,Groceries,South,4,1622.72,6490.88,792.54
ORD004965,2025-11-17,Badminton Kit,Sports,West,2,12610.82,25221.64,8290.15
ORD008497,2025-11-17,Chair,Furniture,West,3,17353.3,52059.9,5931.54
ORD008543,2025-11-17,Tablet,Electronics,East,2,48939.5,97879.0,16995.77
ORD009864,2025-11-17,Wardrobe,Furniture,South,6,5541.75,33250.5,3589.75
ORD000499,2025-11-17,Chair,Furniture,West,2,27684.78,55369.56,6673.29
ORD009960,2025-11-17,Dairy Bundle,Groceries,Central,1,1755.76,1755.76,246.18
ORD003357,2025-11-17,Shoes,Clothing,South,6,3631.83,21790.98,8845.75
ORD009902,2025-11-17,T-Shirt,Clothing,West,3,2585.18,7755.54,2708.86
ORD006903,2025-11-17,Headphones,Electronics,West,2,65469.18,130938.36,12473.78
ORD002860,2025-11-17,Smartwatch,Electronics,North,2,14697.25,29394.5,2859.03
ORD006394,2025-11-17,Headphones,Electronics,Central,2,10610.35,21220.7,4203.44
ORD003814,2025-11-17,Tablet,Electronics,West,8,72057.49,576459.92,76583.94
ORD009675,2025-11-17,Cycle,Sports,Central,3,10322.8,30968.4,10821.81
ORD001121,2025-11-17,Cooking Oil,Groceries,East,2,1609.7,3219.4,172.13
ORD010918,2025-11-17,Tablet,Electronics,Central,2,64011.92,128023.84,25220.55
ORD006165,2025-11-18,Chair,Furniture,South,1,27537.8,27537.8,3557.73
ORD003331,2025-11-18,Wardrobe,Furniture,North,1,18023.95,18023.95,2996.99
ORD003781,2025-11-18,Headphones,Electronics,Central,1,60957.49,60957.49,9732.17
ORD000237,2025-11-18,Chair,Furniture,South,2,3208.48,6416.96,1499.46
ORD007533,2025-11-18,Cooking Oil,Groceries,East,2,290.03,580.06,69.14
ORD000314,2025-11-18,Yoga Mat,Sports,West,2,7206.75,14413.5,4316.76
ORD011142,2025-11-18,Badminton Kit,Sports,North,3,13380.42,40141.26,9894.82
ORD004464,2025-11-18,Dairy Bundle,Groceries,East,1,1227.86,1227.86,81.55
ORD007494,2025-11-18,Yoga Mat,Sports,North,2,12003.5,24007.0,7293.44
ORD003803,2025-11-18,Headphones,Electronics,North,1,31053.04,31053.04,4981.85
ORD008731,2025-11-18,Tablet,Electronics,West,1,18493.36,18493.36,1989.86
ORD011487,2025-11-18,Badminton Kit,Sports,North,2,1375.97,2751.94,741.22
ORD007945,2025-11-18,Laptop,Electronics,South,3,44851.6,575839.03,110597.97
ORD000524,2025-11-18,Tablet,Electronics,Central,1,24773.08,24773.08,2054.38
ORD008635,2025-11-18,Snacks,Groceries,North,7,706.5,4945.5,457.08
ORD009024,2025-11-18,Chair,Furniture,North,5,25779.24,128896.2,15568.36
ORD002985,2025-11-18,Smartwatch,Electronics,North,3,75427.52,226282.56,40519.1
ORD008847,2025-11-18,Jacket,Clothing,West,1,4558.29,4558.29,1321.71
ORD004303,2025-11-18,Desk,Furniture,East,1,14643.32,14643.32,2360.55
ORD002524,2025-11-18,Snacks,Groceries,North,2,1030.59,2061.18,212.02
ORD001814,2025-11-18,T-Shirt,Clothing,South,1,303.07,303.07,126.58
ORD001096,2025-11-18,Snacks,Groceries,North,4,594.55,2378.2,334.66
ORD005369,2025-11-18,Wardrobe,Furniture,South,1,23732.25,23732.25,4104.76
ORD011794,2025-11-18,Jacket,Clothing,Central,3,2627.92,7883.76,3411.37
ORD011776,2025-11-18,Running Shoes,Sports,North,1,12786.58,12786.58,2690.25
ORD001234,2025-11-18,Dumbbell Set,Sports,North,3,6229.5,18688.5,2950.76
ORD003497,2025-11-18,Shoes,Clothing,East,3,1427.76,4283.28,945.94
ORD005233,2025-11-18,Badminton Kit,Sports,Central,8,2844.84,22758.72,5092.87
ORD007988,2025-11-18,Rice,Groceries,East,1,1431.39,1431.39,194.04
ORD001761,2025-11-18,Smartphone,Electronics,Central,8,24514.34,196114.72,26729.04
ORD006492,2025-11-19,Sofa,Furniture,West,3,4611.28,13833.84,3294.29
ORD000410,2025-11-19,Headphones,Electronics,South,1,11942.84,11942.84,1435.81
ORD011185,2025-11-19,Headphones,Electronics,North,2,71642.42,143284.84,20812.59
ORD008276,2025-11-19,Snacks,Groceries,West,1,403.59,403.59,35.64
ORD002131,2025-11-19,Tablet,Electronics,North,2,16290.52,32581.04,6059.84
ORD010177,2025-11-19,T-Shirt,Clothing,South,1,1572.28,1572.28,551.01
ORD006511,2025-11-19,Laptop,Electronics,West,1,49912.74,49912.74,9185.18
ORD003687,2025-11-19,Smartwatch,Electronics,Central,4,15163.73,60654.92,9249.93
ORD001037,2025-11-19,Smartphone,Electronics,West,4,22751.45,91005.8,16866.98
ORD007238,2025-11-19,Jacket,Clothing,Central,4,2135.42,8541.68,2827.45
ORD002070,2025-11-19,Jacket,Clothing,South,7,3425.76,23980.32,8132.8
ORD005376,2025-11-19,Cycle,Sports,South,2,6683.44,13366.88,3625.62
ORD012069,2025-11-19,Cooking Oil,Groceries,Central,1,1184.6,1184.6,129.45
ORD012214,2025-11-19,Cooking Oil,Groceries,Central,1,460.04,460.04,62.86
ORD007578,2025-11-19,Sofa,Furniture,West,1,16110.01,16110.01,3255.56
ORD009482,2025-11-19,Bookshelf,Furniture,North,2,20190.57,40381.14,5197.12
ORD002971,2025-11-19,Desk,Furniture,South,2,13511.56,27023.12,3652.14
ORD009544,2025-11-19,Dairy Bundle,Groceries,South,2,301.17,602.34,84.04
ORD011693,2025-11-19,Dress,Clothing,South,2,4626.39,9252.78,2030.49
ORD005753,2025-11-19,Jeans,Clothing,South,4,2854.61,11418.44,4683.09
ORD008967,2025-11-19,Spices Pack,Groceries,North,3,1187.06,3561.18,224.32
ORD008136,2025-11-19,Jeans,Clothing,East,3,2093.18,6279.54,2409.23
ORD011002,2025-11-19,Tablet,Electronics,Central,1,42347.6,42347.6,7422.2
ORD000827,2025-11-19,Bookshelf,Furniture,West,1,9367.15,9367.15,1442.73
ORD011933,2025-11-19,Yoga Mat,Sports,North,1,11971.6,11971.6,2512.11
ORD005199,2025-11-19,Jacket,Clothing,South,5,2675.06,13375.3,4840.89
ORD008175,2025-11-19,Headphones,Electronics,Central,1,48496.32,48496.32,4599.94
ORD007091,2025-11-19,Desk,Furniture,East,1,4638.23,4638.23,683.11
ORD000462,2025-11-19,Cooking Oil,Groceries,West,1,1799.65,1799.65,233.93
ORD004672,2025-11-19,Shoes,Clothing,West,1,4264.11,4264.11,1664.86
ORD009148,2025-11-20,Running Shoes,Sports,Central,2,12601.29,25202.58,7104.5
ORD011755,2025-11-20,Dress,Clothing,North,5,2938.81,14694.05,4286.9
ORD007634,2025-11-20,Headphones,Electronics,East,6,21146.99,126881.94,19538.62
ORD000272,2025-11-20,Badminton Kit,Sports,North,2,3815.32,7630.64,2169.7
ORD002508,2025-11-20,Desk,Furniture,East,3,7501.64,22504.92,2965.29
ORD008648,2025-11-20,Running Shoes,Sports,East,4,8635.21,34540.84,9389.41
ORD001808,2025-11-20,Wardrobe,Furniture,North,3,12286.94,36860.82,4167.21
ORD007478,2025-11-20,Smartphone,Electronics,West,1,50576.67,50576.67,8389.49
ORD001451,2025-11-20,Dress,Clothing,South,3,900.97,2702.91,1057.88
ORD008732,2025-11-20,Snacks,Groceries,East,2,1274.37,2548.74,144.62
ORD002759,2025-11-20,Dumbbell Set,Sports,West,2,12215.38,24430.76,7416.03
ORD011435,2025-11-20,Yoga Mat,Sports,South,1,12481.22,12481.22,2190.63
ORD000751,2025-11-20,Laptop,Electronics,Central,1,45373.89,45373.89,6238.99
ORD011393,2025-11-20,Sofa,Furniture,North,2,10252.5,20505.0,2855.8
ORD011049,2025-11-20,Headphones,Electronics,North,1,50588.74,50588.74,7755.19
ORD007356,2025-11-20,Chair,Furniture,Central,4,13442.42,53769.68,5801.14
ORD004886,2025-11-20,Dairy Bundle,Groceries,North,3,1555.45,4666.35,391.41
ORD005230,2025-11-20,Dress,Clothing,South,1,395.11,395.11,130.78
ORD001831,2025-11-20,Running Shoes,Sports,East,4,7892.88,31571.52,7900.93
ORD009315,2025-11-20,Bookshelf,Furniture,East,2,29316.15,58632.3,12252.38
ORD007922,2025-11-20,Bookshelf,Furniture,Central,3,11046.48,33139.44,5131.52
ORD003630,2025-11-20,Laptop,Electronics,North,4,59866.87,239467.48,31930.02
ORD005213,2025-11-20,Desk,Furniture,Central,3,23866.45,71599.35,16186.28
ORD008866,2025-11-20,Dairy Bundle,Groceries,Central,2,1012.33,2024.66,222.5
ORD006088,2025-11-20,Bookshelf,Furniture,North,3,20602.51,61807.53,12495.67
ORD007692,2025-11-20,Dress,Clothing,East,1,363.0,363.0,149.14
ORD001595,2025-11-20,Shoes,Clothing,West,4,4194.21,16776.84,6665.83
ORD001074,2025-11-20,Dress,Clothing,North,8,2458.55,19668.4,5693.01
ORD007129,2025-11-20,Jeans,Clothing,West,8,1699.9,13599.2,5948.97
ORD008974,2025-11-20,Running Shoes,Sports,South,8,6401.66,51213.28,13560.37
ORD012355,2025-11-20,T-Shirt,Clothing,East,1,3268.04,3268.04,1304.18
ORD003581,2025-11-20,Laptop,Electronics,East,1,60552.02,60552.02,7830.1
ORD005745,2025-11-20,Desk,Furniture,North,3,23311.1,69933.3,12055.16
ORD009311,2025-11-20,Smartwatch,Electronics,East,3,51783.29,155349.87,24061.12
ORD011182,2025-11-20,Sofa,Furniture,East,1,27777.25,27777.25,5925.78
ORD007669,2025-11-20,Dumbbell Set,Sports,South,1,980.44,980.44,199.69
ORD010418,2025-11-20,Cycle,Sports,North,2,3526.16,7052.32,1629.93
ORD006547,2025-11-20,Sofa,Furniture,South,6,6755.5,40533.0,4699.63
ORD011904,2025-11-21,Bookshelf,Furniture,West,4,18234.04,72936.16,8887.71
ORD009662,2025-11-21,Jeans,Clothing,East,4,2159.32,8637.28,1784.23
ORD010176,2025-11-21,Headphones,Electronics,West,2,28370.81,56741.62,6923.94
ORD004661,2025-11-21,Dumbbell Set,Sports,North,3,3540.08,10620.24,3472.13
ORD004987,2025-11-21,Rice,Groceries,North,5,1918.28,9591.4,537.54
ORD004936,2025-11-21,Desk,Furniture,North,4,10009.68,40038.72,7107.89
ORD009757,2025-11-21,Spices Pack,Groceries,West,6,1998.67,11992.02,1306.83
ORD012291,2025-11-21,Spices Pack,Groceries,Central,5,1057.69,5288.45,295.97
ORD003361,2025-11-21,Smartphone,Electronics,North,1,63603.26,63603.26,5664.71
ORD007781,2025-11-21,Cycle,Sports,South,1,8144.76,8144.76,1579.13
ORD004626,2025-11-21,Tablet,Electronics,South,2,11048.08,22096.16,3447.54
ORD005025,2025-11-21,Snacks,Groceries,West,3,1538.59,4615.77,685.54
ORD011916,2025-11-21,Cycle,Sports,South,4,6751.14,27004.56,4413.75
ORD006191,2025-11-21,Running Shoes,Sports,Central,1,5037.71,5037.71,1334.15
ORD010340,2025-11-21,Running Shoes,Sports,East,4,6370.07,25480.28,4024.16
ORD008645,2025-11-21,Running Shoes,Sports,Central,1,10921.08,10921.08,2833.17
ORD005975,2025-11-21,Dairy Bundle,Groceries,Central,2,1143.4,2286.8,279.41
ORD000489,2025-11-21,Dairy Bundle,Groceries,North,4,1230.65,4922.6,271.44
ORD010950,2025-11-21,Cycle,Sports,North,3,1975.6,5926.8,992.57
ORD001584,2025-11-21,Smartphone,Electronics,Central,3,74751.97,224255.91,20776.68
ORD008058,2025-11-21,Cycle,Sports,South,1,12468.51,12468.51,4074.46
ORD002462,2025-11-21,Chair,Furniture,South,2,18728.02,37456.04,8694.83
ORD007278,2025-11-21,Yoga Mat,Sports,Central,4,4226.59,16906.36,3912.44
ORD004400,2025-11-21,Jeans,Clothing,Central,1,894.76,894.76,285.57
ORD006438,2025-11-21,Dumbbell Set,Sports,North,1,14396.05,14396.05,3411.9
ORD000639,2025-11-21,Headphones,Electronics,North,3,25427.24,76281.72,15134.26
ORD000219,2025-11-21,Rice,Groceries,South,7,238.25,1667.75,220.45
ORD001798,2025-11-21,Badminton Kit,Sports,North,2,7599.55,15199.1,4239.77
ORD003548,2025-11-21,Sofa,Furniture,West,3,11988.25,35964.75,6792.75
ORD009179,2025-11-21,Jacket,Clothing,Central,1,979.75,5253.1,1712.38
ORD006479,2025-11-21,Smartwatch,Electronics,North,1,78074.77,78074.77,14613.77
ORD005421,2025-11-21,Sofa,Furniture,North,5,25929.01,129645.05,22131.09
ORD008357,2025-11-21,Headphones,Electronics,East,5,43515.04,217575.2,41325.83
ORD000646,2025-11-21,Wardrobe,Furniture,West,2,13113.85,26227.7,3144.89
ORD002168,2025-11-21,Smartphone,Electronics,South,2,35428.53,70857.06,6132.53
ORD011624,2025-11-21,Shoes,Clothing,Central,6,1140.16,6840.96,2194.64
ORD010860,2025-11-21,T-Shirt,Clothing,East,6,2413.75,14482.5,4781.29
ORD000893,2025-11-21,Jacket,Clothing,West,2,3398.96,6797.92,2880.82
ORD010123,2025-11-21,Jeans,Clothing,North,6,3146.22,18877.32,4920.71
ORD006837,2025-11-21,Wardrobe,Furniture,South,3,4519.6,13558.8,1938.67
ORD003702,2025-11-21,Rice,Groceries,East,6,1187.57,7125.42,644.51
ORD003676,2025-11-22,Dress,Clothing,East,3,1847.81,5543.43,1167.17
ORD007061,2025-11-22,Running Shoes,Sports,East,8,10106.2,80849.6,18130.16
ORD001538,2025-11-22,Shoes,Clothing,West,1,3109.04,3109.04,1294.99
ORD007037,2025-11-22,Rice,Groceries,South,1,760.05,760.05,108.79
ORD007446,2025-11-22,Dairy Bundle,Groceries,Central,1,1400.42,1400.42,135.55
ORD001549,2025-11-22,Shoes,Clothing,West,3,4891.93,14675.79,3309.0
ORD001919,2025-11-22,Headphones,Electronics,South,1,75143.95,75143.95,7081.36
ORD007619,2025-11-22,Snacks,Groceries,North,4,814.01,3256.04,350.89
ORD007510,2025-11-22,Badminton Kit,Sports,North,1,3294.9,3294.9,947.87
ORD002051,2025-11-22,Cooking Oil,Groceries,East,4,1299.61,5198.44,481.58
ORD012388,2025-11-22,Laptop,Electronics,North,1,11203.6,11203.6,1835.06
ORD011415,2025-11-22,Snacks,Groceries,East,3,568.55,1705.65,211.4
ORD010706,2025-11-22,Cooking Oil,Groceries,West,4,1811.67,7246.68,598.02
ORD008718,2025-11-22,T-Shirt,Clothing,East,1,683.48,683.48,218.99
ORD012164,2025-11-22,Chair,Furniture,West,1,21672.14,21672.14,2361.98
ORD008589,2025-11-22,Snacks,Groceries,Central,3,908.52,2725.56,221.47
ORD005372,2025-11-22,Chair,Furniture,South,2,8411.64,16823.28,3011.31
ORD010844,2025-11-22,Yoga Mat,Sports,Central,2,3888.51,7777.02,2663.87
ORD010806,2025-11-22,Snacks,Groceries,East,2,1430.35,2860.7,404.88
ORD002692,2025-11-22,Spices Pack,Groceries,West,1,595.61,595.61,30.32
ORD000535,2025-11-22,Wardrobe,Furniture,East,4,11929.42,47717.68,6827.72
ORD008983,2025-11-22,Shoes,Clothing,West,4,2833.72,11334.88,4524.81
ORD010430,2025-11-22,Headphones,Electronics,East,1,71518.38,71518.38,11631.19
ORD004093,2025-11-22,Spices Pack,Groceries,South,4,648.74,2594.96,168.48
ORD012201,2025-11-22,Tablet,Electronics,South,2,66010.34,132020.68,11696.16
ORD008894,2025-11-22,Jeans,Clothing,West,3,825.74,2477.22,886.56
ORD005041,2025-11-22,Jeans,Clothing,West,2,3065.64,6131.28,2079.96
ORD002237,2025-11-22,Cooking Oil,Groceries,Central,3,495.8,1487.4,127.24
ORD009169,2025-11-22,Badminton Kit,Sports,South,4,11637.3,46549.2,8919.64
ORD009851,2025-11-22,Snacks,Groceries,East,4,1401.25,5605.0,541.79
ORD004332,2025-11-22,Tablet,Electronics,South,2,10564.07,21128.14,2952.81
ORD001357,2025-11-22,Shoes,Clothing,East,1,1936.05,1936.05,567.14
ORD009152,2025-11-22,Bookshelf,Furniture,East,2,6780.5,13561.0,3126.48
ORD007089,2025-11-23,Shoes,Clothing,East,2,1801.11,3602.22,1248.5
ORD008285,2025-11-23,Wardrobe,Furniture,Central,4,29902.62,119610.48,17322.35
ORD006292,2025-11-23,Yoga Mat,Sports,Central,2,11470.61,22941.22,7214.66
ORD008656,2025-11-23,T-Shirt,Clothing,East,5,3044.98,15224.9,5311.4
ORD001414,2025-11-23,Chair,Furniture,South,2,22408.12,44816.24,5122.94
ORD008746,2025-11-23,Dumbbell Set,Sports,North,1,13979.97,13979.97,2119.24
ORD010600,2025-11-23,Spices Pack,Groceries,Central,1,1473.04,1473.04,86.44
ORD008192,2025-11-23,Spices Pack,Groceries,West,5,1100.35,5501.75,559.11
ORD000685,2025-11-23,Smartwatch,Electronics,Central,2,20937.18,41874.36,4543.59
ORD008868,2025-11-23,Smartwatch,Electronics,South,2,55382.66,110765.32,14612.69
ORD006013,2025-11-23,Bookshelf,Furniture,East,3,14305.79,42917.37,4680.87
ORD008884,2025-11-23,Spices Pack,Groceries,South,2,138.51,277.02,35.13
ORD012183,2025-11-23,Rice,Groceries,South,4,1316.42,5265.68,284.47
ORD002891,2025-11-23,Spices Pack,Groceries,West,3,1339.33,4017.99,363.71
ORD002338,2025-11-23,Dairy Bundle,Groceries,North,1,874.78,874.78,121.28
ORD010659,2025-11-23,Desk,Furniture,North,2,8499.89,16999.78,2126.14
ORD011273,2025-11-23,Laptop,Electronics,South,1,67321.67,67321.67,12591.26
ORD005229,2025-11-23,Cooking Oil,Groceries,North,8,578.4,4627.2,402.71
ORD008603,2025-11-23,Dairy Bundle,Groceries,North,1,286.6,286.6,29.34
ORD010303,2025-11-23,Dress,Clothing,East,5,2146.82,10734.1,4029.78
ORD011729,2025-11-23,Desk,Furniture,Central,4,21538.96,86155.84,19185.29
ORD002120,2025-11-23,Chair,Furniture,South,2,21659.01,43318.02,6484.83
ORD002995,2025-11-23,Running Shoes,Sports,South,1,10156.23,10156.23,3194.45
ORD011121,2025-11-23,Dress,Clothing,North,1,4141.93,4141.93,1114.76
ORD012088,2025-11-23,Jacket,Clothing,West,3,3286.44,9859.32,4271.42
ORD010154,2025-11-23,Running Shoes,Sports,Central,6,5846.88,35081.28,6773.57
ORD004447,2025-11-23,Laptop,Electronics,North,8,78593.9,628751.2,87560.92
ORD007202,2025-11-23,Cooking Oil,Groceries,East,2,219.84,439.68,56.68
ORD002761,2025-11-23,Desk,Furniture,Central,2,25361.09,50722.18,9464.91
ORD002944,2025-11-23,Tablet,Electronics,South,1,48741.33,218644.17,41544.74
ORD005132,2025-11-23,Snacks,Groceries,Central,7,1371.25,9598.75,1384.46
ORD008129,2025-11-23,Cooking Oil,Groceries,South,2,1499.46,2998.92,176.17
ORD012405,2025-11-23,Wardrobe,Furniture,East,2,11933.14,23866.28,5587.12
ORD009871,2025-11-23,Dress,Clothing,Central,2,2243.64,4487.28,1316.68
ORD001526,2025-11-24,Dairy Bundle,Groceries,Central,4,490.13,1960.52,192.73
ORD012369,2025-11-24,Rice,Groceries,North,1,1075.25,1075.25,109.79
ORD004963,2025-11-24,Dairy Bundle,Groceries,South,1,1110.63,1110.63,65.73
ORD006156,2025-11-24,Shoes,Clothing,West,2,3188.06,6376.12,2358.65
ORD002752,2025-11-24,Shoes,Clothing,Central,1,1394.44,1394.44,450.4
ORD010457,2025-11-24,Headphones,Electronics,East,2,61046.76,122093.52,10012.32
ORD010510,2025-11-24,Spices Pack,Groceries,West,3,335.99,1007.97,145.53
ORD007831,2025-11-24,T-Shirt,Clothing,West,2,1715.11,3430.22,780.05
ORD008165,2025-11-24,Rice,Groceries,Central,2,1443.0,2886.0,414.85
ORD004851,2025-11-24,Bookshelf,Furniture,Central,8,23860.52,190884.16,25244.57
ORD010964,2025-11-24,Laptop,Electronics,West,3,11519.95,34559.85,6508.66
ORD000172,2025-11-24,Shoes,Clothing,East,7,1114.05,7798.35,2405.5
ORD005084,2025-11-24,Jeans,Clothing,Central,1,2266.7,2266.7,648.59
ORD007251,2025-11-24,Running Shoes,Sports,West,3,11354.11,34062.33,11255.69
ORD008848,2025-11-24,Jeans,Clothing,South,3,596.17,1788.51,626.25
ORD004380,2025-11-24,Bookshelf,Furniture,South,2,7877.0,15754.0,2737.75
ORD005430,2025-11-24,Cooking Oil,Groceries,West,4,1646.73,6586.92,728.59
ORD010842,2025-11-24,Running Shoes,Sports,Central,4,10082.05,40328.2,6153.57
ORD008344,2025-11-24,Snacks,Groceries,North,4,664.47,2657.88,286.31
ORD004662,2025-11-24,Laptop,Electronics,West,1,52368.15,52368.15,6883.64
ORD012029,2025-11-24,Cycle,Sports,West,5,8371.4,41857.0,6809.71
ORD003822,2025-11-24,Wardrobe,Furniture,North,1,14272.36,60491.15,8432.71
ORD001094,2025-11-24,Desk,Furniture,South,1,26393.73,26393.73,5672.27
ORD008657,2025-11-24,T-Shirt,Clothing,North,3,3952.62,11857.86,3871.37
ORD008238,2025-11-24,Jeans,Clothing,Central,1,4133.42,4133.42,1011.87
ORD011764,2025-11-24,Headphones,Electronics,West,3,50343.38,151030.14,19800.96
ORD007678,2025-11-24,T-Shirt,Clothing,East,3,2092.28,6276.84,2456.11
ORD000845,2025-11-24,Cycle,Sports,Central,3,9290.67,27872.01,8444.16
ORD010542,2025-11-24,Cooking Oil,Groceries,East,3,680.33,2040.99,290.8
ORD007804,2025-11-24,Headphones,Electronics,Central,5,64442.02,322210.1,52296.21
ORD006188,2025-11-24,Smartwatch,Electronics,Central,3,73646.31,220938.93,37584.23
ORD000795,2025-11-24,Yoga Mat,Sports,South,2,6708.89,74491.53,21864.72
ORD005440,2025-11-25,Bookshelf,Furniture,North,3,4806.49,14419.47,3458.14
ORD006922,2025-11-25,Smartphone,Electronics,West,2,28092.34,56184.68,5581.37
ORD004404,2025-11-25,Laptop,Electronics,South,2,37869.03,75738.06,13037.8
ORD007154,2025-11-25,Laptop,Electronics,Central,3,18502.58,55507.74,5674.38
ORD010969,2025-11-25,Dairy Bundle,Groceries,East,1,1030.29,1030.29,60.71
ORD005320,2025-11-25,Jacket,Clothing,Central,1,3828.81,3828.81,1019.94
ORD006669,2025-11-25,Cycle,Sports,Central,2,12917.42,25834.84,5477.07
ORD000305,2025-11-25,Smartphone,Electronics,East,1,44246.04,44246.04,7205.35
ORD010204,2025-11-25,Running Shoes,Sports,West,3,13820.92,41462.76,10999.28
ORD004656,2025-11-25,Rice,Groceries,South,1,603.25,603.25,51.27
ORD009121,2025-11-25,Running Shoes,Sports,Central,2,9093.83,18187.66,4031.85
ORD006530,2025-11-25,Jeans,Clothing,West,1,4158.01,4158.01,1118.22
ORD003146,2025-11-25,Headphones,Electronics,Central,1,18280.57,18280.57,2316.74
ORD000594,2025-11-25,Spices Pack,Groceries,North,2,1406.98,2813.96,159.79
ORD009774,2025-11-25,Wardrobe,Furniture,Central,4,19093.31,76373.24,12450.31
ORD008395,2025-11-25,Bookshelf,Furniture,North,3,26590.06,79770.18,19409.73
ORD003519,2025-11-25,Smartphone,Electronics,East,2,27077.63,54155.26,7247.92
ORD004945,2025-11-25,Tablet,Electronics,Central,1,21250.95,21250.95,2454.72
ORD004466,2025-11-25,Dress,Clothing,Central,3,2150.48,6451.44,1657.09
ORD006752,2025-11-25,Chair,Furniture,South,3,6598.07,19794.21,2145.63
ORD004260,2025-11-25,Wardrobe,Furniture,East,2,14804.87,29609.74,6719.31
ORD007755,2025-11-25,Snacks,Groceries,Central,1,1009.53,1009.53,69.27
ORD004045,2025-11-25,Headphones,Electronics,West,1,11747.3,11747.3,2186.28
ORD008667,2025-11-25,Cycle,Sports,Central,3,2964.95,8894.85,2944.43
ORD010472,2025-11-25,Snacks,Groceries,South,1,1652.38,1652.38,192.64
ORD010759,2025-11-25,Dumbbell Set,Sports,North,2,3380.58,30370.05,5409.61
ORD007372,2025-11-25,Smartphone,Electronics,East,2,66025.21,132050.42,17337.13
ORD009595,2025-11-25,Yoga Mat,Sports,South,7,3257.23,22800.61,6507.48
ORD002789,2025-11-25,Wardrobe,Furniture,South,3,20205.24,60615.72,14994.66
ORD000194,2025-11-25,Rice,Groceries,South,3,635.87,1907.61,129.23
ORD005946,2025-11-25,Badminton Kit,Sports,Central,3,10282.77,30848.31,4970.52
ORD010671,2025-11-25,Bookshelf,Furniture,North,3,7348.99,22046.97,4296.51
ORD009739,2025-11-25,Smartwatch,Electronics,Central,6,18962.73,113776.38,9714.57
ORD010762,2025-11-25,Smartphone,Electronics,Central,1,22294.07,22294.07,2078.67
ORD007034,2025-11-25,Cooking Oil,Groceries,East,2,1931.88,3863.76,318.59
ORD008260,2025-11-25,Cooking Oil,Groceries,Central,3,1467.41,4402.23,269.22
ORD008689,2025-11-26,Spices Pack,Groceries,Central,1,782.43,782.43,76.67
ORD003313,2025-11-26,Shoes,Clothing,East,1,4146.3,4146.3,1007.22
ORD001472,2025-11-26,Badminton Kit,Sports,Central,1,4800.12,4800.12,1405.88
ORD000238,2025-11-26,Cycle,Sports,Central,3,8151.67,24455.01,8524.84
ORD008187,2025-11-26,Headphones,Electronics,West,1,37758.5,37758.5,4924.76
ORD006184,2025-11-26,Jeans,Clothing,Central,5,4203.74,21018.7,6071.51
ORD009192,2025-11-26,Jeans,Clothing,West,2,4818.91,9637.82,3215.09
ORD006174,2025-11-26,Dress,Clothing,East,3,1032.82,3098.46,1231.6
ORD008701,2025-11-26,Wardrobe,Furniture,North,6,21711.61,130269.66,27748.3
ORD007484,2025-11-26,Snacks,Groceries,North,6,920.14,5520.84,459.46
ORD003795,2025-11-26,Dumbbell Set,Sports,East,3,8067.0,24201.0,3989.18
ORD008038,2025-11-26,Badminton Kit,Sports,East,1,13201.04,13201.04,2445.01
ORD009863,2025-11-26,Cycle,Sports,South,4,4401.24,17604.96,5106.82
ORD009428,2025-11-26,Smartwatch,Electronics,East,2,35711.32,71422.64,12422.41
ORD010530,2025-11-26,Headphones,Electronics,East,1,68928.71,68928.71,8159.67
ORD000665,2025-11-26,Laptop,Electronics,East,1,55426.96,55426.96,7747.77
ORD009517,2025-11-26,Smartphone,Electronics,South,4,74739.73,298958.92,35892.94
ORD001653,2025-11-26,Cooking Oil,Groceries,East,2,518.21,1036.42,88.15
ORD004223,2025-11-26,Sofa,Furniture,Central,2,7030.46,14060.92,2859.52
ORD012034,2025-11-26,Headphones,Electronics,North,1,17841.56,17841.56,2154.2
ORD004243,2025-11-26,Desk,Furniture,Central,2,22176.42,44352.84,9529.85
ORD011503,2025-11-26,Tablet,Electronics,South,3,60920.99,182762.97,16696.96
ORD007979,2025-11-26,Cooking Oil,Groceries,Central,2,1543.77,3087.54,303.95
ORD010222,2025-11-26,Sofa,Furniture,Central,4,9904.71,39618.84,7946.63
ORD003658,2025-11-26,Smartphone,Electronics,South,2,12781.19,25562.38,5079.81
ORD006847,2025-11-26,Rice,Groceries,Central,1,1549.74,1549.74,103.61
ORD007364,2025-11-26,Desk,Furniture,North,2,18235.32,36470.64,6493.67
ORD004642,2025-11-26,Dumbbell Set,Sports,West,2,10961.92,21923.84,3674.99
ORD000251,2025-11-26,Shoes,Clothing,West,4,3581.36,14325.44,4785.04
ORD001204,2025-11-26,Badminton Kit,Sports,East,6,5786.61,34719.66,6720.98
ORD001243,2025-11-26,Shoes,Clothing,South,5,2474.58,12372.9,5508.99
ORD004784,2025-11-26,Laptop,Electronics,South,4,52699.95,210799.8,39402.58
ORD008416,2025-11-26,Dumbbell Set,Sports,South,6,9075.41,54452.46,8483.55
ORD006500,2025-11-26,Badminton Kit,Sports,Central,5,5813.62,29068.1,4611.44
ORD003599,2025-11-26,Snacks,Groceries,Central,1,349.05,349.05,44.2
ORD007434,2025-11-27,Dairy Bundle,Groceries,North,5,1384.0,6920.0,632.97
ORD001740,2025-11-27,Spices Pack,Groceries,West,3,1028.14,3084.42,278.18
ORD002615,2025-11-27,Badminton Kit,Sports,West,5,2700.27,13501.35,3639.45
ORD000116,2025-11-27,Dumbbell Set,Sports,West,3,12024.76,36074.28,9037.6
ORD002654,2025-11-27,Smartwatch,Electronics,South,3,42342.8,127028.4,16095.14
ORD012043,2025-11-27,Jacket,Clothing,South,6,4903.38,29420.28,6695.63
ORD009342,2025-11-27,Cycle,Sports,Central,4,9461.74,37846.96,6370.03
ORD004324,2025-11-27,T-Shirt,Clothing,Central,3,2368.57,7105.71,1583.04
ORD000292,2025-11-27,Chair,Furniture,South,2,15793.31,31586.62,4716.28
ORD007751,2025-11-27,Smartwatch,Electronics,East,3,77163.26,231489.78,37642.35
ORD010092,2025-11-27,Desk,Furniture,Central,1,27536.85,27536.85,6769.92
ORD003941,2025-11-27,Shoes,Clothing,Central,1,554.02,554.02,174.13
ORD004668,2025-11-27,Cooking Oil,Groceries,East,2,834.34,1668.68,118.69
ORD006407,2025-11-27,Laptop,Electronics,West,4,29440.67,117762.68,10205.18
ORD008308,2025-11-27,Bookshelf,Furniture,Central,8,18031.83,144254.64,21692.75
ORD000835,2025-11-27,Jacket,Clothing,Central,2,846.92,1693.84,684.93
ORD000245,2025-11-27,T-Shirt,Clothing,Central,1,4766.93,4766.93,2014.34
ORD007069,2025-11-27,Dress,Clothing,West,3,1781.82,5345.46,1150.01
ORD000452,2025-11-27,Yoga Mat,Sports,Central,3,3130.81,9392.43,2504.1
ORD004500,2025-11-27,Laptop,Electronics,North,1,15770.57,15770.57,3025.32
ORD011795,2025-11-27,Desk,Furniture,Central,8,27104.83,216838.64,32657.44
ORD008215,2025-11-27,Cycle,Sports,Central,2,6937.04,13874.08,3737.57
ORD012026,2025-11-27,Wardrobe,Furniture,North,1,6495.12,6495.12,952.74
ORD003002,2025-11-27,Jacket,Clothing,North,2,4400.25,8800.5,3109.03
ORD003231,2025-11-27,Smartphone,Electronics,North,3,27096.45,81289.35,13195.78
ORD003211,2025-11-27,Desk,Furniture,East,3,29674.38,89023.14,15115.38
ORD003558,2025-11-27,Badminton Kit,Sports,North,3,7998.21,23994.63,7957.02
ORD009065,2025-11-27,Laptop,Electronics,Central,1,41649.83,41649.83,6948.92
ORD009908,2025-11-27,Jacket,Clothing,South,2,2843.03,5686.06,1587.12
ORD005747,2025-11-27,Smartphone,Electronics,East,2,37930.66,75861.32,13232.86
ORD012181,2025-11-27,Bookshelf,Furniture,East,6,25645.25,153871.5,32220.4
ORD003422,2025-11-27,Chair,Furniture,Central,1,5392.35,5392.35,608.32
ORD002849,2025-11-28,Headphones,Electronics,Central,2,40253.96,80507.92,10357.88
ORD004652,2025-11-28,Cycle,Sports,North,1,12774.75,12774.75,3206.89
ORD001126,2025-11-28,Jacket,Clothing,South,3,741.13,2223.39,950.29
ORD000708,2025-11-28,Badminton Kit,Sports,South,3,8201.96,24605.88,8300.08
ORD003441,2025-11-28,Cooking Oil,Groceries,North,1,1557.74,1557.74,109.96
ORD007848,2025-11-28,Laptop,Electronics,East,5,28538.98,142694.9,20326.13
ORD009383,2025-11-28,Jeans,Clothing,Central,3,4455.6,13366.8,5305.65
ORD004635,2025-11-28,Dairy Bundle,Groceries,East,1,377.43,377.43,29.79
ORD004742,2025-11-28,Badminton Kit,Sports,East,2,9405.66,18811.32,5847.76
ORD007700,2025-11-28,Desk,Furniture,East,5,16825.52,84127.6,17049.92
ORD011645,2025-11-28,T-Shirt,Clothing,Central,2,4758.18,9516.36,2899.08
ORD000768,2025-11-28,Wardrobe,Furniture,South,4,13579.37,54317.48,6424.83
ORD004859,2025-11-28,Cooking Oil,Groceries,Central,1,508.66,508.66,39.26
ORD007712,2025-11-28,Jeans,Clothing,North,2,1314.57,2629.14,992.1
ORD007228,2025-11-28,Rice,Groceries,South,1,807.5,807.5,70.38
ORD006239,2025-11-28,Dumbbell Set,Sports,West,1,3583.04,3583.04,805.71
ORD002941,2025-11-28,Yoga Mat,Sports,Central,1,3461.72,3461.72,953.22
ORD011584,2025-11-28,Sofa,Furniture,North,2,19454.38,38908.76,9131.6
ORD002363,2025-11-28,Desk,Furniture,West,4,8149.78,32599.12,3261.02
ORD010823,2025-11-28,T-Shirt,Clothing,South,8,1329.75,10638.0,4744.48
ORD001531,2025-11-28,Smartwatch,Electronics,West,4,29404.94,117619.76,10709.05
ORD002290,2025-11-28,Rice,Groceries,East,5,1955.47,9777.35,1120.1
ORD004029,2025-11-28,Rice,Groceries,East,5,738.99,3694.95,271.39
ORD006208,2025-11-28,Yoga Mat,Sports,West,3,2570.38,7711.14,1312.63
ORD011071,2025-11-28,Laptop,Electronics,North,3,44637.32,133911.96,15501.24
ORD006216,2025-11-28,Smartwatch,Electronics,Central,2,78989.98,157979.96,13568.33
ORD010227,2025-11-28,Chair,Furniture,Central,2,20213.41,40426.82,8140.84
ORD002223,2025-11-28,Dress,Clothing,West,1,2225.46,2225.46,989.34
ORD006944,2025-11-28,Jeans,Clothing,East,3,3448.73,10346.19,2104.01
ORD006329,2025-11-28,Jacket,Clothing,South,5,3759.13,18795.65,3795.99
ORD002208,2025-11-28,Yoga Mat,Sports,Central,8,6456.44,51651.52,12805.9
ORD004009,2025-11-28,Tablet,Electronics,West,3,42071.35,126214.05,19453.02
ORD003979,2025-11-28,Headphones,Electronics,East,1,56193.08,56193.08,10102.89
ORD001029,2025-11-28,Chair,Furniture,North,1,14944.28,14944.28,2417.46
ORD000360,2025-11-28,Jeans,Clothing,West,1,884.2,884.2,338.4
ORD000282,2025-11-28,Spices Pack,Groceries,North,1,359.11,359.11,18.48
ORD003120,2025-11-28,Smartwatch,Electronics,East,4,70411.15,281644.6,52745.49
ORD008463,2025-11-28,Headphones,Electronics,North,5,38604.91,193024.55,36862.73
ORD010257,2025-11-28,Headphones,Electronics,North,4,79598.97,318395.88,50387.1
ORD008137,2025-11-28,Wardrobe,Furniture,West,1,27977.59,27977.59,5437.4
ORD006140,2025-11-28,Headphones,Electronics,Central,2,56358.29,112716.58,14281.16
ORD004284,2025-11-28,Smartphone,Electronics,Central,4,74170.76,296683.04,55773.19
ORD001148,2025-11-28,Badminton Kit,Sports,East,3,579.83,1739.49,263.59
ORD001300,2025-11-28,Dairy Bundle,Groceries,East,4,640.12,2560.48,162.29
ORD008033,2025-11-28,Sofa,Furniture,Central,7,3494.51,24461.57,4972.47
ORD000623,2025-11-28,Dumbbell Set,Sports,South,1,11534.85,11534.85,3174.9
ORD003508,2025-11-28,Smartphone,Electronics,North,3,44306.97,132920.91,24441.15
ORD001343,2025-11-28,Rice,Groceries,South,2,740.96,1481.92,76.96
ORD007890,2025-11-29,Yoga Mat,Sports,Central,2,981.35,1962.7,685.67
ORD010722,2025-11-29,Headphones,Electronics,North,5,58492.09,292460.45,41588.75
ORD011659,2025-11-29,Jeans,Clothing,South,4,3511.21,14044.84,5110.31
ORD009628,2025-11-29,Cooking Oil,Groceries,North,1,379.06,379.06,32.49
ORD010556,2025-11-29,Badminton Kit,Sports,South,2,13734.04,27468.08,4205.84
ORD008360,2025-11-29,Rice,Groceries,South,8,665.56,5324.48,501.2
ORD011363,2025-11-29,Smartphone,Electronics,North,3,58864.81,176594.43,31641.85
ORD010192,2025-11-29,T-Shirt,Clothing,South,3,1687.09,5061.27,1469.21
ORD003473,2025-11-29,Laptop,Electronics,Central,2,48775.25,97550.5,16739.22
ORD000671,2025-11-29,Dairy Bundle,Groceries,West,5,589.6,2948.0,283.78
ORD001792,2025-11-29,Yoga Mat,Sports,West,8,5740.35,45922.8,14785.26
ORD004017,2025-11-29,T-Shirt,Clothing,West,4,1454.47,5817.88,1322.52
ORD007616,2025-11-29,Smartphone,Electronics,East,3,21452.08,296106.02,45706.84
ORD007147,2025-11-29,Bookshelf,Furniture,Central,2,8082.9,16165.8,1774.53
ORD007233,2025-11-29,Bookshelf,Furniture,West,2,29592.25,59184.5,8940.86
ORD006000,2025-11-29,Jeans,Clothing,South,1,4711.37,4711.37,1315.59
ORD002433,2025-11-29,Yoga Mat,Sports,North,4,5048.7,20194.8,5596.57
ORD000574,2025-11-29,Sofa,Furniture,West,2,24327.93,48655.86,9671.22
ORD006144,2025-11-29,Rice,Groceries,Central,1,1551.62,1551.62,122.96
ORD012106,2025-11-29,Running Shoes,Sports,Central,1,8514.09,8514.09,2766.12
ORD004316,2025-11-29,Shoes,Clothing,East,1,3468.83,3468.83,885.85
ORD012432,2025-11-29,Spices Pack,Groceries,North,2,1197.29,2394.58,297.53
ORD006967,2025-11-29,Badminton Kit,Sports,East,1,1517.85,1517.85,525.27
ORD001354,2025-11-30,Badminton Kit,Sports,Central,2,2243.0,4486.0,911.18
ORD000100,2025-11-30,Jeans,Clothing,North,1,4469.31,4469.31,1765.24
ORD000243,2025-11-30,Headphones,Electronics,Central,1,50070.63,50070.63,9420.24
ORD000142,2025-11-30,Sofa,Furniture,Central,2,12516.32,25032.64,2856.16
ORD012250,2025-11-30,Tablet,Electronics,South,5,53800.07,269000.35,43874.52
ORD000313,2025-11-30,Smartwatch,Electronics,East,1,52514.34,52514.34,6525.94
ORD007741,2025-11-30,Spices Pack,Groceries,North,1,1251.46,1251.46,89.05
ORD009203,2025-11-30,Cycle,Sports,South,2,1303.0,2606.0,417.3
ORD006080,2025-11-30,Dress,Clothing,West,4,2140.97,8563.88,2042.43
ORD003453,2025-11-30,Laptop,Electronics,Central,2,26900.74,53801.48,4642.08
ORD003458,2025-11-30,Desk,Furniture,West,2,10172.28,20344.56,2561.66
ORD008101,2025-11-30,Laptop,Electronics,Central,3,64053.03,192159.09,33130.8
ORD007883,2025-11-30,Smartphone,Electronics,West,1,17808.4,73545.34,7481.74
ORD009164,2025-11-30,Wardrobe,Furniture,West,2,18744.51,37489.02,4715.09
ORD009154,2025-11-30,Jeans,Clothing,East,4,2669.13,10676.52,4076.71
ORD005528,2025-11-30,Headphones,Electronics,South,1,79150.65,79150.65,9621.84
ORD008114,2025-11-30,Chair,Furniture,Central,1,6025.98,6025.98,1418.83
ORD002289,2025-11-30,Jeans,Clothing,North,3,2230.21,6690.63,1688.87
ORD005641,2025-11-30,Yoga Mat,Sports,North,7,4306.02,30142.14,6000.16
ORD004053,2025-11-30,Snacks,Groceries,South,5,1622.23,8111.15,895.78
ORD004047,2025-11-30,Laptop,Electronics,West,5,50182.14,250910.7,49461.88
ORD006241,2025-11-30,Tablet,Electronics,South,5,67770.0,338850.0,61797.22
ORD006240,2025-11-30,Sofa,Furniture,Central,2,9618.36,19236.72,2178.5
ORD003924,2025-11-30,Cooking Oil,Groceries,East,1,1681.11,1681.11,167.1
ORD006134,2025-11-30,Dumbbell Set,Sports,South,1,1071.16,1071.16,238.49
ORD006642,2025-11-30,Bookshelf,Furniture,South,5,19391.51,96957.55,13118.24
ORD008443,2025-11-30,Headphones,Electronics,West,3,46838.11,140514.33,18446.26
ORD003760,2025-11-30,Dairy Bundle,Groceries,North,2,1595.25,3190.5,177.51
ORD003402,2025-11-30,T-Shirt,Clothing,East,2,1331.13,2662.26,841.51
ORD007986,2025-11-30,Dairy Bundle,Groceries,Central,5,1779.36,8896.8,449.48
ORD004216,2025-11-30,Badminton Kit,Sports,Central,1,3386.69,3386.69,906.08
ORD004253,2025-11-30,Jacket,Clothing,South,5,1020.81,5104.05,1956.55
ORD004356,2025-11-30,Headphones,Electronics,Central,4,66029.85,264119.4,30304.99
ORD007771,2025-11-30,Jeans,Clothing,Central,1,2254.21,2254.21,619.9
ORD008310,2025-11-30,Yoga Mat,Sports,West,2,1214.56,2429.12,826.12
ORD008440,2025-11-30,Snacks,Groceries,South,5,531.87,2659.35,200.57
ORD007221,2025-11-30,Bookshelf,Furniture,Central,3,11031.66,33094.98,5416.49
ORD008261,2025-11-30,Wardrobe,Furniture,Central,1,6975.72,6975.72,1521.18
ORD004663,2025-11-30,Jeans,Clothing,West,3,1156.98,3470.94,1511.86
ORD010718,2025-11-30,Spices Pack,Groceries,Central,4,718.48,2873.92,220.59
ORD011118,2025-12-01,Smartwatch,Electronics,Central,2,18662.32,37324.64,5833.42
ORD005927,2025-12-01,Yoga Mat,Sports,Central,2,13270.85,26541.7,8003.16
ORD002157,2025-12-01,Rice,Groceries,West,6,336.26,2017.56,277.44
ORD011258,2025-12-01,Sofa,Furniture,West,5,15431.23,77156.15,17891.76
ORD009417,2025-12-01,Yoga Mat,Sports,South,2,4520.72,9041.44,2947.65
ORD009019,2025-12-01,Laptop,Electronics,Central,4,41497.23,165988.92,27243.44
ORD011535,2025-12-01,Chair,Furniture,Central,4,26665.45,106661.8,12940.42
ORD012419,2025-12-01,Cycle,Sports,Central,3,10037.19,30111.57,9131.62
ORD005427,2025-12-01,Badminton Kit,Sports,Central,4,9574.95,38299.8,11823.85
ORD002590,2025-12-01,Cycle,Sports,Central,3,8306.26,24918.78,8289.13
ORD000762,2025-12-01,Spices Pack,Groceries,Central,5,768.08,3840.4,230.97
ORD011203,2025-12-01,Laptop,Electronics,North,1,29683.92,29683.92,3247.89
ORD005841,2025-12-01,Running Shoes,Sports,Central,1,2881.5,2881.5,568.69
ORD006069,2025-12-01,Dairy Bundle,Groceries,East,1,1549.43,1549.43,171.67
ORD006813,2025-12-01,Dress,Clothing,Central,2,2433.48,4866.96,1469.74
ORD006348,2025-12-01,Running Shoes,Sports,East,4,10971.26,43885.04,11981.26
ORD010565,2025-12-01,Spices Pack,Groceries,South,2,503.14,1006.28,124.62
ORD000052,2025-12-01,Running Shoes,Sports,Central,2,5058.16,10116.32,2546.42
ORD007105,2025-12-01,T-Shirt,Clothing,South,1,4652.23,4652.23,958.13
ORD006261,2025-12-01,Smartwatch,Electronics,Central,3,11926.86,35780.58,6478.62
ORD007786,2025-12-01,Smartphone,Electronics,North,2,70921.32,141842.64,21058.86
ORD000417,2025-12-01,Bookshelf,Furniture,North,8,5944.0,47552.0,6013.33
ORD006446,2025-12-01,Jacket,Clothing,West,2,3401.64,6803.28,2241.08
ORD007779,2025-12-01,Jacket,Clothing,East,3,4618.0,13854.0,5876.7
ORD006948,2025-12-01,Rice,Groceries,Central,2,1150.6,2301.2,275.35
ORD008259,2025-12-01,Yoga Mat,Sports,North,1,7471.33,7471.33,2502.3
ORD010209,2025-12-01,Sofa,Furniture,North,8,24230.28,193842.24,46953.32
ORD006469,2025-12-01,T-Shirt,Clothing,West,2,2922.83,5845.66,1251.87
ORD008702,2025-12-01,Spices Pack,Groceries,North,3,224.98,674.94,85.27
ORD012466,2025-12-01,Dress,Clothing,West,1,2917.24,2917.24,1134.85
ORD006424,2025-12-01,Sofa,Furniture,East,1,28408.57,28408.57,6608.13
ORD003596,2025-12-01,Badminton Kit,Sports,North,4,8618.41,34473.64,8524.68
ORD001477,2025-12-02,Dairy Bundle,Groceries,Central,1,1457.22,1457.22,140.14
ORD006774,2025-12-02,Laptop,Electronics,North,6,49943.72,299662.32,43856.45
ORD003377,2025-12-02,Jacket,Clothing,East,1,1730.25,1730.25,383.45
ORD007234,2025-12-02,Yoga Mat,Sports,South,2,5023.59,10047.18,3327.54
ORD007871,2025-12-02,Smartphone,Electronics,South,4,37064.5,148258.0,24539.57
ORD000794,2025-12-02,Dairy Bundle,Groceries,Central,2,1420.77,2841.54,256.97
ORD004639,2025-12-02,T-Shirt,Clothing,North,2,1664.33,3328.66,1116.09
ORD009735,2025-12-02,Jacket,Clothing,West,2,2184.2,4368.4,1316.36
ORD002748,2025-12-02,Jeans,Clothing,Central,1,2529.84,2529.84,717.07
ORD000015,2025-12-02,Running Shoes,Sports,South,2,9090.01,18180.02,2895.9
ORD004463,2025-12-02,Wardrobe,Furniture,North,1,6410.02,6410.02,1212.45
ORD009404,2025-12-02,Badminton Kit,Sports,East,1,14794.32,14794.32,2977.63
ORD000675,2025-12-02,Laptop,Electronics,East,2,79110.77,158221.54,13419.26
ORD000349,2025-12-02,Tablet,Electronics,West,1,28781.4,28781.4,4309.97
ORD009212,2025-12-02,Laptop,Electronics,South,2,51012.72,102025.44,16567.88
ORD006159,2025-12-02,Badminton Kit,Sports,East,3,6584.99,19754.97,3706.72
ORD001927,2025-12-02,Desk,Furniture,East,3,19158.28,57474.84,13838.35
ORD001965,2025-12-02,Jacket,Clothing,Central,5,3533.81,17669.05,4065.59
ORD000528,2025-12-02,Chair,Furniture,Central,2,29942.16,59884.32,9138.75
ORD010060,2025-12-02,Badminton Kit,Sports,North,6,1632.76,9796.56,2169.64
ORD001991,2025-12-02,Desk,Furniture,Central,1,25306.18,25306.18,5588.8
ORD011226,2025-12-02,Running Shoes,Sports,South,2,4626.42,9252.84,2165.08
ORD009067,2025-12-02,Chair,Furniture,Central,4,13488.56,53954.24,9479.42
ORD003382,2025-12-02,Cooking Oil,Groceries,East,3,411.72,1235.16,96.98
ORD007711,2025-12-02,Dress,Clothing,South,4,1813.93,7255.72,2696.26
ORD007391,2025-12-02,Smartwatch,Electronics,Central,1,72500.1,72500.1,14119.19
ORD000637,2025-12-02,Dumbbell Set,Sports,East,1,11807.84,11807.84,1864.74
ORD008569,2025-12-02,Bookshelf,Furniture,Central,6,17771.41,106628.46,21841.28
ORD007378,2025-12-02,Jeans,Clothing,East,4,2367.16,9468.64,3720.92
ORD003750,2025-12-02,Cycle,Sports,North,2,3586.33,7172.66,2035.25
ORD012383,2025-12-02,Smartphone,Electronics,East,3,59411.51,178234.53,32879.19
ORD011860,2025-12-02,T-Shirt,Clothing,West,2,1724.06,3448.12,773.78
ORD010214,2025-12-03,Laptop,Electronics,South,6,45075.58,270453.48,22999.97
ORD011084,2025-12-03,Headphones,Electronics,Central,1,24378.25,24378.25,3147.41
ORD004392,2025-12-03,Badminton Kit,Sports,Central,1,4978.48,4978.48,1402.79
ORD004252,2025-12-03,Yoga Mat,Sports,South,8,4569.22,188313.32,64863.76
ORD001042,2025-12-03,Wardrobe,Furniture,North,8,14990.08,119920.64,28347.2
ORD004064,2025-12-03,Bookshelf,Furniture,South,5,5554.21,27771.05,6666.23
ORD003047,2025-12-03,Headphones,Electronics,East,5,32388.77,161943.85,23910.76
ORD012372,2025-12-03,Headphones,Electronics,Central,1,17233.87,17233.87,2943.23
ORD002573,2025-12-03,Cycle,Sports,Central,4,6393.04,25572.16,8335.69
ORD011312,2025-12-03,Running Shoes,Sports,North,6,3986.5,23919.0,4042.32
ORD000422,2025-12-03,Shoes,Clothing,Central,1,1136.77,1136.77,500.48
ORD012385,2025-12-03,Dairy Bundle,Groceries,South,1,769.87,769.87,113.98
ORD000882,2025-12-03,Smartwatch,Electronics,West,2,15061.95,30123.9,4174.84
ORD005915,2025-12-03,Laptop,Electronics,Central,2,19861.35,39722.7,3378.74
ORD006728,2025-12-03,Jacket,Clothing,West,8,2277.21,18217.68,7436.65
ORD006792,2025-12-03,Smartwatch,Electronics,East,1,22707.06,22707.06,3905.74
ORD005773,2025-12-03,Bookshelf,Furniture,West,4,14617.46,58469.84,9564.79
ORD011419,2025-12-03,Dairy Bundle,Groceries,North,5,181.48,907.4,62.66
ORD008578,2025-12-03,Jeans,Clothing,West,1,3996.29,3996.29,1132.96
ORD005550,2025-12-03,Headphones,Electronics,North,2,60656.85,121313.7,24107.46
ORD002001,2025-12-03,Snacks,Groceries,North,3,1186.79,3560.37,464.78
ORD006467,2025-12-03,Cycle,Sports,South,8,8238.95,65911.6,14348.7
ORD009201,2025-12-03,Shoes,Clothing,East,2,4050.35,8100.7,2777.42
ORD001628,2025-12-03,Bookshelf,Furniture,Central,3,11441.78,34325.34,4168.0
ORD011200,2025-12-03,Laptop,Electronics,South,3,78291.43,234874.29,36388.4
ORD009358,2025-12-03,Snacks,Groceries,South,5,247.21,1236.05,149.97
ORD005223,2025-12-03,Tablet,Electronics,West,1,27199.25,27199.25,4513.2
ORD005517,2025-12-03,Spices Pack,Groceries,Central,1,889.85,889.85,109.3
ORD011159,2025-12-03,Running Shoes,Sports,West,1,10973.03,10973.03,2600.55
ORD001638,2025-12-03,Smartwatch,Electronics,South,1,68200.47,68200.47,12178.33
ORD008537,2025-12-04,Bookshelf,Furniture,West,1,19231.36,19231.36,2850.81
ORD006539,2025-12-04,Snacks,Groceries,South,8,1652.24,13217.92,1524.77
ORD006899,2025-12-04,Dairy Bundle,Groceries,North,4,1933.28,7733.12,836.25
ORD008394,2025-12-04,Dumbbell Set,Sports,Central,3,5760.89,17282.67,4711.63
ORD010705,2025-12-04,Tablet,Electronics,South,2,75229.83,150459.66,18299.08
ORD006809,2025-12-04,Tablet,Electronics,West,5,15909.9,79549.5,10417.96
ORD007583,2025-12-04,Headphones,Electronics,West,2,29498.39,58996.78,5845.15
ORD006901,2025-12-04,Spices Pack,Groceries,Central,2,1799.87,3599.74,184.17
ORD009407,2025-12-04,Rice,Groceries,East,3,579.25,1737.75,99.23
ORD006247,2025-12-04,Shoes,Clothing,East,3,1878.8,5636.4,1316.44
ORD006034,2025-12-04,Running Shoes,Sports,West,4,5305.22,21220.88,7330.72
ORD003828,2025-12-04,Chair,Furniture,West,3,23067.46,69202.38,14739.9
ORD008896,2025-12-04,Chair,Furniture,West,5,27150.68,135753.4,23087.37
ORD010076,2025-12-04,Laptop,Electronics,East,6,13608.35,81650.1,7079.6
ORD007409,2025-12-04,T-Shirt,Clothing,North,5,2399.59,11997.95,3487.61
ORD005700,2025-12-04,Spices Pack,Groceries,West,2,713.35,1426.7,149.16
ORD005599,2025-12-04,Shoes,Clothing,West,3,4225.65,12676.95,3572.02
ORD004127,2025-12-04,Spices Pack,Groceries,North,2,120.27,240.54,27.01
ORD009213,2025-12-04,Wardrobe,Furniture,East,1,8168.99,8168.99,1299.83
ORD005191,2025-12-04,Jacket,Clothing,East,6,4006.33,24037.98,9062.46
ORD009325,2025-12-04,Dairy Bundle,Groceries,Central,4,369.51,1478.04,176.13
ORD009888,2025-12-04,Bookshelf,Furniture,East,1,21880.64,21880.64,3896.04
ORD006311,2025-12-04,Rice,Groceries,East,1,1497.29,1497.29,203.58
ORD005991,2025-12-04,Sofa,Furniture,East,1,5971.21,5971.21,600.48
ORD000878,2025-12-04,Bookshelf,Furniture,North,7,29324.47,205271.29,45207.01
ORD002395,2025-12-04,Running Shoes,Sports,West,2,7647.88,15295.76,3304.36
ORD002004,2025-12-04,Smartwatch,Electronics,West,2,33997.38,67994.76,8772.32
ORD011459,2025-12-04,Jeans,Clothing,West,2,4885.5,9771.0,4244.97
ORD002129,2025-12-04,Laptop,Electronics,Central,3,79837.96,239513.88,32144.86
ORD010970,2025-12-04,Laptop,Electronics,Central,6,61765.99,370595.94,67335.33
ORD001802,2025-12-04,Running Shoes,Sports,East,1,3186.42,3186.42,655.54
ORD011183,2025-12-04,Running Shoes,Sports,North,4,10280.3,41121.2,10000.53
ORD005287,2025-12-05,Sofa,Furniture,East,7,10310.41,72172.87,11052.54
ORD009304,2025-12-05,Cycle,Sports,Central,8,12593.1,100744.8,18559.44
ORD005136,2025-12-05,Wardrobe,Furniture,Central,1,12757.44,12757.44,2103.07
ORD007990,2025-12-05,Sofa,Furniture,East,1,6973.35,6973.35,863.82
ORD006219,2025-12-05,Yoga Mat,Sports,South,2,7508.64,15017.28,3248.81
ORD006441,2025-12-05,Smartphone,Electronics,South,3,62370.3,187110.9,33015.76
ORD000734,2025-12-05,Dairy Bundle,Groceries,West,1,1956.63,1956.63,177.45
ORD007119,2025-12-05,Yoga Mat,Sports,North,2,14116.68,28233.36,5770.27
ORD005118,2025-12-05,Cooking Oil,Groceries,South,4,1619.2,6476.8,699.9
ORD000389,2025-12-05,Bookshelf,Furniture,South,2,8419.04,16838.08,3508.01
ORD009227,2025-12-05,Wardrobe,Furniture,West,2,20583.97,41167.94,4502.34
ORD001235,2025-12-05,Cycle,Sports,South,7,7395.42,51767.94,13387.44
ORD011716,2025-12-05,Sofa,Furniture,South,1,27206.06,27206.06,4747.97
ORD003077,2025-12-05,Wardrobe,Furniture,North,1,3409.04,3409.04,373.07
ORD003072,2025-12-05,Dairy Bundle,Groceries,West,1,305.96,305.96,42.1
ORD008912,2025-12-05,Headphones,Electronics,East,5,56727.19,283635.95,37349.42
ORD005936,2025-12-05,Cooking Oil,Groceries,Central,6,1975.14,11850.84,1064.26
ORD002376,2025-12-05,Sofa,Furniture,South,2,11554.84,23109.68,3850.71
ORD012301,2025-12-05,Bookshelf,Furniture,East,2,17957.46,35914.92,6242.73
ORD000632,2025-12-05,Smartwatch,Electronics,West,2,30346.06,60692.12,8170.76
ORD008143,2025-12-05,Snacks,Groceries,North,3,443.54,1330.62,152.59
ORD005464,2025-12-05,Snacks,Groceries,West,8,1685.5,13484.0,1240.92
ORD006072,2025-12-05,Yoga Mat,Sports,North,8,10217.69,81741.52,15125.04
ORD000658,2025-12-05,Tablet,Electronics,West,1,40566.92,40566.92,6378.31
ORD005396,2025-12-05,Desk,Furniture,South,4,24026.27,96105.08,14496.53
ORD002332,2025-12-05,Cycle,Sports,South,2,7183.03,14366.06,4535.97
ORD011513,2025-12-05,Tablet,Electronics,South,3,35349.53,106048.59,18199.36
ORD001310,2025-12-05,Rice,Groceries,West,3,1701.15,5103.45,415.09
ORD012009,2025-12-05,Dumbbell Set,Sports,East,1,3157.21,3157.21,961.23
ORD012342,2025-12-05,Jeans,Clothing,West,2,4288.73,8577.46,2273.08
ORD006960,2025-12-05,Badminton Kit,Sports,West,2,13917.28,27834.56,6662.67
ORD006977,2025-12-05,Wardrobe,Furniture,Central,5,29182.15,145910.75,31818.05
ORD004105,2025-12-05,Smartphone,Electronics,West,3,29989.77,89969.31,8899.7
ORD004376,2025-12-05,Cooking Oil,Groceries,East,3,1258.45,3775.35,262.95
ORD002184,2025-12-05,Dress,Clothing,North,5,676.5,3382.5,1050.13
ORD006826,2025-12-05,Jacket,Clothing,South,2,2412.57,4825.14,1256.55
ORD007064,2025-12-05,Smartphone,Electronics,West,4,57719.79,230879.16,21627.71
ORD009561,2025-12-05,Smartphone,Electronics,North,4,19003.63,76014.52,6379.76
ORD011617,2025-12-05,Bookshelf,Furniture,South,2,15959.61,31919.22,4963.74
ORD006829,2025-12-05,Running Shoes,Sports,South,3,5741.44,17224.32,3941.38
ORD000837,2025-12-05,Smartphone,Electronics,South,1,70500.08,70500.08,12458.14
ORD010922,2025-12-05,Dress,Clothing,Central,5,2485.51,12427.55,3403.95
ORD012211,2025-12-06,Shoes,Clothing,West,1,4702.43,4702.43,1886.68
ORD008709,2025-12-06,Tablet,Electronics,East,5,46189.57,230947.85,29471.03
ORD000678,2025-12-06,Sofa,Furniture,East,3,15626.73,46880.19,10829.96
ORD010359,2025-12-06,T-Shirt,Clothing,North,2,813.96,1627.92,490.38
ORD006138,2025-12-06,Dress,Clothing,North,2,1849.65,3699.3,1101.24
ORD008283,2025-12-06,Running Shoes,Sports,South,3,13592.33,40776.99,13525.29
ORD005317,2025-12-06,Snacks,Groceries,West,1,517.78,517.78,44.96
ORD012425,2025-12-06,Headphones,Electronics,North,1,8233.85,8233.85,936.61
ORD006999,2025-12-06,Jacket,Clothing,North,4,4603.75,18415.0,5975.38
ORD009820,2025-12-06,Dress,Clothing,North,2,2205.97,4411.94,1133.01
ORD005544,2025-12-06,Sofa,Furniture,East,8,27338.03,218704.24,40241.71
ORD002247,2025-12-06,Desk,Furniture,Central,1,17886.95,17886.95,3925.05
ORD000072,2025-12-06,Shoes,Clothing,East,4,2637.07,10548.28,2903.09
ORD009835,2025-12-06,Smartwatch,Electronics,West,3,20275.82,60827.46,11086.28
ORD003067,2025-12-06,Wardrobe,Furniture,East,1,17110.53,17110.53,1909.92
ORD007820,2025-12-06,Running Shoes,Sports,South,4,12599.52,50398.08,15144.81
ORD005862,2025-12-06,Dumbbell Set,Sports,East,1,7654.94,7654.94,2024.19
ORD010567,2025-12-06,Dairy Bundle,Groceries,Central,1,936.69,936.69,107.51
ORD001952,2025-12-06,Wardrobe,Furniture,East,5,27621.7,138108.5,19014.14
ORD002416,2025-12-06,Headphones,Electronics,South,3,65343.72,196031.16,33077.57
ORD003590,2025-12-06,Smartphone,Electronics,South,2,23158.05,46316.1,6492.27
ORD002457,2025-12-06,Jeans,Clothing,North,6,2812.43,16874.58,4199.48
ORD004666,2025-12-06,Jacket,Clothing,West,7,3569.69,24987.83,9781.39
ORD003615,2025-12-06,Smartwatch,Electronics,South,3,76214.82,228644.46,29907.37
ORD007756,2025-12-06,Cycle,Sports,West,2,4734.2,9468.4,2893.78
ORD000096,2025-12-06,Snacks,Groceries,Central,1,276.9,276.9,38.69
ORD000755,2025-12-06,Shoes,Clothing,North,1,3157.15,3157.15,1235.14
ORD002707,2025-12-06,Wardrobe,Furniture,West,1,22621.25,22621.25,2437.41
ORD009456,2025-12-06,Yoga Mat,Sports,South,1,7243.79,7243.79,1903.24
ORD008184,2025-12-06,Jeans,Clothing,Central,1,3376.25,3376.25,889.95
ORD002313,2025-12-06,Snacks,Groceries,West,1,1895.55,1895.55,224.16
ORD010171,2025-12-06,Laptop,Electronics,Central,2,78649.61,157299.22,17902.27
ORD008548,2025-12-06,Chair,Furniture,East,6,26120.54,156723.24,37621.2
ORD005006,2025-12-06,Wardrobe,Furniture,East,3,26810.07,80430.21,16838.47
ORD004985,2025-12-06,Dumbbell Set,Sports,East,3,11369.57,34108.71,6043.29
ORD003290,2025-12-06,Bookshelf,Furniture,Central,3,12373.76,37121.28,6879.99
ORD004674,2025-12-06,Desk,Furniture,North,4,23067.27,92269.08,21183.64
ORD002571,2025-12-07,Tablet,Electronics,Central,6,49447.9,296687.4,28225.01
ORD004934,2025-12-07,Dumbbell Set,Sports,South,1,6703.44,6703.44,1270.28
ORD003038,2025-12-07,Snacks,Groceries,North,2,683.47,1366.94,73.15
ORD005883,2025-12-07,Cycle,Sports,North,1,6759.89,6759.89,1871.21
ORD006887,2025-12-07,Dress,Clothing,West,1,3910.76,3910.76,1567.23
ORD000212,2025-12-07,Headphones,Electronics,East,6,14566.84,87401.04,12177.63
ORD001302,2025-12-07,Dumbbell Set,Sports,East,1,11355.36,11355.36,2424.57
ORD006705,2025-12-07,Dairy Bundle,Groceries,North,1,449.85,2165.88,290.31
ORD009078,2025-12-07,Rice,Groceries,North,5,705.96,3529.8,329.04
ORD009870,2025-12-07,Sofa,Furniture,North,4,21913.8,87655.2,13730.69
ORD007148,2025-12-07,Sofa,Furniture,Central,2,23846.35,47692.7,10176.72
ORD005779,2025-12-07,Badminton Kit,Sports,South,2,12983.49,25966.98,8162.18
ORD005609,2025-12-07,Smartphone,Electronics,North,1,39120.35,39120.35,6265.2
ORD001138,2025-12-07,Dress,Clothing,Central,3,4767.5,14302.5,5008.2
ORD004957,2025-12-07,Snacks,Groceries,East,4,284.21,1136.84,125.78
ORD002721,2025-12-07,Headphones,Electronics,East,1,41143.69,41143.69,4365.78
ORD005572,2025-12-07,Headphones,Electronics,South,2,23565.58,47131.16,8133.81
ORD005436,2025-12-07,Spices Pack,Groceries,West,8,225.1,1800.8,202.08
ORD009706,2025-12-07,Wardrobe,Furniture,Central,4,17914.16,71656.64,7740.34
ORD007287,2025-12-07,Chair,Furniture,East,6,16905.83,101434.98,23112.3
ORD005044,2025-12-07,Smartphone,Electronics,North,1,59564.52,59564.52,7743.98
ORD007765,2025-12-07,Dumbbell Set,Sports,North,1,8147.82,8147.82,2060.67
ORD006056,2025-12-07,Smartphone,Electronics,North,3,15995.78,47987.34,8001.0
ORD005337,2025-12-07,Laptop,Electronics,East,1,22730.74,22730.74,2313.56
ORD006274,2025-12-07,Rice,Groceries,South,1,1250.58,1250.58,147.55
ORD004717,2025-12-07,Laptop,Electronics,South,8,58482.16,467857.28,53746.11
ORD004078,2025-12-08,Shoes,Clothing,West,5,4036.84,20184.2,4951.44
ORD002027,2025-12-08,Yoga Mat,Sports,South,1,12437.46,12437.46,3249.14
ORD007269,2025-12-08,Laptop,Electronics,Central,2,52030.27,104060.54,11315.1
ORD007699,2025-12-08,Desk,Furniture,Central,4,12221.42,48885.68,10771.14
ORD007217,2025-12-08,Dairy Bundle,Groceries,East,2,140.05,280.1,38.06
ORD007466,2025-12-08,Yoga Mat,Sports,South,5,2342.27,11711.35,2933.77
ORD005330,2025-12-08,Laptop,Electronics,North,1,40120.23,40120.23,5928.9
ORD010429,2025-12-08,Wardrobe,Furniture,Central,5,16431.83,82159.15,13960.31
ORD003763,2025-12-08,Laptop,Electronics,Central,1,33548.89,33548.89,5150.5
ORD004699,2025-12-08,Smartphone,Electronics,North,2,8666.18,17332.36,2344.51
ORD000084,2025-12-08,Cooking Oil,Groceries,West,2,709.48,1418.96,97.41
ORD000073,2025-12-08,Shoes,Clothing,East,2,1638.75,3277.5,685.72
ORD004095,2025-12-08,Spices Pack,Groceries,South,6,1088.3,6529.8,564.71
ORD009029,2025-12-08,Spices Pack,Groceries,East,4,1789.26,7157.04,662.41
ORD010445,2025-12-08,Snacks,Groceries,East,2,1780.05,3560.1,320.72
ORD002824,2025-12-08,Smartwatch,Electronics,North,1,9915.8,9915.8,1668.11
ORD007144,2025-12-08,Cooking Oil,Groceries,North,1,232.44,232.44,31.61
ORD006772,2025-12-08,Running Shoes,Sports,Central,8,1263.76,10110.08,3314.38
ORD006762,2025-12-08,Smartwatch,Electronics,East,2,17301.24,34602.48,6328.44
ORD010883,2025-12-08,Snacks,Groceries,East,2,1232.65,2465.3,364.41
ORD006443,2025-12-08,Rice,Groceries,East,1,316.48,316.48,18.48
ORD010895,2025-12-08,Smartphone,Electronics,Central,2,58907.55,117815.1,15347.16
ORD008430,2025-12-08,T-Shirt,Clothing,North,1,4186.95,4186.95,1135.32
ORD007141,2025-12-08,Headphones,Electronics,West,8,72310.87,578486.96,90466.88
ORD008979,2025-12-08,Yoga Mat,Sports,West,2,5187.08,10374.16,3502.7
ORD000225,2025-12-08,Cycle,Sports,Central,2,5955.76,11911.52,1985.65
ORD000299,2025-12-08,Rice,Groceries,East,2,1368.36,2736.72,184.0
ORD008224,2025-12-08,Badminton Kit,Sports,West,3,12486.95,37460.85,12043.71
ORD007065,2025-12-08,Cooking Oil,Groceries,East,1,1348.1,1348.1,105.15
ORD006376,2025-12-08,Cycle,Sports,Central,4,910.13,3640.52,645.88
ORD006197,2025-12-08,Headphones,Electronics,South,1,55769.0,55769.0,10292.32
ORD002294,2025-12-09,Wardrobe,Furniture,South,1,13019.55,13019.55,1557.24
ORD002698,2025-12-09,Rice,Groceries,North,2,1464.23,2928.46,255.37
ORD003857,2025-12-09,Smartphone,Electronics,East,5,25069.07,125345.35,16755.26
ORD002306,2025-12-09,Jacket,Clothing,West,3,1894.43,5683.29,1225.36
ORD005382,2025-12-09,Chair,Furniture,South,1,21740.97,21740.97,2913.95
ORD001781,2025-12-09,Snacks,Groceries,South,5,682.28,3411.4,451.12
ORD002043,2025-12-09,Jeans,Clothing,East,2,1327.96,2655.92,570.99
ORD010607,2025-12-09,Dress,Clothing,North,3,3618.21,10854.63,4368.84
ORD002954,2025-12-09,Cooking Oil,Groceries,Central,2,949.06,1898.12,242.58
ORD008982,2025-12-09,Laptop,Electronics,East,1,39234.18,39234.18,4828.8
ORD005156,2025-12-09,Snacks,Groceries,West,1,1955.19,1955.19,152.75
ORD006338,2025-12-09,Yoga Mat,Sports,South,4,5385.44,21541.76,6476.31
ORD011179,2025-12-09,Cooking Oil,Groceries,East,3,932.46,2797.38,176.63
ORD010779,2025-12-09,Dairy Bundle,Groceries,West,1,333.49,333.49,27.41
ORD002145,2025-12-09,Cooking Oil,Groceries,West,2,756.41,1512.82,197.12
ORD005752,2025-12-09,Sofa,Furniture,Central,1,20934.54,20934.54,3163.99
ORD004894,2025-12-09,Snacks,Groceries,West,1,269.49,269.49,19.16
ORD001119,2025-12-09,Laptop,Electronics,West,2,72245.78,144491.56,14772.76
ORD008314,2025-12-09,Dress,Clothing,South,2,2611.43,5222.86,2002.02
ORD007020,2025-12-09,Shoes,Clothing,North,1,2762.68,2762.68,645.69
ORD008141,2025-12-09,Shoes,Clothing,South,1,1670.77,1670.77,664.77
ORD009009,2025-12-09,Headphones,Electronics,North,2,45856.8,91713.6,17124.29
ORD009016,2025-12-09,Tablet,Electronics,South,5,44559.96,222799.8,34557.13
ORD007179,2025-12-09,Dress,Clothing,Central,2,4921.31,9842.62,2777.67
ORD008859,2025-12-09,Rice,Groceries,West,4,751.49,3005.96,248.5
ORD005710,2025-12-09,Desk,Furniture,West,2,23220.03,46440.06,8337.72
ORD010990,2025-12-09,Cooking Oil,Groceries,West,2,1910.49,3820.98,242.72
ORD004813,2025-12-09,Running Shoes,Sports,South,8,6103.43,48827.44,10549.6
ORD011554,2025-12-09,Rice,Groceries,Central,1,1673.9,1673.9,216.19
ORD007122,2025-12-10,Dumbbell Set,Sports,West,6,12843.69,77062.14,18238.56
ORD009371,2025-12-10,Cycle,Sports,West,3,7799.36,23398.08,5048.65
ORD000189,2025-12-10,Dairy Bundle,Groceries,East,6,1705.26,10231.56,535.39
ORD007313,2025-12-10,Wardrobe,Furniture,West,3,15002.37,45007.11,7985.1
ORD009303,2025-12-10,Desk,Furniture,West,2,11104.13,22208.26,4328.55
ORD010877,2025-12-10,Cycle,Sports,East,2,11390.44,22780.88,4308.82
ORD007972,2025-12-10,Cooking Oil,Groceries,North,2,1219.74,2439.48,156.64
ORD002750,2025-12-10,Jeans,Clothing,East,1,2975.73,2975.73,1065.1
ORD011562,2025-12-10,T-Shirt,Clothing,Central,2,1143.33,2286.66,574.29
ORD003829,2025-12-10,Laptop,Electronics,North,3,59575.42,178726.26,28654.51
ORD007406,2025-12-10,Sofa,Furniture,East,4,9134.19,36536.76,6316.02
ORD000740,2025-12-10,Chair,Furniture,South,4,24338.78,97355.12,16096.45
ORD001408,2025-12-10,Smartwatch,Electronics,North,2,48686.14,97372.28,16805.99
ORD004860,2025-12-10,Snacks,Groceries,North,2,422.44,844.88,102.95
ORD011407,2025-12-10,Badminton Kit,Sports,East,4,1870.67,7482.68,1830.14
ORD007720,2025-12-10,Shoes,Clothing,East,2,3593.09,7186.18,1478.42
ORD004895,2025-12-10,Cycle,Sports,West,3,7780.91,23342.73,3594.84
ORD001245,2025-12-10,Headphones,Electronics,East,3,50388.67,151166.01,18901.74
ORD000466,2025-12-10,Rice,Groceries,East,5,364.78,1823.9,243.48
ORD012129,2025-12-10,Dairy Bundle,Groceries,West,4,1343.58,5374.32,314.21
ORD001510,2025-12-10,Cooking Oil,Groceries,North,4,229.87,919.48,118.04
ORD000398,2025-12-10,Smartphone,Electronics,Central,3,9303.93,27911.79,5154.05
ORD007203,2025-12-10,Badminton Kit,Sports,West,1,8178.66,8178.66,1274.3
ORD011184,2025-12-10,Snacks,Groceries,Central,1,1250.26,1250.26,74.29
ORD008972,2025-12-10,Rice,Groceries,East,1,1274.24,1274.24,137.04
ORD005772,2025-12-10,Cooking Oil,Groceries,West,2,1639.13,3278.26,321.69
ORD005629,2025-12-10,Dumbbell Set,Sports,North,1,860.7,860.7,193.97
ORD009514,2025-12-11,Wardrobe,Furniture,Central,5,7731.37,38656.85,7451.15
ORD010032,2025-12-11,Wardrobe,Furniture,East,3,22877.19,68631.57,14821.32
ORD010606,2025-12-11,Tablet,Electronics,West,2,37396.41,74792.82,11213.41
ORD007649,2025-12-11,Cooking Oil,Groceries,South,4,1810.71,7242.84,520.43
ORD003988,2025-12-11,Cooking Oil,Groceries,South,1,1080.87,1080.87,70.66
ORD000035,2025-12-11,Dairy Bundle,Groceries,North,3,241.65,724.95,107.79
ORD011834,2025-12-11,Wardrobe,Furniture,South,2,16472.52,32945.04,4439.41
ORD000982,2025-12-11,Bookshelf,Furniture,East,2,25514.46,51028.92,8040.88
ORD005245,2025-12-11,Shoes,Clothing,West,1,3249.81,3249.81,911.45
ORD004810,2025-12-11,Chair,Furniture,West,5,22224.71,111123.55,14286.99
ORD008173,2025-12-11,Smartwatch,Electronics,Central,1,32841.49,32841.49,4685.65
ORD010550,2025-12-11,Wardrobe,Furniture,Central,2,15390.22,30780.44,6023.14
ORD000831,2025-12-11,Jacket,Clothing,East,2,3122.79,6245.58,2054.3
ORD010909,2025-12-11,Spices Pack,Groceries,South,3,284.37,853.11,93.42
ORD004529,2025-12-11,Sofa,Furniture,East,2,26055.65,52111.3,6996.12
ORD004448,2025-12-11,Badminton Kit,Sports,North,1,640.66,640.66,114.04
ORD007355,2025-12-11,Laptop,Electronics,North,1,27361.11,27361.11,2372.85
ORD008998,2025-12-11,Dress,Clothing,Central,3,3720.78,11162.34,3967.81
ORD004060,2025-12-11,Sofa,Furniture,South,5,6807.88,34039.4,6109.22
ORD006536,2025-12-11,T-Shirt,Clothing,North,3,2197.55,6592.65,2739.87
ORD005049,2025-12-11,Laptop,Electronics,South,1,50416.55,50416.55,8394.25
ORD007759,2025-12-11,Smartwatch,Electronics,Central,1,12100.25,12100.25,1511.55
ORD009253,2025-12-11,T-Shirt,Clothing,South,1,3249.75,3249.75,1275.41
ORD000447,2025-12-11,T-Shirt,Clothing,West,2,4202.03,8404.06,2515.3
ORD000397,2025-12-11,Tablet,Electronics,West,3,44423.98,133271.94,20440.52
ORD010364,2025-12-11,Laptop,Electronics,Central,4,62158.6,248634.4,26812.25
ORD000141,2025-12-11,Badminton Kit,Sports,North,4,13405.08,53620.32,11667.73
ORD010768,2025-12-11,Dumbbell Set,Sports,South,4,2103.78,8415.12,2721.08
ORD007849,2025-12-11,Running Shoes,Sports,North,7,12859.08,90013.56,26239.65
ORD006524,2025-12-12,Dairy Bundle,Groceries,Central,2,436.43,872.86,92.57
ORD010660,2025-12-12,Running Shoes,Sports,West,3,11513.92,34541.76,7563.99
ORD000216,2025-12-12,Badminton Kit,Sports,Central,3,2573.38,7720.14,2333.81
ORD000797,2025-12-12,Wardrobe,Furniture,South,1,5595.04,5595.04,646.88
ORD003058,2025-12-12,Desk,Furniture,North,4,9552.79,38211.16,7847.04
ORD010529,2025-12-12,Yoga Mat,Sports,North,6,14421.55,86529.3,22535.45
ORD012344,2025-12-12,Jeans,Clothing,West,3,2426.02,7278.06,3003.65
ORD006356,2025-12-12,Running Shoes,Sports,South,3,2794.47,8383.41,1538.55
ORD000222,2025-12-12,Wardrobe,Furniture,North,1,12479.58,12479.58,1941.78
ORD004360,2025-12-12,Jacket,Clothing,North,2,4451.74,8903.48,2884.1
ORD007930,2025-12-12,Jacket,Clothing,Central,3,412.78,1238.34,400.78
ORD004296,2025-12-12,Snacks,Groceries,Central,5,1709.97,8549.85,435.65
ORD010276,2025-12-12,Dumbbell Set,Sports,South,3,8640.16,149290.06,36787.55
ORD002565,2025-12-12,Jeans,Clothing,West,2,1913.39,3826.78,1580.51
ORD011040,2025-12-12,Cycle,Sports,East,4,12799.98,51199.92,11140.0
ORD005938,2025-12-12,Chair,Furniture,Central,2,25117.04,50234.08,12082.1
ORD011805,2025-12-12,Headphones,Electronics,Central,2,59638.79,119277.58,15714.63
ORD006076,2025-12-12,T-Shirt,Clothing,West,3,2318.88,6956.64,2239.06
ORD009435,2025-12-12,Jeans,Clothing,East,3,738.52,2215.56,685.42
ORD001215,2025-12-12,Rice,Groceries,Central,2,696.54,1393.08,193.42
ORD011986,2025-12-12,Chair,Furniture,North,3,29708.3,89124.9,16047.39
ORD003766,2025-12-12,Cycle,Sports,Central,2,1727.41,3454.82,600.64
ORD003476,2025-12-12,Sofa,Furniture,West,1,23076.36,23076.36,3947.58
ORD003600,2025-12-12,Dress,Clothing,South,1,4682.49,4682.49,2045.44
ORD000361,2025-12-12,Jacket,Clothing,Central,4,4710.2,18840.8,4621.8
ORD002147,2025-12-12,Spices Pack,Groceries,East,4,1175.12,4700.48,661.84
ORD011282,2025-12-12,Cooking Oil,Groceries,West,1,1782.68,1782.68,216.2
ORD002153,2025-12-12,Jacket,Clothing,West,4,4193.66,16774.64,3691.2
ORD004038,2025-12-12,Dumbbell Set,Sports,North,4,12582.43,50329.72,10065.53
ORD009191,2025-12-13,Desk,Furniture,North,2,3635.09,7270.18,964.77
ORD004826,2025-12-13,Dumbbell Set,Sports,Central,1,4666.29,4666.29,851.03
ORD005726,2025-12-13,Dairy Bundle,Groceries,East,1,431.13,431.13,48.37
ORD000460,2025-12-13,Tablet,Electronics,North,4,62979.62,251918.48,24389.13
ORD000171,2025-12-13,Headphones,Electronics,East,2,43396.34,86792.68,11874.68
ORD005454,2025-12-13,Smartphone,Electronics,West,4,42114.21,168456.84,21856.01
ORD007024,2025-12-13,Dress,Clothing,North,2,665.99,1331.98,330.23
ORD005673,2025-12-13,Smartphone,Electronics,East,1,34145.27,34145.27,6630.75
ORD005944,2025-12-13,Yoga Mat,Sports,West,2,4035.67,8071.34,1691.55
ORD009773,2025-12-13,Tablet,Electronics,North,5,79915.48,399577.4,41345.5
ORD011514,2025-12-13,Smartwatch,Electronics,Central,1,59386.98,59386.98,9472.39
ORD009758,2025-12-13,Shoes,Clothing,East,4,3501.42,14005.68,5190.53
ORD000667,2025-12-13,Tablet,Electronics,East,2,24448.74,48897.48,9757.98
ORD006300,2025-12-13,Snacks,Groceries,Central,2,1149.21,2298.42,243.09
ORD006491,2025-12-13,Dumbbell Set,Sports,South,2,3164.21,6328.42,1596.64
ORD000627,2025-12-13,Sofa,Furniture,East,2,5284.63,10569.26,1255.39
ORD006703,2025-12-13,Smartphone,Electronics,South,1,27191.61,27191.61,3300.65
ORD009356,2025-12-13,Shoes,Clothing,Central,4,4176.73,16706.92,6263.82
ORD004707,2025-12-13,Dairy Bundle,Groceries,South,4,1532.48,6129.92,374.17
ORD009501,2025-12-13,T-Shirt,Clothing,South,3,2116.82,6350.46,1595.0
ORD005628,2025-12-13,Smartwatch,Electronics,North,3,31652.65,94957.95,18449.77
ORD008652,2025-12-13,Cooking Oil,Groceries,East,8,217.93,1743.44,102.84
ORD005589,2025-12-13,Shoes,Clothing,Central,4,3121.03,12484.12,5545.98
ORD007149,2025-12-13,Dress,Clothing,East,2,4124.09,8248.18,1658.88
ORD009089,2025-12-13,Shoes,Clothing,South,2,1598.98,3197.96,941.23
ORD006398,2025-12-13,Snacks,Groceries,East,2,885.93,1771.86,257.35
ORD003852,2025-12-13,Desk,Furniture,South,3,20052.16,60156.48,9221.59
ORD009971,2025-12-13,Desk,Furniture,Central,4,4575.01,18300.04,3409.43
ORD007863,2025-12-13,Shoes,Clothing,South,1,4633.97,4633.97,985.85
ORD010856,2025-12-13,T-Shirt,Clothing,South,1,3959.32,3959.32,1181.33
ORD010265,2025-12-13,Yoga Mat,Sports,South,5,14082.43,70412.15,17547.2
ORD010412,2025-12-13,Yoga Mat,Sports,East,3,13048.55,39145.65,9875.34
ORD002481,2025-12-13,Sofa,Furniture,East,3,17279.49,51838.47,6770.6
ORD003206,2025-12-13,T-Shirt,Clothing,North,6,524.57,3147.42,906.64
ORD001273,2025-12-13,Dumbbell Set,Sports,East,1,1784.77,1784.77,441.78
ORD004251,2025-12-13,Wardrobe,Furniture,East,1,13885.8,13885.8,2032.86
ORD007716,2025-12-14,Rice,Groceries,Central,3,1268.6,3805.8,562.92
ORD002581,2025-12-14,Badminton Kit,Sports,North,2,9441.02,18882.04,2984.62
ORD007845,2025-12-14,Shoes,Clothing,East,1,1390.33,1390.33,592.18
ORD000985,2025-12-14,Running Shoes,Sports,Central,2,5350.41,10700.82,1661.19
ORD010772,2025-12-14,Running Shoes,Sports,North,3,12970.72,38912.16,6773.55
ORD006038,2025-12-14,Sofa,Furniture,South,2,13320.75,26641.5,6162.16
ORD001087,2025-12-14,Sofa,Furniture,East,2,6896.68,13793.36,3149.86
ORD012479,2025-12-14,Cycle,Sports,South,1,10179.16,10179.16,3511.42
ORD001604,2025-12-14,Sofa,Furniture,West,4,26045.4,104181.6,22112.9
ORD008488,2025-12-14,Running Shoes,Sports,North,1,2898.9,2898.9,811.22
ORD008766,2025-12-14,Chair,Furniture,East,4,20008.52,80034.08,12736.28
ORD005179,2025-12-14,T-Shirt,Clothing,North,2,3995.06,7990.12,2350.99
ORD012271,2025-12-14,Cooking Oil,Groceries,South,1,792.37,792.37,104.39
ORD006482,2025-12-14,Wardrobe,Furniture,South,2,25067.53,50135.06,6513.52
ORD008159,2025-12-14,Wardrobe,Furniture,North,4,14031.62,56126.48,11750.4
ORD007094,2025-12-14,Badminton Kit,Sports,West,2,7154.29,14308.58,4920.93
ORD001199,2025-12-14,Chair,Furniture,West,2,6324.87,63533.02,6595.82
ORD000259,2025-12-14,Cooking Oil,Groceries,East,6,815.28,4891.68,641.08
ORD011983,2025-12-14,T-Shirt,Clothing,West,4,4413.93,17655.72,5684.97
ORD003337,2025-12-14,Yoga Mat,Sports,East,2,4072.05,8144.1,1324.64
ORD001389,2025-12-14,Bookshelf,Furniture,West,1,3229.2,3229.2,403.21
ORD003432,2025-12-14,Dumbbell Set,Sports,Central,3,14387.62,43162.86,7145.29
ORD010318,2025-12-15,Jeans,Clothing,North,4,931.54,3726.16,1109.67
ORD004631,2025-12-15,Laptop,Electronics,East,2,40670.27,81340.54,11455.32
ORD005109,2025-12-15,Running Shoes,Sports,East,1,9526.48,9526.48,2029.25
ORD009241,2025-12-15,Shoes,Clothing,East,2,2165.2,4330.4,1938.61
ORD001918,2025-12-15,Running Shoes,Sports,Central,2,7157.3,14314.6,3015.47
ORD000429,2025-12-15,Dairy Bundle,Groceries,South,3,169.44,508.32,49.41
ORD001400,2025-12-15,Shoes,Clothing,East,2,4911.54,9823.08,2431.48
ORD011450,2025-12-15,Dress,Clothing,South,5,342.27,5134.86,1840.02
ORD003405,2025-12-15,Cooking Oil,Groceries,North,5,734.04,3670.2,299.66
ORD002989,2025-12-15,Smartwatch,Electronics,East,2,11589.93,23179.86,2271.37
ORD001742,2025-12-15,Headphones,Electronics,West,6,27944.9,167669.4,31950.56
ORD011222,2025-12-15,Spices Pack,Groceries,Central,1,522.89,522.89,64.75
ORD002318,2025-12-15,Dumbbell Set,Sports,South,1,2490.85,12953.01,4410.21
ORD000338,2025-12-15,Cycle,Sports,South,1,6450.75,6450.75,2235.03
ORD004062,2025-12-15,Jacket,Clothing,Central,4,854.31,3417.24,1242.97
ORD012045,2025-12-15,Jeans,Clothing,Central,3,1767.16,5301.48,2010.96
ORD007467,2025-12-15,Spices Pack,Groceries,South,3,1166.42,3499.26,293.15
ORD005560,2025-12-15,Smartphone,Electronics,Central,2,62273.85,124547.7,16529.52
ORD006743,2025-12-15,T-Shirt,Clothing,East,1,3970.39,3970.39,1778.25
ORD006915,2025-12-15,Smartwatch,Electronics,Central,2,10501.43,21002.86,2861.6
ORD011103,2025-12-15,Desk,Furniture,South,2,20420.18,40840.36,4479.3
ORD004174,2025-12-15,Jeans,Clothing,North,4,4112.46,16449.84,3424.96
ORD005801,2025-12-15,Smartphone,Electronics,Central,2,35722.97,71445.94,12887.19
ORD010555,2025-12-15,Desk,Furniture,Central,2,6531.2,13062.4,2354.97
ORD004514,2025-12-15,Dairy Bundle,Groceries,Central,6,1172.17,7033.02,432.2
ORD004282,2025-12-15,Wardrobe,Furniture,West,1,20372.09,20372.09,4731.99
ORD004169,2025-12-15,Tablet,Electronics,South,1,75749.54,75749.54,10481.06
ORD005838,2025-12-15,Rice,Groceries,Central,4,170.1,680.4,48.98
ORD002378,2025-12-15,Cooking Oil,Groceries,Central,3,1736.75,5210.25,711.74
ORD004026,2025-12-15,Cooking Oil,Groceries,East,4,341.89,1367.56,92.4
ORD006893,2025-12-15,Bookshelf,Furniture,South,1,9344.84,9344.84,1246.41
ORD005143,2025-12-15,Chair,Furniture,South,1,5052.0,5052.0,587.14
ORD011742,2025-12-15,Dress,Clothing,East,3,3093.98,9281.94,4011.06
ORD005410,2025-12-15,Yoga Mat,Sports,North,1,3424.65,3424.65,808.04
ORD001411,2025-12-15,Chair,Furniture,East,6,27933.43,167600.58,22509.01
ORD005981,2025-12-15,Rice,Groceries,Central,6,1938.84,11633.04,1567.15
ORD010760,2025-12-15,Badminton Kit,Sports,Central,2,2287.07,4574.14,1475.62
ORD007121,2025-12-15,Rice,Groceries,South,2,1631.8,3263.6,453.13
ORD006298,2025-12-16,Tablet,Electronics,East,3,13423.14,40269.42,3373.57
ORD008157,2025-12-16,Laptop,Electronics,Central,2,10605.31,21210.62,2317.03
ORD000722,2025-12-16,Dumbbell Set,Sports,North,5,10252.73,51263.65,12239.2
ORD004850,2025-12-16,Jacket,Clothing,Central,1,2800.35,2800.35,1126.46
ORD003937,2025-12-16,Jacket,Clothing,East,5,4718.85,23594.25,9980.81
ORD004908,2025-12-16,T-Shirt,Clothing,Central,3,4798.4,14395.2,5386.67
ORD001839,2025-12-16,Smartwatch,Electronics,West,4,20491.72,81966.88,10292.6
ORD000379,2025-12-16,Dairy Bundle,Groceries,North,7,1278.14,8946.98,924.64
ORD004030,2025-12-16,Smartwatch,Electronics,West,3,42606.66,127819.98,18689.77
ORD004891,2025-12-16,Smartwatch,Electronics,North,5,34297.58,171487.9,21801.99
ORD006262,2025-12-16,Jacket,Clothing,West,5,3346.39,16731.95,5036.4
ORD009550,2025-12-16,Running Shoes,Sports,Central,2,2068.17,4136.34,1163.15
ORD007215,2025-12-16,Snacks,Groceries,East,6,1138.53,6831.18,401.86
ORD006496,2025-12-16,Rice,Groceries,East,1,1826.52,1826.52,186.01
ORD007022,2025-12-16,Headphones,Electronics,East,2,53133.46,106266.92,9440.14
ORD000624,2025-12-16,Snacks,Groceries,North,1,349.37,349.37,18.6
ORD005681,2025-12-16,Yoga Mat,Sports,West,5,11653.21,58266.05,13737.44
ORD010486,2025-12-16,Bookshelf,Furniture,North,2,29079.24,58158.48,11853.62
ORD008992,2025-12-16,Cycle,Sports,North,2,10995.52,21991.04,4120.1
ORD002206,2025-12-16,Laptop,Electronics,North,3,13526.58,40579.74,3266.77
ORD004184,2025-12-16,Cycle,Sports,South,1,6986.32,6986.32,2151.6
ORD011123,2025-12-16,Running Shoes,Sports,South,2,11886.38,23772.76,3970.21
ORD001769,2025-12-16,Cycle,Sports,East,1,4218.71,4218.71,932.6
ORD004599,2025-12-16,Jeans,Clothing,West,3,3772.26,11316.78,4979.15
ORD008914,2025-12-16,T-Shirt,Clothing,West,2,1323.48,2646.96,646.27
ORD011131,2025-12-16,Dress,Clothing,Central,1,4291.07,4291.07,1488.34
ORD000168,2025-12-16,Cycle,Sports,Central,4,1167.04,4668.16,738.25
ORD001900,2025-12-16,Shoes,Clothing,South,4,1110.86,4443.44,1519.63
ORD002959,2025-12-16,Sofa,Furniture,South,1,29568.13,29568.13,5912.48
ORD006065,2025-12-16,Shoes,Clothing,North,3,3450.24,10350.72,3269.56
ORD000810,2025-12-16,Running Shoes,Sports,South,6,8587.86,51527.16,15258.74
ORD004625,2025-12-16,Dumbbell Set,Sports,Central,1,3391.02,3391.02,717.31
ORD002905,2025-12-17,Headphones,Electronics,South,2,53337.22,106674.44,13861.2
ORD011573,2025-12-17,Headphones,Electronics,South,2,70550.54,141101.08,21013.14
ORD007151,2025-12-17,Smartwatch,Electronics,East,1,19188.88,19188.88,3031.36
ORD000933,2025-12-17,Wardrobe,Furniture,Central,4,29570.75,118283.0,28459.86
ORD010208,2025-12-17,Dress,Clothing,South,2,3232.9,6465.8,1629.84
ORD010278,2025-12-17,Tablet,Electronics,East,1,37475.29,37475.29,6473.36
ORD009399,2025-12-17,Snacks,Groceries,Central,1,1414.67,1414.67,196.65
ORD008109,2025-12-17,Cooking Oil,Groceries,East,4,349.01,1396.04,169.85
ORD009262,2025-12-17,Cycle,Sports,West,4,7180.76,28723.04,9797.32
ORD005884,2025-12-17,Jeans,Clothing,North,4,1507.83,6031.32,1284.95
ORD000475,2025-12-17,Cycle,Sports,West,2,13171.41,26342.82,7098.93
ORD005350,2025-12-17,Jacket,Clothing,East,2,3718.77,7437.54,2176.8
ORD005185,2025-12-17,Shoes,Clothing,West,2,3127.28,6254.56,2198.97
ORD004281,2025-12-17,Smartphone,Electronics,North,2,20278.19,40556.38,7612.04
ORD004974,2025-12-17,Spices Pack,Groceries,East,4,728.69,2914.76,224.38
ORD011876,2025-12-17,Bookshelf,Furniture,East,3,25533.71,76601.13,9769.38
ORD012335,2025-12-17,Desk,Furniture,Central,3,12293.25,36879.75,8466.96
ORD007985,2025-12-17,Tablet,Electronics,North,1,35444.6,35444.6,5893.21
ORD006733,2025-12-17,T-Shirt,Clothing,North,2,3391.56,6783.12,2342.08
ORD000106,2025-12-17,Chair,Furniture,East,3,17364.55,52093.65,10615.87
ORD001666,2025-12-17,Shoes,Clothing,North,1,3216.23,3216.23,1240.06
ORD000315,2025-12-17,Dress,Clothing,South,2,472.41,944.82,248.59
ORD004732,2025-12-17,Bookshelf,Furniture,West,3,22597.99,67793.97,11731.91
ORD008459,2025-12-17,Dairy Bundle,Groceries,North,1,956.18,956.18,79.51
ORD009800,2025-12-17,Smartphone,Electronics,Central,1,60289.47,60289.47,9839.7
ORD002503,2025-12-17,Bookshelf,Furniture,East,3,26350.19,79050.57,8950.12
ORD002406,2025-12-17,Shoes,Clothing,North,5,1093.41,5467.05,2260.55
ORD009559,2025-12-17,Cycle,Sports,East,4,4501.75,18007.0,3349.48
ORD001275,2025-12-17,Bookshelf,Furniture,Central,3,13398.98,40196.94,4417.7
ORD004338,2025-12-17,Desk,Furniture,West,2,3682.05,7364.1,1095.97
ORD006884,2025-12-17,Dairy Bundle,Groceries,North,3,264.52,793.56,86.69
ORD003888,2025-12-17,Jacket,Clothing,West,2,1870.81,3741.62,772.4
ORD002429,2025-12-17,T-Shirt,Clothing,North,1,986.3,986.3,428.56
ORD012474,2025-12-17,Dress,Clothing,West,6,479.54,2877.24,1242.16
ORD001818,2025-12-18,Rice,Groceries,South,2,278.18,556.36,54.86
ORD011149,2025-12-18,Chair,Furniture,South,1,23027.25,23027.25,4758.09
ORD006540,2025-12-18,Dairy Bundle,Groceries,West,3,1694.8,5084.4,734.44
ORD010549,2025-12-18,Smartwatch,Electronics,West,1,64340.41,64340.41,5591.39
ORD001862,2025-12-18,Dress,Clothing,South,2,4696.78,9393.56,2314.89
ORD009904,2025-12-18,Desk,Furniture,North,3,19553.08,58659.24,6025.27
ORD010297,2025-12-18,Jeans,Clothing,North,2,2605.48,5210.96,1930.08
ORD011603,2025-12-18,Dairy Bundle,Groceries,West,2,1479.72,2959.44,364.27
ORD002434,2025-12-18,Cycle,Sports,East,3,5661.39,16984.17,3052.08
ORD009421,2025-12-18,Sofa,Furniture,North,6,28363.01,170178.06,41367.8
ORD010747,2025-12-18,Laptop,Electronics,East,4,60262.26,241049.04,46818.0
ORD002164,2025-12-18,T-Shirt,Clothing,Central,2,403.71,807.42,359.81
ORD008915,2025-12-18,Desk,Furniture,East,3,12033.04,36099.12,7147.39
ORD011700,2025-12-18,Spices Pack,Groceries,West,2,1033.42,2066.84,137.94
ORD006817,2025-12-18,Snacks,Groceries,North,1,372.8,372.8,43.28
ORD008411,2025-12-18,Running Shoes,Sports,North,1,3493.42,3493.42,892.53
ORD000733,2025-12-18,Yoga Mat,Sports,East,2,14991.5,29983.0,4786.56
ORD004411,2025-12-18,Dairy Bundle,Groceries,South,1,259.36,259.36,38.72
ORD010383,2025-12-18,Rice,Groceries,West,2,784.52,1569.04,115.39
ORD003384,2025-12-18,Cycle,Sports,Central,3,14638.76,43916.28,8627.7
ORD007242,2025-12-18,Tablet,Electronics,North,3,8979.52,26938.56,3486.6
ORD009838,2025-12-18,Cycle,Sports,North,1,3442.43,15879.06,3741.9
ORD006193,2025-12-18,Headphones,Electronics,East,1,40839.59,40839.59,4274.91
ORD011234,2025-12-18,Bookshelf,Furniture,South,2,23523.91,47047.82,11518.89
ORD010246,2025-12-18,Desk,Furniture,South,6,29240.4,175442.4,19767.71
ORD005506,2025-12-18,Cycle,Sports,South,4,7933.98,31735.92,9049.48
ORD001265,2025-12-18,Bookshelf,Furniture,South,3,2248.17,6744.51,1683.92
ORD002155,2025-12-18,Rice,Groceries,East,4,1674.44,6697.76,859.64
ORD007876,2025-12-18,Wardrobe,Furniture,Central,4,14790.86,59163.44,13245.39
ORD004563,2025-12-18,Running Shoes,Sports,North,1,6197.79,6197.79,2121.83
ORD005645,2025-12-18,Cycle,Sports,West,3,6885.1,20655.3,6019.45
ORD012353,2025-12-18,Shoes,Clothing,East,1,3412.18,3412.18,1042.23
ORD011448,2025-12-18,Running Shoes,Sports,East,3,11523.93,34571.79,6847.8
ORD008964,2025-12-19,Yoga Mat,Sports,East,2,2915.21,5830.42,931.6
ORD009780,2025-12-19,Jacket,Clothing,South,3,3802.21,11406.63,3245.17
ORD007361,2025-12-19,Jeans,Clothing,East,1,3183.42,3183.42,712.84
ORD003221,2025-12-19,Wardrobe,Furniture,East,1,9528.12,9528.12,982.88
ORD009720,2025-12-19,Running Shoes,Sports,South,2,10796.51,21593.02,7060.18
ORD003275,2025-12-19,Dumbbell Set,Sports,South,1,2594.33,2594.33,618.52
ORD009848,2025-12-19,T-Shirt,Clothing,South,2,3676.51,7353.02,1845.1
ORD011187,2025-12-19,Cooking Oil,Groceries,Central,4,1029.67,4118.68,563.68
ORD006992,2025-12-19,Badminton Kit,Sports,North,1,4248.34,4248.34,879.15
ORD011005,2025-12-19,Bookshelf,Furniture,East,3,17858.69,53576.07,11785.02
ORD001850,2025-12-19,Shoes,Clothing,North,5,4686.06,23430.3,6241.23
ORD006866,2025-12-19,Cycle,Sports,South,2,5433.27,10866.54,2321.38
ORD010780,2025-12-19,Laptop,Electronics,South,3,69343.08,208029.24,26155.45
ORD005151,2025-12-19,Cooking Oil,Groceries,South,3,1831.35,5494.05,725.56
ORD002848,2025-12-19,Yoga Mat,Sports,North,1,11445.0,11445.0,2425.11
ORD010230,2025-12-19,Wardrobe,Furniture,North,1,12809.9,12809.9,2131.32
ORD006503,2025-12-19,Sofa,Furniture,North,3,2282.53,6847.59,1392.62
ORD000677,2025-12-19,Shoes,Clothing,Central,3,2361.49,7084.47,2701.41
ORD000454,2025-12-19,Badminton Kit,Sports,Central,3,12352.93,37058.79,8092.29
ORD001875,2025-12-19,Cycle,Sports,East,1,6334.89,6334.89,2070.99
ORD004115,2025-12-19,Headphones,Electronics,North,3,50431.88,151295.64,21637.83
ORD007947,2025-12-19,Jeans,Clothing,West,1,4315.79,4315.79,1497.55
ORD001914,2025-12-19,Headphones,Electronics,Central,1,41601.9,41601.9,5735.07
ORD012224,2025-12-19,Chair,Furniture,South,2,14305.77,28611.54,3492.41
ORD011055,2025-12-19,Dress,Clothing,South,3,3369.74,10109.22,2455.11
ORD002627,2025-12-19,Wardrobe,Furniture,South,1,21520.66,21520.66,2420.72
ORD001702,2025-12-19,Badminton Kit,Sports,North,2,14983.94,29967.88,6452.92
ORD002828,2025-12-19,Dress,Clothing,South,1,892.72,892.72,207.53
ORD004154,2025-12-19,Jacket,Clothing,South,1,1139.56,1139.56,324.13
ORD011675,2025-12-19,Smartwatch,Electronics,East,1,30745.9,30745.9,4597.89
ORD002410,2025-12-19,Headphones,Electronics,South,1,71949.78,71949.78,7476.04
ORD009572,2025-12-19,Jeans,Clothing,Central,2,3508.79,7017.58,2384.23
ORD009523,2025-12-19,Dumbbell Set,Sports,East,1,7823.42,7823.42,1387.89
ORD012410,2025-12-20,Dress,Clothing,South,1,2534.64,2534.64,765.65
ORD006218,2025-12-20,Shoes,Clothing,North,2,1484.86,2969.72,1302.88
ORD011304,2025-12-20,Bookshelf,Furniture,East,3,25178.49,75535.47,18867.16
ORD001513,2025-12-20,Yoga Mat,Sports,West,2,1320.49,2640.98,593.65
ORD005646,2025-12-20,Desk,Furniture,South,2,18454.73,36909.46,5451.19
ORD008596,2025-12-20,Chair,Furniture,Central,4,7275.0,29100.0,6040.23
ORD007538,2025-12-20,Shoes,Clothing,South,2,4679.41,9358.82,3095.4
ORD008747,2025-12-20,Dress,Clothing,West,1,4632.88,4632.88,989.57
ORD012390,2025-12-20,Jeans,Clothing,West,2,3481.36,6962.72,2329.45
ORD006168,2025-12-20,Jeans,Clothing,West,1,1910.21,1910.21,432.46
ORD006980,2025-12-20,Smartwatch,Electronics,West,1,54555.0,54555.0,6660.41
ORD006146,2025-12-20,Desk,Furniture,West,2,13968.61,27937.22,4513.28
ORD000455,2025-12-20,Dairy Bundle,Groceries,Central,2,592.9,1185.8,104.31
ORD000058,2025-12-20,Laptop,Electronics,North,5,53605.07,268025.35,49470.85
ORD008523,2025-12-20,Desk,Furniture,West,4,4373.86,17495.44,3254.13
ORD008942,2025-12-20,Desk,Furniture,North,1,15480.96,15480.96,3068.75
ORD002559,2025-12-20,Jeans,Clothing,South,2,2441.55,24174.01,7747.87
ORD008406,2025-12-20,Wardrobe,Furniture,South,2,21089.93,42179.86,8562.83
ORD012155,2025-12-20,Snacks,Groceries,East,3,1518.97,4556.91,415.71
ORD008563,2025-12-20,Tablet,Electronics,Central,1,42874.51,42874.51,6382.45
ORD005586,2025-12-20,Wardrobe,Furniture,North,1,25613.31,25613.31,5319.91
ORD002414,2025-12-20,Bookshelf,Furniture,West,1,21354.91,21354.91,2672.25
ORD003733,2025-12-20,Laptop,Electronics,West,3,34888.01,104664.03,13190.19
ORD004786,2025-12-20,Headphones,Electronics,South,1,36955.26,36955.26,3410.5
ORD000868,2025-12-20,Laptop,Electronics,Central,2,17411.15,34822.3,6490.62
ORD009707,2025-12-20,Desk,Furniture,North,3,16273.01,48819.03,7576.6
ORD011011,2025-12-20,Jeans,Clothing,North,8,3799.47,30395.76,9263.35
ORD009722,2025-12-20,Tablet,Electronics,North,1,19731.42,19731.42,2100.95
ORD004540,2025-12-20,Dairy Bundle,Groceries,Central,6,1472.96,8837.76,622.62
ORD003391,2025-12-20,Dress,Clothing,West,3,1968.57,5905.71,1892.63
ORD004765,2025-12-20,Sofa,Furniture,South,4,29688.52,118754.08,28781.29
ORD005543,2025-12-20,Sofa,Furniture,North,2,22116.36,44232.72,7024.35
ORD000979,2025-12-20,Chair,Furniture,South,1,19991.83,19991.83,3262.41
ORD012057,2025-12-20,Yoga Mat,Sports,North,2,7237.37,14474.74,4966.94
ORD008011,2025-12-20,Cooking Oil,Groceries,Central,7,1030.13,7210.91,862.7
ORD010029,2025-12-20,Running Shoes,Sports,Central,1,3823.49,3823.49,683.37
ORD003955,2025-12-20,Laptop,Electronics,East,1,36423.82,36423.82,5065.31
ORD011817,2025-12-20,Desk,Furniture,South,3,14913.67,44741.01,8130.57
ORD003699,2025-12-20,Rice,Groceries,South,2,408.75,817.5,114.04
ORD003489,2025-12-20,Cooking Oil,Groceries,North,1,1522.48,1522.48,202.17
ORD011213,2025-12-20,Desk,Furniture,Central,4,2586.66,10346.64,1113.48
ORD003505,2025-12-21,Cycle,Sports,Central,3,3998.04,11994.12,2298.63
ORD001746,2025-12-21,Badminton Kit,Sports,North,2,1726.2,3452.4,936.88
ORD008882,2025-12-21,Jeans,Clothing,West,2,1942.53,3885.06,1355.22
ORD010791,2025-12-21,Chair,Furniture,East,1,28040.53,92631.19,17956.21
ORD003023,2025-12-21,Yoga Mat,Sports,North,2,10655.04,21310.08,6430.82
ORD008857,2025-12-21,Sofa,Furniture,West,1,26219.12,26219.12,4731.3
ORD001608,2025-12-21,Dumbbell Set,Sports,West,8,3829.17,30633.36,5315.2
ORD010801,2025-12-21,Spices Pack,Groceries,North,2,1917.2,3834.4,524.27
ORD009205,2025-12-21,Jacket,Clothing,East,1,1925.68,1925.68,682.67
ORD009272,2025-12-21,Jacket,Clothing,Central,1,2642.99,2642.99,935.51
ORD003542,2025-12-21,Desk,Furniture,North,2,14117.48,28234.96,4874.14
ORD006008,2025-12-21,Dumbbell Set,Sports,North,5,3554.87,17774.35,4885.42
ORD001418,2025-12-21,Jeans,Clothing,North,3,2169.83,6509.49,2798.32
ORD001555,2025-12-21,Sofa,Furniture,East,2,18504.71,37009.42,7105.58
ORD002979,2025-12-21,Cycle,Sports,Central,1,4979.31,4979.31,1114.1
ORD002978,2025-12-21,T-Shirt,Clothing,Central,3,510.84,1532.52,545.02
ORD011047,2025-12-21,Headphones,Electronics,Central,1,38588.42,38588.42,4334.29
ORD001276,2025-12-21,Cooking Oil,Groceries,East,2,762.76,1525.52,93.21
ORD008155,2025-12-21,Dress,Clothing,Central,1,2032.31,2032.31,617.41
ORD001784,2025-12-21,Sofa,Furniture,East,3,18080.05,54240.15,10852.47
ORD011590,2025-12-21,Rice,Groceries,East,7,1504.18,10529.26,1013.94
ORD005166,2025-12-21,Badminton Kit,Sports,South,1,10824.92,10824.92,2879.35
ORD006305,2025-12-21,Dress,Clothing,Central,1,4371.3,4371.3,1847.34
ORD012229,2025-12-21,Dress,Clothing,Central,2,3249.92,6499.84,1941.99
ORD009574,2025-12-21,Cooking Oil,Groceries,East,1,649.99,649.99,90.36
ORD002622,2025-12-21,Spices Pack,Groceries,North,2,1053.7,2107.4,297.13
ORD003235,2025-12-21,Laptop,Electronics,North,2,75250.38,150500.76,25880.43
ORD009778,2025-12-21,Tablet,Electronics,East,5,75073.59,375367.95,52350.57
ORD007675,2025-12-21,Shoes,Clothing,West,2,1370.13,2740.26,974.3
ORD004692,2025-12-21,Bookshelf,Furniture,North,1,18186.1,18186.1,2844.14
ORD010938,2025-12-21,Shoes,Clothing,Central,2,2502.61,5005.22,1102.97
ORD006984,2025-12-21,Yoga Mat,Sports,West,4,14477.32,57909.28,19465.76
ORD009699,2025-12-21,Smartwatch,Electronics,North,2,64582.76,129165.52,22253.59
ORD010490,2025-12-21,Tablet,Electronics,East,1,28600.07,28600.07,3176.61
ORD004593,2025-12-21,Tablet,Electronics,West,3,58551.0,175653.0,29247.49
ORD001316,2025-12-21,Sofa,Furniture,West,2,19715.93,39431.86,8106.35
ORD002555,2025-12-21,Cycle,Sports,North,1,11615.64,11615.64,3987.12
ORD001095,2025-12-21,Desk,Furniture,Central,1,24076.53,24076.53,4809.23
ORD009114,2025-12-21,Running Shoes,Sports,North,5,11141.94,55709.7,16980.1
ORD011218,2025-12-21,Snacks,Groceries,West,1,201.05,201.05,28.15
ORD011409,2025-12-21,Jacket,Clothing,North,2,2514.02,5028.04,1185.96
ORD004602,2025-12-21,Rice,Groceries,East,1,1238.66,1238.66,120.94
ORD010888,2025-12-21,Tablet,Electronics,South,3,8872.3,26616.9,3791.79
ORD005176,2025-12-22,Sofa,Furniture,West,4,18193.21,72772.84,14800.86
ORD011557,2025-12-22,Yoga Mat,Sports,Central,3,13040.09,39120.27,12575.85
ORD011443,2025-12-22,Badminton Kit,Sports,North,3,14954.1,44862.3,13719.29
ORD004014,2025-12-22,Tablet,Electronics,East,1,67487.65,67487.65,7242.5
ORD008064,2025-12-22,Bookshelf,Furniture,East,2,26884.38,53768.76,8446.26
ORD002554,2025-12-22,Sofa,Furniture,Central,3,12270.35,36811.05,4230.48
ORD000166,2025-12-22,Headphones,Electronics,South,1,33630.03,33630.03,5748.77
ORD003896,2025-12-22,Desk,Furniture,North,2,17370.11,34740.22,4616.91
ORD001261,2025-12-22,Running Shoes,Sports,West,1,10541.72,10541.72,1864.69
ORD010440,2025-12-22,Smartwatch,Electronics,East,1,75667.52,75667.52,8324.64
ORD007033,2025-12-22,Smartwatch,Electronics,North,3,62392.67,187178.01,34746.78
ORD010220,2025-12-22,Bookshelf,Furniture,East,2,6643.24,13286.48,1434.57
ORD011073,2025-12-22,Smartphone,Electronics,North,1,77947.43,77947.43,9501.69
ORD002422,2025-12-22,Cooking Oil,Groceries,North,4,769.42,3077.68,167.15
ORD010124,2025-12-22,Laptop,Electronics,West,5,45853.85,229269.25,24765.99
ORD002902,2025-12-22,Rice,Groceries,Central,1,616.26,616.26,81.1
ORD011153,2025-12-22,Cycle,Sports,North,6,6030.12,36180.72,7939.07
ORD005012,2025-12-22,Headphones,Electronics,West,1,73469.9,73469.9,5950.09
ORD002837,2025-12-22,Smartwatch,Electronics,North,1,54112.2,54112.2,6368.98
ORD005026,2025-12-22,Snacks,Groceries,West,1,1638.83,1638.83,157.36
ORD004321,2025-12-22,Shoes,Clothing,South,2,4187.64,8375.28,2564.93
ORD008615,2025-12-22,Jeans,Clothing,South,5,2770.04,13850.2,3085.36
ORD002982,2025-12-22,Cycle,Sports,North,3,6393.71,19181.13,5838.11
ORD004569,2025-12-22,Snacks,Groceries,Central,3,1355.85,4067.55,334.72
ORD001093,2025-12-22,Running Shoes,Sports,West,4,9970.86,39883.44,13467.08
ORD010568,2025-12-22,Spices Pack,Groceries,Central,6,1433.37,8600.22,581.45
ORD011051,2025-12-22,Chair,Furniture,West,6,2947.64,17685.84,3918.99
ORD004600,2025-12-22,Snacks,Groceries,South,1,1389.24,1389.24,148.73
ORD001182,2025-12-22,Smartphone,Electronics,South,1,29242.93,29242.93,4044.88
ORD008177,2025-12-22,Laptop,Electronics,West,3,8684.45,26053.35,5082.51
ORD002598,2025-12-22,Rice,Groceries,Central,2,489.12,978.24,126.98
ORD003718,2025-12-22,Dairy Bundle,Groceries,East,4,143.79,575.16,80.34
ORD001690,2025-12-22,Smartwatch,Electronics,North,1,14363.72,14363.72,2353.84
ORD000490,2025-12-22,Snacks,Groceries,East,6,1043.1,6258.6,686.47
ORD008028,2025-12-22,Desk,Furniture,North,2,25548.77,51097.54,10948.77
ORD004116,2025-12-22,T-Shirt,Clothing,West,1,1254.07,1254.07,392.48
ORD001201,2025-12-22,Sofa,Furniture,West,3,11536.92,34610.76,3833.38
ORD006850,2025-12-22,Jacket,Clothing,North,4,1364.38,5457.52,1267.7
ORD003598,2025-12-22,Headphones,Electronics,Central,1,66516.77,66516.77,9645.68
ORD005311,2025-12-22,Tablet,Electronics,Central,4,33750.12,135000.48,15510.11
ORD005438,2025-12-22,T-Shirt,Clothing,West,1,4578.04,4578.04,1263.66
ORD005314,2025-12-22,Running Shoes,Sports,West,5,12653.31,63266.55,16135.53
ORD003000,2025-12-22,Snacks,Groceries,South,1,1022.05,1022.05,66.37
ORD012049,2025-12-22,Dairy Bundle,Groceries,West,2,1079.97,2159.94,308.52
ORD000392,2025-12-23,Snacks,Groceries,East,2,578.42,1156.84,97.83
ORD010955,2025-12-23,Sofa,Furniture,Central,4,11588.78,46355.12,10174.89
ORD010832,2025-12-23,Laptop,Electronics,North,4,19560.49,78241.96,13457.16
ORD011967,2025-12-23,T-Shirt,Clothing,Central,2,514.68,1029.36,406.95
ORD006983,2025-12-23,Jeans,Clothing,Central,1,3915.39,3915.39,1490.52
ORD000400,2025-12-23,Headphones,Electronics,South,3,58158.86,174476.58,33272.67
ORD002769,2025-12-23,Tablet,Electronics,South,1,18477.11,18477.11,3422.98
ORD004155,2025-12-23,Shoes,Clothing,West,3,2266.71,6800.13,2224.56
ORD000041,2025-12-23,Spices Pack,Groceries,West,6,1739.9,10439.4,1172.66
ORD002792,2025-12-23,Smartphone,Electronics,North,1,67500.1,67500.1,11082.16
ORD011429,2025-12-23,Spices Pack,Groceries,Central,1,1338.14,1338.14,98.27
ORD006557,2025-12-23,Badminton Kit,Sports,South,3,1823.13,5469.39,1297.83
ORD000791,2025-12-23,Shoes,Clothing,Central,3,1390.15,4170.45,1241.65
ORD003862,2025-12-23,Wardrobe,Furniture,East,4,2149.77,8599.08,1825.03
ORD006162,2025-12-23,Dumbbell Set,Sports,North,2,2534.69,5069.38,1355.92
ORD000081,2025-12-23,Snacks,Groceries,South,2,798.79,1597.58,180.89
ORD009222,2025-12-23,Dumbbell Set,Sports,East,3,14658.03,43974.09,8724.81
ORD001559,2025-12-23,Laptop,Electronics,North,2,61188.07,122376.14,9991.95
ORD009343,2025-12-23,Badminton Kit,Sports,West,1,2140.81,2140.81,367.55
ORD006177,2025-12-23,Jeans,Clothing,Central,1,1487.59,1487.59,419.2
ORD003171,2025-12-23,Wardrobe,Furniture,West,3,8928.96,26786.88,5271.27
ORD010522,2025-12-23,Jacket,Clothing,South,1,4935.37,4935.37,2220.79
ORD002383,2025-12-23,Dairy Bundle,Groceries,West,2,1122.95,2245.9,335.12
ORD001062,2025-12-23,Dumbbell Set,Sports,North,1,14523.34,14523.34,3391.96
ORD009030,2025-12-23,Dumbbell Set,Sports,North,1,6495.99,6495.99,1549.76
ORD003324,2025-12-23,Spices Pack,Groceries,North,5,1807.33,9036.65,1261.75
ORD005949,2025-12-23,Running Shoes,Sports,South,5,1471.91,7359.55,2422.35
ORD001512,2025-12-23,Dumbbell Set,Sports,West,1,10438.94,10438.94,2259.94
ORD011530,2025-12-23,Cooking Oil,Groceries,South,8,512.3,4098.4,255.24
ORD001500,2025-12-24,Dairy Bundle,Groceries,South,3,651.09,1953.27,267.87
ORD008450,2025-12-24,Headphones,Electronics,South,1,75347.52,75347.52,13827.08
ORD000818,2025-12-24,Sofa,Furniture,North,2,27960.98,55921.96,7560.44
ORD001936,2025-12-24,Bookshelf,Furniture,North,2,13067.26,26134.52,3326.06
ORD006570,2025-12-24,Yoga Mat,Sports,North,1,13338.86,13338.86,2178.21
ORD011361,2025-12-24,Running Shoes,Sports,West,4,9022.02,36088.08,9586.16
ORD004141,2025-12-24,Jacket,Clothing,West,6,1877.12,11262.72,5000.7
ORD011314,2025-12-24,T-Shirt,Clothing,South,3,3316.04,9948.12,2803.61
ORD009691,2025-12-24,Headphones,Electronics,North,4,50418.07,201672.28,16441.79
ORD001973,2025-12-24,Chair,Furniture,South,2,4806.88,9613.76,985.3
ORD007844,2025-12-24,Sofa,Furniture,West,4,28040.75,112163.0,13200.01
ORD006797,2025-12-24,Smartwatch,Electronics,North,2,74268.07,148536.14,27553.78
ORD002579,2025-12-24,Dress,Clothing,North,3,1165.01,3495.03,1359.96
ORD010389,2025-12-24,Snacks,Groceries,West,4,796.06,3184.24,303.67
ORD008291,2025-12-24,Jeans,Clothing,North,3,3583.41,10750.23,3609.25
ORD009914,2025-12-24,Smartwatch,Electronics,South,3,26808.86,80426.58,9568.76
ORD003326,2025-12-24,Jacket,Clothing,Central,7,717.23,5020.61,2089.82
ORD012359,2025-12-24,Shoes,Clothing,West,1,2099.12,2099.12,844.27
ORD004320,2025-12-24,Dress,Clothing,West,5,3150.61,15753.05,5530.34
ORD010552,2025-12-24,Badminton Kit,Sports,East,3,6569.75,19709.25,5257.79
ORD012262,2025-12-24,Smartphone,Electronics,North,2,66467.26,132934.52,25357.24
ORD010426,2025-12-24,Wardrobe,Furniture,South,5,9270.91,46354.55,8883.51
ORD007207,2025-12-24,T-Shirt,Clothing,West,7,3169.38,22185.66,5683.75
ORD009391,2025-12-24,Desk,Furniture,South,2,15241.65,30483.3,3928.45
ORD004043,2025-12-24,Jeans,Clothing,North,1,3510.43,3510.43,1281.95
ORD011445,2025-12-24,Running Shoes,Sports,East,4,11037.72,44150.88,12879.36
ORD001852,2025-12-24,Cycle,Sports,East,1,5104.47,5104.47,1631.5
ORD001571,2025-12-24,Laptop,Electronics,West,2,34720.13,69440.26,13227.81
ORD011566,2025-12-24,Sofa,Furniture,Central,3,25508.95,76526.85,10553.14
ORD010765,2025-12-24,T-Shirt,Clothing,West,4,525.12,2100.48,840.12
ORD002077,2025-12-25,Laptop,Electronics,West,1,59273.87,59273.87,7278.33
ORD001353,2025-12-25,Badminton Kit,Sports,South,2,11667.29,23334.58,7267.11
ORD009504,2025-12-25,Spices Pack,Groceries,North,2,1479.74,2959.48,349.9
ORD005524,2025-12-25,Laptop,Electronics,North,2,10900.03,21800.06,2754.87
ORD012128,2025-12-25,Tablet,Electronics,South,1,67086.26,67086.26,10500.32
ORD007882,2025-12-25,Snacks,Groceries,East,2,1148.4,2296.8,129.54
ORD008421,2025-12-25,T-Shirt,Clothing,Central,8,4559.46,36475.68,15050.34
ORD001614,2025-12-25,Dumbbell Set,Sports,West,1,4002.28,4002.28,883.92
ORD002968,2025-12-25,Headphones,Electronics,West,1,36036.06,36036.06,6050.94
ORD002924,2025-12-25,Headphones,Electronics,Central,1,23228.49,23228.49,3909.92
ORD009644,2025-12-25,Yoga Mat,Sports,North,7,9708.24,67957.68,13417.49
ORD011596,2025-12-25,T-Shirt,Clothing,East,2,3767.29,7534.58,1803.98
ORD006737,2025-12-25,Cooking Oil,Groceries,East,5,576.03,2880.15,240.16
ORD011500,2025-12-25,Shoes,Clothing,North,3,3851.18,11553.54,3011.08
ORD007099,2025-12-25,Yoga Mat,Sports,Central,2,2727.66,5455.32,1652.31
ORD002831,2025-12-25,Headphones,Electronics,South,4,21255.3,85021.2,7879.6
ORD006753,2025-12-25,Spices Pack,Groceries,Central,5,329.93,1649.65,235.9
ORD006621,2025-12-25,Rice,Groceries,South,5,546.37,2731.85,164.0
ORD001920,2025-12-25,Desk,Furniture,Central,2,28144.98,56289.96,11403.22
ORD003375,2025-12-25,Headphones,Electronics,South,2,79483.91,158967.82,20498.47
ORD002127,2025-12-25,Jeans,Clothing,East,7,1894.73,13263.11,4330.18
ORD006124,2025-12-25,Dress,Clothing,East,2,455.92,911.84,206.19
ORD011749,2025-12-25,Rice,Groceries,East,2,1457.29,2914.58,301.37
ORD003345,2025-12-25,Desk,Furniture,West,6,17217.56,103305.36,11457.64
ORD004071,2025-12-25,Shoes,Clothing,North,2,865.27,1730.54,650.48
ORD011851,2025-12-25,Dumbbell Set,Sports,East,2,12953.72,25907.44,5445.88
ORD002018,2025-12-25,Spices Pack,Groceries,West,1,396.78,396.78,59.06
ORD011608,2025-12-25,Badminton Kit,Sports,South,1,7745.55,7745.55,1741.21
ORD002731,2025-12-25,Spices Pack,Groceries,Central,1,1620.26,1620.26,120.17
ORD011568,2025-12-25,Spices Pack,Groceries,Central,5,1944.87,9724.35,1020.55
ORD002215,2025-12-25,Spices Pack,Groceries,West,1,440.16,440.16,57.11
ORD006986,2025-12-25,Spices Pack,Groceries,South,1,488.11,488.11,51.02
ORD010998,2025-12-25,Spices Pack,Groceries,North,1,547.23,547.23,52.43
ORD011699,2025-12-25,Dairy Bundle,Groceries,East,1,863.08,863.08,78.82
ORD004218,2025-12-25,T-Shirt,Clothing,North,1,4819.05,4819.05,1261.08
ORD002560,2025-12-26,Cycle,Sports,Central,2,11487.76,22975.52,4741.77
ORD000890,2025-12-26,Running Shoes,Sports,West,3,4192.72,12578.16,4002.05
ORD012363,2025-12-26,Smartwatch,Electronics,West,1,75102.5,75102.5,6379.3
ORD002399,2025-12-26,Badminton Kit,Sports,Central,2,2882.16,5764.32,1767.53
ORD006180,2025-12-26,Sofa,Furniture,Central,5,6068.17,30340.85,5145.03
ORD008226,2025-12-26,Cycle,Sports,North,1,12777.16,12777.16,2320.49
ORD005549,2025-12-26,Cooking Oil,Groceries,South,6,1430.36,8582.16,1138.23
ORD005407,2025-12-26,Dumbbell Set,Sports,East,2,2210.7,4421.4,1400.0
ORD012349,2025-12-26,Smartphone,Electronics,Central,5,56074.24,280371.2,44230.16
ORD005498,2025-12-26,Cycle,Sports,North,1,13120.96,59612.58,13227.38
ORD011303,2025-12-26,Chair,Furniture,West,1,18279.33,18279.33,4503.7
ORD001775,2025-12-26,Cycle,Sports,South,4,4885.08,19540.32,5132.88
ORD009295,2025-12-26,Spices Pack,Groceries,West,2,1521.43,3042.86,209.63
ORD001084,2025-12-26,Yoga Mat,Sports,South,3,9695.06,142458.76,24966.32
ORD005835,2025-12-26,Rice,Groceries,Central,1,1407.42,1407.42,73.35
ORD010628,2025-12-26,Snacks,Groceries,West,1,570.37,570.37,33.79
ORD001736,2025-12-26,Spices Pack,Groceries,North,1,136.38,136.38,17.44
ORD006431,2025-12-26,Cooking Oil,Groceries,Central,2,735.07,1470.14,214.62
ORD000119,2025-12-26,Running Shoes,Sports,East,2,4571.2,9142.4,1415.82
ORD010605,2025-12-26,Dairy Bundle,Groceries,South,2,427.81,855.62,45.19
ORD005354,2025-12-26,Tablet,Electronics,East,2,53105.4,106210.8,15354.85
ORD002605,2025-12-26,Bookshelf,Furniture,South,2,26346.94,52693.88,6697.32
ORD006660,2025-12-26,Rice,Groceries,East,3,1786.42,5359.26,571.51
ORD001754,2025-12-26,Spices Pack,Groceries,South,3,1949.43,5848.29,564.37
ORD012278,2025-12-27,Snacks,Groceries,Central,2,1039.35,2078.7,112.65
ORD007677,2025-12-27,Yoga Mat,Sports,West,2,9840.98,19681.96,6566.66
ORD006615,2025-12-27,Yoga Mat,Sports,East,8,2086.74,16693.92,3407.13
ORD009571,2025-12-27,T-Shirt,Clothing,North,1,4862.75,4862.75,1843.62
ORD005638,2025-12-27,Dairy Bundle,Groceries,East,1,363.67,363.67,29.09
ORD010622,2025-12-27,Cycle,Sports,Central,4,663.41,2653.64,585.05
ORD009821,2025-12-27,Dairy Bundle,Groceries,Central,3,564.15,1692.45,235.68
ORD011959,2025-12-27,Headphones,Electronics,South,4,47220.19,188880.76,27650.58
ORD011605,2025-12-27,Sofa,Furniture,North,5,15753.13,78765.65,15897.47
ORD004308,2025-12-27,Cooking Oil,Groceries,Central,3,542.8,1628.4,236.18
ORD000464,2025-12-27,Dairy Bundle,Groceries,North,1,610.49,610.49,63.59
ORD009542,2025-12-27,Desk,Furniture,South,2,8031.81,16063.62,3603.54
ORD000366,2025-12-27,Sofa,Furniture,Central,4,6599.44,26397.76,5865.22
ORD005561,2025-12-27,Smartphone,Electronics,Central,2,61717.92,123435.84,12908.45
ORD006098,2025-12-27,Sofa,Furniture,North,1,10713.39,10713.39,1793.98
ORD008519,2025-12-27,Spices Pack,Groceries,West,2,299.92,599.84,38.45
ORD009291,2025-12-27,Smartwatch,Electronics,South,1,31046.7,155662.0,25535.76
ORD006472,2025-12-27,Dress,Clothing,West,6,386.24,2317.44,901.3
ORD000760,2025-12-27,Tablet,Electronics,North,7,25530.73,178715.11,34178.22
ORD003672,2025-12-27,Jeans,Clothing,North,1,3561.16,3561.16,1147.87
ORD006791,2025-12-27,Dumbbell Set,Sports,South,6,2729.3,16375.8,2892.71
ORD001024,2025-12-27,Yoga Mat,Sports,North,3,1481.19,4443.57,1295.6
ORD005154,2025-12-27,Running Shoes,Sports,Central,1,13666.51,13666.51,2694.18
ORD010104,2025-12-27,Tablet,Electronics,South,5,64376.61,321883.05,51668.45
ORD005402,2025-12-27,Sofa,Furniture,West,2,3870.32,7740.64,1868.22
ORD007902,2025-12-27,Tablet,Electronics,South,1,48948.41,48948.41,6568.7
ORD000009,2025-12-27,Shoes,Clothing,South,1,1729.94,1729.94,572.94
ORD000566,2025-12-27,Shoes,Clothing,North,3,3700.07,11100.21,3596.12
ORD002054,2025-12-27,Headphones,Electronics,North,2,77501.8,155003.6,13338.06
ORD002252,2025-12-27,Spices Pack,Groceries,North,1,647.55,647.55,32.8
ORD009017,2025-12-27,Yoga Mat,Sports,North,4,10657.35,42629.4,8552.18
ORD012373,2025-12-27,Smartwatch,Electronics,Central,6,57734.48,346406.88,53064.43
ORD000500,2025-12-27,Sofa,Furniture,North,1,28606.65,28606.65,4774.47
ORD003298,2025-12-27,Dairy Bundle,Groceries,East,1,1523.1,1523.1,117.63
ORD011792,2025-12-27,Rice,Groceries,North,1,1530.04,1530.04,143.47
ORD008965,2025-12-27,Cooking Oil,Groceries,Central,4,851.48,3405.92,461.06
ORD007414,2025-12-27,Wardrobe,Furniture,East,5,16215.15,81075.75,16528.59
ORD012433,2025-12-28,Spices Pack,Groceries,South,1,546.19,546.19,43.33
ORD007977,2025-12-28,Jacket,Clothing,East,1,1872.93,1872.93,524.21
ORD000159,2025-12-28,Tablet,Electronics,West,5,37444.61,187223.05,18871.21
ORD008153,2025-12-28,Jacket,Clothing,East,2,3282.06,6564.12,2282.77
ORD008134,2025-12-28,Badminton Kit,Sports,South,8,14359.27,114874.16,30561.84
ORD007555,2025-12-28,Smartphone,Electronics,North,6,49976.47,299858.82,29280.73
ORD007606,2025-12-28,Rice,Groceries,West,2,1825.49,3650.98,378.06
ORD004857,2025-12-28,Wardrobe,Furniture,East,8,9217.15,73737.2,9878.16
ORD005089,2025-12-28,Shoes,Clothing,Central,2,3884.47,7768.94,2383.98
ORD000973,2025-12-28,Headphones,Electronics,Central,1,64780.28,64780.28,9203.48
ORD011859,2025-12-28,Tablet,Electronics,West,4,64401.3,257605.2,27537.6
ORD011867,2025-12-28,Tablet,Electronics,West,3,35305.36,105916.08,18423.85
ORD006077,2025-12-28,Dairy Bundle,Groceries,East,5,362.25,1811.25,212.53
ORD004976,2025-12-28,T-Shirt,Clothing,North,3,2708.41,8125.23,2991.53
ORD004289,2025-12-28,Desk,Furniture,East,2,20973.11,41946.22,5281.99
ORD004358,2025-12-28,Jacket,Clothing,South,4,4478.86,55532.87,22841.02
ORD002787,2025-12-28,Wardrobe,Furniture,North,2,25011.5,50023.0,9851.85
ORD010761,2025-12-28,Bookshelf,Furniture,West,1,2883.67,2883.67,710.98
ORD001287,2025-12-28,Spices Pack,Groceries,South,2,710.84,1421.68,138.82
ORD004766,2025-12-28,Dumbbell Set,Sports,South,8,1634.98,13079.84,4403.76
ORD003482,2025-12-28,Wardrobe,Furniture,South,6,28703.7,172222.2,33810.07
ORD001339,2025-12-28,Badminton Kit,Sports,North,1,5832.9,5832.9,942.7
ORD006695,2025-12-28,Cycle,Sports,West,1,9590.29,9590.29,1771.9
ORD008414,2025-12-28,Dumbbell Set,Sports,Central,1,9016.64,9016.64,1409.01
ORD012096,2025-12-28,T-Shirt,Clothing,North,4,2977.82,11911.28,4489.23
ORD011024,2025-12-28,Chair,Furniture,North,5,6552.42,32762.1,4076.42
ORD005405,2025-12-28,Badminton Kit,Sports,North,4,11757.67,47030.68,12659.97
ORD005394,2025-12-28,Snacks,Groceries,Central,2,517.98,1035.96,52.71
ORD011214,2025-12-28,Smartwatch,Electronics,West,4,51876.49,207505.96,31889.9
ORD001926,2025-12-28,Dumbbell Set,Sports,East,2,6556.17,13112.34,2272.0
ORD001699,2025-12-28,Jacket,Clothing,North,5,4179.45,20897.25,8593.32
ORD002501,2025-12-28,Laptop,Electronics,East,2,36341.76,72683.52,9944.0
ORD009577,2025-12-29,Headphones,Electronics,East,3,15937.6,47812.8,5368.61
ORD009566,2025-12-29,Smartphone,Electronics,East,5,25302.01,126510.05,19807.15
ORD004386,2025-12-29,Bookshelf,Furniture,South,4,9132.17,36528.68,5095.27
ORD004896,2025-12-29,Snacks,Groceries,South,3,580.42,1741.26,177.16
ORD007402,2025-12-29,Rice,Groceries,Central,3,1886.66,5659.98,362.58
ORD004272,2025-12-29,Yoga Mat,Sports,North,4,12161.79,48647.16,13710.28
ORD010342,2025-12-29,Wardrobe,Furniture,West,4,15388.63,61554.52,11175.5
ORD007504,2025-12-29,Jeans,Clothing,North,5,1511.96,7559.8,2580.54
ORD003433,2025-12-29,Headphones,Electronics,West,4,46329.94,185319.76,21571.91
ORD000070,2025-12-29,Bookshelf,Furniture,North,2,12181.63,24363.26,5987.69
ORD003247,2025-12-29,Jacket,Clothing,North,1,2230.84,2230.84,567.58
ORD003033,2025-12-29,Dumbbell Set,Sports,South,2,3955.89,7911.78,2443.09
ORD010742,2025-12-29,Dumbbell Set,Sports,South,1,1766.55,1766.55,518.56
ORD010812,2025-12-29,Bookshelf,Furniture,North,3,25709.48,77128.44,14319.22
ORD011006,2025-12-29,Chair,Furniture,North,2,29460.8,58921.6,12128.14
ORD001404,2025-12-29,Jacket,Clothing,East,2,3859.36,7718.72,1855.72
ORD002325,2025-12-29,Laptop,Electronics,East,3,70859.11,212577.33,21313.64
ORD007774,2025-12-29,Snacks,Groceries,South,5,1322.9,6614.5,491.93
ORD011088,2025-12-29,Cycle,Sports,North,2,11798.79,23597.58,6565.25
ORD001694,2025-12-29,Cycle,Sports,Central,3,4029.25,12087.75,3160.55
ORD001071,2025-12-29,Yoga Mat,Sports,Central,6,12376.42,74258.52,19170.49
ORD011743,2025-12-29,Spices Pack,Groceries,Central,8,644.28,5154.24,401.43
ORD001639,2025-12-29,T-Shirt,Clothing,East,4,4263.63,17054.52,5479.17
ORD006694,2025-12-29,Running Shoes,Sports,North,8,9306.67,74453.36,13925.24
ORD006021,2025-12-29,Tablet,Electronics,North,4,52892.56,211570.24,26007.49
ORD005736,2025-12-29,Smartphone,Electronics,East,3,12218.54,36655.62,3880.28
ORD005815,2025-12-29,Wardrobe,Furniture,South,1,11600.98,11600.98,1888.12
ORD000521,2025-12-29,Chair,Furniture,North,1,17105.76,76791.84,16787.35
ORD005559,2025-12-29,Dress,Clothing,East,4,4662.62,18650.48,6195.71
ORD006432,2025-12-29,Tablet,Electronics,West,2,45446.48,90892.96,11641.93
ORD012348,2025-12-29,Smartphone,Electronics,North,1,57262.24,57262.24,5563.58
ORD006464,2025-12-29,Jacket,Clothing,West,6,2370.52,14223.12,4691.68
ORD003480,2025-12-30,Jeans,Clothing,East,1,3602.36,3602.36,1581.42
ORD003360,2025-12-30,Shoes,Clothing,Central,1,1384.45,4678.89,1276.4
ORD002413,2025-12-30,Dress,Clothing,Central,5,2859.41,14297.05,3430.86
ORD005074,2025-12-30,Yoga Mat,Sports,Central,4,11866.92,47467.68,12049.96
ORD003421,2025-12-30,Running Shoes,Sports,East,1,13763.87,13763.87,2524.16
ORD011022,2025-12-30,Yoga Mat,Sports,East,1,10854.78,10854.78,2559.89
ORD007479,2025-12-30,Dress,Clothing,Central,1,4478.5,4478.5,1831.47
ORD006625,2025-12-30,Spices Pack,Groceries,South,1,1203.45,1203.45,118.38
ORD012189,2025-12-30,Jacket,Clothing,Central,3,3018.7,9056.1,2332.01
ORD003194,2025-12-30,Smartphone,Electronics,East,8,48122.13,384977.04,65105.9
ORD006195,2025-12-30,Smartphone,Electronics,East,1,77013.17,77013.17,8571.34
ORD010521,2025-12-30,T-Shirt,Clothing,South,3,3622.75,10868.25,3745.39
ORD001162,2025-12-30,Wardrobe,Furniture,West,3,19021.35,57064.05,8354.51
ORD012231,2025-12-30,Dumbbell Set,Sports,North,6,10829.62,323792.47,89291.59
ORD011688,2025-12-30,Snacks,Groceries,West,1,394.61,394.61,41.04
ORD010678,2025-12-30,Dumbbell Set,Sports,Central,2,4211.94,8423.88,1514.63
ORD011602,2025-12-30,Dress,Clothing,West,1,4692.46,4692.46,1277.88
ORD008474,2025-12-30,T-Shirt,Clothing,East,3,4390.43,13171.29,5727.64
ORD007589,2025-12-30,Spices Pack,Groceries,North,4,720.84,2883.36,227.65
ORD006468,2025-12-30,Badminton Kit,Sports,East,5,10040.29,50201.45,14736.36
ORD006092,2025-12-30,Dairy Bundle,Groceries,West,8,1144.98,9159.84,836.67
ORD010325,2025-12-30,Cooking Oil,Groceries,South,2,119.33,238.66,28.53
ORD006031,2025-12-30,Headphones,Electronics,North,1,76565.7,76565.7,13411.19
ORD012403,2025-12-30,Wardrobe,Furniture,North,6,19446.62,116679.72,25305.62
ORD011253,2025-12-30,Badminton Kit,Sports,Central,1,5732.32,5732.32,1571.29
ORD006932,2025-12-30,Laptop,Electronics,South,1,30017.79,30017.79,5588.6
ORD000616,2025-12-30,Chair,Furniture,East,2,27034.78,54069.56,7271.99
ORD005578,2025-12-30,Rice,Groceries,East,1,1680.88,1680.88,136.12
ORD005620,2025-12-30,Bookshelf,Furniture,Central,2,14949.84,29899.68,4243.25
ORD010315,2025-12-30,Snacks,Groceries,West,3,1903.39,5710.17,824.37
ORD004173,2025-12-30,Running Shoes,Sports,North,2,14537.05,29074.1,8739.59
ORD005802,2025-12-30,Shoes,Clothing,West,2,4764.79,9529.58,3825.26
ORD008955,2025-12-30,Sofa,Furniture,Central,7,18199.68,127397.76,21586.35
ORD006768,2025-12-30,Shoes,Clothing,South,2,2465.12,4930.24,1296.36
ORD008477,2025-12-30,Cooking Oil,Groceries,Central,2,1322.92,2645.84,389.53
ORD012307,2025-12-30,Desk,Furniture,Central,1,16883.03,16883.03,3276.72
ORD003968,2025-12-30,Bookshelf,Furniture,West,4,9350.24,37400.96,4423.91
ORD004129,2025-12-30,Spices Pack,Groceries,West,3,578.45,1735.35,257.01
ORD010043,2025-12-30,Smartwatch,Electronics,South,2,14063.37,28126.74,4021.75
ORD005918,2025-12-30,Tablet,Electronics,Central,3,46390.45,139171.35,12804.84
ORD004104,2025-12-30,Spices Pack,Groceries,North,1,341.36,341.36,19.07
ORD004096,2025-12-30,Tablet,Electronics,Central,3,70884.18,212652.54,27091.69
ORD002671,2025-12-30,Sofa,Furniture,South,1,24699.14,24699.14,5983.5
ORD002202,2025-12-31,Desk,Furniture,West,6,8883.73,53302.38,8193.69
ORD002180,2025-12-31,Smartwatch,Electronics,East,3,49155.75,147467.25,15068.29
ORD000262,2025-12-31,Shoes,Clothing,North,4,4858.6,19434.4,7978.4
ORD008377,2025-12-31,Jacket,Clothing,West,6,1208.21,7249.26,2307.72
ORD011298,2025-12-31,Shoes,Clothing,Central,2,2685.03,5370.06,1127.17
ORD007090,2025-12-31,Chair,Furniture,North,3,4164.22,12492.66,1732.49
ORD007032,2025-12-31,Desk,Furniture,East,4,16401.14,65604.56,11221.9
ORD009448,2025-12-31,Dairy Bundle,Groceries,Central,4,671.19,2684.76,313.38
ORD011662,2025-12-31,Dumbbell Set,Sports,North,3,2608.53,7825.59,2253.14
ORD000700,2025-12-31,Shoes,Clothing,East,4,3200.58,12802.32,4822.56
ORD009250,2025-12-31,Smartwatch,Electronics,East,1,17356.75,17356.75,1659.98
ORD004875,2025-12-31,Bookshelf,Furniture,Central,2,3009.05,6018.1,1443.84
ORD009526,2025-12-31,Badminton Kit,Sports,Central,4,2653.9,10615.6,1601.63
ORD004823,2025-12-31,Sofa,Furniture,West,2,12538.85,25077.7,5036.59
ORD009557,2025-12-31,Chair,Furniture,North,3,17102.49,51307.47,8056.09
ORD004733,2025-12-31,T-Shirt,Clothing,Central,3,4121.96,12365.88,5424.41
ORD004620,2025-12-31,Sofa,Furniture,Central,4,15894.15,63576.6,12937.5
ORD009822,2025-12-31,Bookshelf,Furniture,East,4,16861.26,67445.04,11635.64
ORD007072,2025-12-31,Cycle,Sports,West,2,8291.69,16583.38,4043.84
ORD004124,2025-12-31,Smartphone,Electronics,Central,2,23561.78,47123.56,7111.16
ORD010185,2025-12-31,Wardrobe,Furniture,Central,3,2070.61,6211.83,970.65
ORD003648,2025-12-31,Bookshelf,Furniture,South,5,6499.97,32499.85,8019.01
ORD008142,2025-12-31,Jacket,Clothing,West,2,4098.12,8196.24,2589.58
ORD006026,2025-12-31,Laptop,Electronics,Central,1,27999.01,27999.01,3348.06
ORD003466,2025-12-31,Dress,Clothing,North,1,1806.65,1806.65,403.57
ORD007126,2025-12-31,Sofa,Furniture,South,6,4723.12,28338.72,6470.98
ORD006548,2025-12-31,Snacks,Groceries,Central,1,1822.81,1822.81,272.99
ORD008202,2025-12-31,Cycle,Sports,East,1,6740.69,6740.69,1622.94
